tract_geoid,tract_name,county_fips,total_population_2024,total_population_moe_2024,land_area_square_meters,water_area_square_meters
06001442700,Census Tract 4427,001,3068,553,1234016,0
06001442800,Census Tract 4428,001,3041,384,1278646,0
06037204920,Census Tract 2049.20,037,2274,358,909972,0
06037205110,Census Tract 2051.10,037,3501,438,286962,0
06037205120,Census Tract 2051.20,037,3252,673,1466242,0
06037206010,Census Tract 2060.10,037,3392,593,1418137,20551
06037206020,Census Tract 2060.20,037,7629,304,843243,30290
06037206050,Census Tract 2060.50,037,2340,545,1643425,141255
06037111402,Census Tract 1114.02,037,5888,968,971230,0
06037111303,Census Tract 1113.03,037,4424,572,1563907,0
06037104321,Census Tract 1043.21,037,2749,583,519857,0
06037104322,Census Tract 1043.22,037,1778,272,692312,0
06037108203,Census Tract 1082.03,037,3074,329,1372380,0
06037320101,Census Tract 3201.01,037,3385,495,680504,0
06037920121,Census Tract 9201.21,037,11359,985,12198712,2149
06037231901,Census Tract 2319.01,037,2820,1019,244763,0
06037232402,Census Tract 2324.02,037,3155,401,543260,0
06037135204,Census Tract 1352.04,037,4915,764,1857531,0
06037460101,Census Tract 4601.01,037,5204,865,5682185,16289
06037132302,Census Tract 1323.02,037,2904,753,647601,0
06037135115,Census Tract 1351.15,037,4309,528,331039,2486
06037132301,Census Tract 1323.01,037,3604,634,631000,0
06037134907,Census Tract 1349.07,037,4209,1011,391494,0
06037119003,Census Tract 1190.03,037,3417,678,842110,9604
06037111401,Census Tract 1114.01,037,2287,344,840800,0
06037103401,Census Tract 1034.01,037,2522,410,1401638,0
06037207400,Census Tract 2074,037,2598,502,862957,6458
06001442900,Census Tract 4429,001,7783,949,2066523,0
06037192410,Census Tract 1924.10,037,4334,748,683899,0
06037192510,Census Tract 1925.10,037,4005,693,340747,0
06037192520,Census Tract 1925.20,037,4836,538,307803,0
06037192610,Census Tract 1926.10,037,4070,550,415408,0
06037192700,Census Tract 1927,037,3018,554,531211,0
06037194500,Census Tract 1945,037,2120,232,685341,0
06037195100,Census Tract 1951,037,4871,565,1566301,329063
06037195300,Census Tract 1953,037,2990,409,580349,0
06095252204,Census Tract 2522.04,095,5874,902,52839593,851127
06095252203,Census Tract 2522.03,095,4299,379,39811222,78902
06095253501,Census Tract 2535.01,095,6523,1082,367197240,17247936
06095252205,Census Tract 2522.05,095,8310,813,35360079,444610
06095252206,Census Tract 2522.06,095,5955,1148,18384642,50178
06095253207,Census Tract 2532.07,095,2606,543,4136566,12208
06095253502,Census Tract 2535.02,095,4953,548,209950826,11633503
06095253208,Census Tract 2532.08,095,4574,860,1568882,0
06001443001,Census Tract 4430.01,001,2802,343,768730,0
06001443002,Census Tract 4430.02,001,6487,734,1580326,0
06001443102,Census Tract 4431.02,001,4593,496,2367415,0
06001443301,Census Tract 4433.01,001,4053,483,1556745,0
06037137501,Census Tract 1375.01,037,5304,788,2514414,0
06037137502,Census Tract 1375.02,037,4580,573,2090222,0
06001444100,Census Tract 4441,001,6846,845,2955571,60526
06001444200,Census Tract 4442,001,6185,730,2069720,0
06037195500,Census Tract 1955,037,5111,744,1215212,0
06037195600,Census Tract 1956,037,2868,508,527583,0
06037195710,Census Tract 1957.10,037,3971,440,483410,0
06037195720,Census Tract 1957.20,037,1745,219,288980,0
06001444400,Census Tract 4444,001,4767,737,1027755,0
06037195802,Census Tract 1958.02,037,2864,380,402524,0
06001444500,Census Tract 4445,001,6644,776,1959283,0
06001450200,Census Tract 4502,001,5916,636,1612601,0
06001450300,Census Tract 4503,001,4988,547,3133641,0
06105000500,Census Tract 5,105,4452,710,3706834372,4577022
06037137504,Census Tract 1375.04,037,1858,306,3837562,0
06037138000,Census Tract 1380,037,4499,519,4472196,0
06037139200,Census Tract 1392,037,5616,693,1152028,0
06087120901,Census Tract 1209.01,087,3575,511,18372491,0
06087120902,Census Tract 1209.02,087,4718,511,6474889,0
06087121601,Census Tract 1216.01,087,3464,560,1171521,1165471
06087122401,Census Tract 1224.01,087,2430,407,69996988,52281
06087121602,Census Tract 1216.02,087,2529,361,882923,784189
06087110503,Census Tract 1105.03,087,3189,365,958946,0
06087110506,Census Tract 1105.06,087,3265,456,798198,0
06087110202,Census Tract 1102.02,087,3969,764,2351625,0
06087110505,Census Tract 1105.05,087,5016,784,1042808,0
06087110201,Census Tract 1102.01,087,3176,974,609672,0
06087110302,Census Tract 1103.02,087,3209,548,442380,0
06087110301,Census Tract 1103.01,087,4096,763,742486,0
06087110401,Census Tract 1104.01,087,3385,563,3940445,0
06087121701,Census Tract 1217.01,087,4409,418,1213469,0
06087121702,Census Tract 1217.02,087,3406,585,1424532,0
06087110102,Census Tract 1101.02,087,4333,851,1090835,0
06087110601,Census Tract 1106.01,087,4692,851,1730342,0
06087122205,Census Tract 1222.05,087,3103,452,2677267,2066146
06087100801,Census Tract 1008.01,087,3988,1048,1132453,0
06087101002,Census Tract 1010.02,087,4366,758,1215116,834526
06087121802,Census Tract 1218.02,087,2273,349,988226,0
06067002300,Census Tract 23,067,3306,397,1213095,0
06067002400,Census Tract 24,067,4878,799,3224718,0
06037143200,Census Tract 1432,037,4367,655,957092,0
06037201301,Census Tract 2013.01,037,3215,745,866189,0
06037201302,Census Tract 2013.02,037,4108,546,991726,0
06037201401,Census Tract 2014.01,037,4131,644,1279501,28686
06037201402,Census Tract 2014.02,037,4143,698,1941232,0
06037236001,Census Tract 2360.01,037,4362,619,2134409,68544
06037236102,Census Tract 2361.02,037,3638,778,498051,0
06037409100,Census Tract 4091,037,5449,629,1557420,0
06037234301,Census Tract 2343.01,037,1984,435,503984,0
06037231601,Census Tract 2316.01,037,2299,580,319388,0
06037231603,Census Tract 2316.03,037,3067,482,320263,0
06037234001,Census Tract 2340.01,037,2522,544,677242,0
06037236205,Census Tract 2362.05,037,2979,357,166993,0
06037206051,Census Tract 2060.51,037,1751,401,3681803,48976
06037231301,Census Tract 2313.01,037,2920,489,233928,0
06037231302,Census Tract 2313.02,037,2933,649,423524,0
06037532607,Census Tract 5326.07,037,5048,609,1103721,902
06037275604,Census Tract 2756.04,037,9869,1161,1550434,0
06037530007,Census Tract 5300.07,037,6369,671,4850739,5565
06037271804,Census Tract 2718.04,037,2402,306,348810,0
06037551002,Census Tract 5510.02,037,4350,765,971988,0
06037502700,Census Tract 5027,037,7159,652,6945743,0
06037502901,Census Tract 5029.01,037,5432,706,1247226,0
06037550801,Census Tract 5508.01,037,5120,883,1587080,0
06037502604,Census Tract 5026.04,037,3630,585,851708,130302
06037276608,Census Tract 2766.08,037,1819,334,360279,0
06037550502,Census Tract 5505.02,037,4226,526,1748455,28328
06037276102,Census Tract 2761.02,037,3429,573,658635,0
06037408707,Census Tract 4087.07,037,6839,775,4950382,1898
06037275312,Census Tract 2753.12,037,1795,239,783490,38298
06037275605,Census Tract 2756.05,037,2915,382,970244,70158
06037533108,Census Tract 5331.08,037,4824,455,645420,0
06037276101,Census Tract 2761.01,037,3441,588,326325,0
06047002403,Census Tract 24.03,047,2554,663,22908868,0
06047002404,Census Tract 24.04,047,5116,674,5175171,0
06047000404,Census Tract 4.04,047,4480,811,83809746,1122411
06047001007,Census Tract 10.07,047,5575,679,7311961,0
06047002305,Census Tract 23.05,047,5833,866,2009165,0
06047002203,Census Tract 22.03,047,5273,737,8215696,0
06047002303,Census Tract 23.03,047,7132,1087,6123166,0
06047002002,Census Tract 20.02,047,7262,645,192152461,2093054
06047002306,Census Tract 23.06,047,2951,436,1132517,0
06047002601,Census Tract 26.01,047,3125,438,26121787,0
06047000305,Census Tract 3.05,047,6611,723,4268714,0
06047002304,Census Tract 23.04,047,2813,408,25690244,761040
06047002001,Census Tract 20.01,047,1061,305,393138949,19015748
06047000904,Census Tract 9.04,047,5511,1059,8626477,0
06047000903,Census Tract 9.03,047,4329,731,13055749,68353
06047001008,Census Tract 10.08,047,8044,1153,7656992,0
06047001604,Census Tract 16.04,047,4425,616,5812575,0
06047000204,Census Tract 2.04,047,4971,727,2558497,0
06047002602,Census Tract 26.02,047,4689,837,20080527,0
06047002204,Census Tract 22.04,047,7070,1657,4384915,0
06047000403,Census Tract 4.03,047,4192,697,34846899,13083
06047001006,Census Tract 10.06,047,4742,637,1923400,0
06047000205,Census Tract 2.05,047,4860,717,2200906,0
06037139301,Census Tract 1393.01,037,4067,751,2865657,0
06037139302,Census Tract 1393.02,037,5394,804,338289,0
06037139502,Census Tract 1395.02,037,3336,450,1047549,0
06037139600,Census Tract 1396,037,5047,608,2477482,0
06037139701,Census Tract 1397.01,037,5166,710,3396397,2411
06037139801,Census Tract 1398.01,037,3631,581,3666763,0
06013324002,Census Tract 3240.02,013,4931,611,2027097,0
06013320004,Census Tract 3200.04,013,6401,726,5911930,20167
06013336201,Census Tract 3362.01,013,3624,489,1240588,0
06013338203,Census Tract 3382.03,013,5620,557,1577045,0
06013338204,Census Tract 3382.04,013,6523,691,2649159,15822
06013345204,Census Tract 3452.04,013,3212,336,14656887,5258
06013345203,Census Tract 3452.03,013,7686,848,26933241,0
06013345112,Census Tract 3451.12,013,8221,742,8496394,0
06013345113,Census Tract 3451.13,013,4859,545,5433439,0
06037143500,Census Tract 1435,037,5377,686,1191719,46468
06037181000,Census Tract 1810,037,5831,821,4108343,30513
06037181500,Census Tract 1815,037,3846,524,1094349,0
06037181600,Census Tract 1816,037,4251,425,1250035,0
06037183101,Census Tract 1831.01,037,3247,360,967955,0
06001441402,Census Tract 4414.02,001,5183,648,1662787,0
06001441501,Census Tract 4415.01,001,5389,638,2858378,0
06001441521,Census Tract 4415.21,001,5937,616,1623727,0
06001441522,Census Tract 4415.22,001,5090,661,1315100,0
06001441601,Census Tract 4416.01,001,4709,528,1296669,0
06037406103,Census Tract 4061.03,037,7285,957,2209499,0
06037920339,Census Tract 9203.39,037,10017,1349,33931849,203805
06037482521,Census Tract 4825.21,037,5261,725,1545510,685
06067001102,Census Tract 11.02,067,1871,362,395485,0
06067001201,Census Tract 12.01,067,2632,258,395405,0
06067006902,Census Tract 69.02,067,3523,1101,1575257,0
06067006802,Census Tract 68.02,067,2137,491,589039,0
06067001103,Census Tract 11.03,067,1441,267,1174182,0
06001441602,Census Tract 4416.02,001,7252,971,1682081,0
06037183220,Census Tract 1832.20,037,2956,338,535234,0
06037183300,Census Tract 1833,037,2812,417,541305,0
06037183510,Census Tract 1835.10,037,2377,332,500438,0
06037183520,Census Tract 1835.20,037,3649,644,427707,0
06037183610,Census Tract 1836.10,037,2694,293,378643,0
06037192300,Census Tract 1923,037,2606,437,879493,0
06001441800,Census Tract 4418,001,6556,1035,2037722,0
06001441921,Census Tract 4419.21,001,3814,493,846804,0
06037195400,Census Tract 1954,037,4306,574,1030345,0
06113010104,Census Tract 101.04,113,6192,1290,2160016,205177
06113010610,Census Tract 106.10,113,3735,585,1666340,0
06113011208,Census Tract 112.08,113,8583,669,173344358,766473
06113011301,Census Tract 113.01,113,2236,510,281773703,378696
06113010313,Census Tract 103.13,113,4961,451,2907711,191381
06113010103,Census Tract 101.03,113,5388,897,2236399,174783
06113010105,Census Tract 101.05,113,1759,419,1069367,54309
06113010315,Census Tract 103.15,113,1281,267,3830258,229910
06001441923,Census Tract 4419.23,001,5915,815,1509388,0
06001442100,Census Tract 4421,001,5064,674,1858816,0
06001442400,Census Tract 4424,001,6227,893,1582838,0
06037183820,Census Tract 1838.20,037,3707,551,308653,0
06037185202,Census Tract 1852.02,037,4198,883,1205737,0
06037185310,Census Tract 1853.10,037,2908,480,421083,0
06037405101,Census Tract 4051.01,037,5403,932,1121229,0
06037185320,Census Tract 1853.20,037,2692,444,556162,0
06037481603,Census Tract 4816.03,037,3711,412,655706,0
06037481001,Census Tract 4810.01,037,4282,702,1049648,0
06037404600,Census Tract 4046,037,1377,163,22853908,2037701
06037800406,Census Tract 8004.06,037,2018,347,90972482,3993989
06037800410,Census Tract 8004.10,037,3815,193,37073474,1363468
06037800504,Census Tract 8005.04,037,2049,429,21592238,3270476
06037800506,Census Tract 8005.06,037,2987,625,26495803,2840764
06067009409,Census Tract 94.09,067,4560,336,4519058,0
06067009643,Census Tract 96.43,067,6295,1059,2232562,0
06067007604,Census Tract 76.04,067,3874,748,1428039,0
06067009652,Census Tract 96.52,067,6235,484,10226696,0
06067009336,Census Tract 93.36,067,4306,663,58878205,112446
06067007111,Census Tract 71.11,067,4543,788,1103046,0
06067009647,Census Tract 96.47,067,6292,623,1555682,0
06067001702,Census Tract 17.02,067,4007,555,2344238,0
06067009649,Census Tract 96.49,067,5485,993,1890613,0
06067009648,Census Tract 96.48,067,3935,1178,1079100,0
06067009650,Census Tract 96.50,067,2977,388,2579482,0
06067008803,Census Tract 88.03,067,2203,461,13694729,0
06067009333,Census Tract 93.33,067,2603,425,878682,0
06067004018,Census Tract 40.18,067,3143,902,894029,0
06067004017,Census Tract 40.17,067,2459,304,979870,0
06067004908,Census Tract 49.08,067,5445,880,1458335,0
06067007023,Census Tract 70.23,067,4711,818,1269957,0
06067007439,Census Tract 74.39,067,4918,845,1866245,0
06067008601,Census Tract 86.01,067,5584,964,30924174,697827
06067004301,Census Tract 43.01,067,5772,1234,1111834,0
06067001202,Census Tract 12.02,067,2070,485,280664,0
06067001701,Census Tract 17.01,067,1859,403,1176165,0
06067004020,Census Tract 40.20,067,2272,493,770849,0
06067004302,Census Tract 43.02,067,4571,547,2666561,0
06067009642,Census Tract 96.42,067,1739,245,558768,0
06067006704,Census Tract 67.04,067,3615,568,1229315,0
06067007024,Census Tract 70.24,067,1851,277,692371,0
06067009644,Census Tract 96.44,067,3530,523,1345790,206655
06067009410,Census Tract 94.10,067,6610,1017,2977224,0
06067007025,Census Tract 70.25,067,2949,422,1234278,0
06067004604,Census Tract 46.04,067,5215,863,1546499,0
06067007026,Census Tract 70.26,067,6023,1392,3898038,349633
06067007110,Census Tract 71.10,067,4795,1177,1135569,28054
06067009334,Census Tract 93.34,067,5791,823,2407166,0
06067009646,Census Tract 96.46,067,3699,1000,1154855,0
06067008707,Census Tract 87.07,067,7011,759,4306941,0
06067008708,Census Tract 87.08,067,4569,307,18504525,217316
06067007108,Census Tract 71.08,067,6463,648,2829484,0
06067009651,Census Tract 96.51,067,5493,629,2204956,0
06067007436,Census Tract 74.36,067,2340,402,2165183,0
06067004907,Census Tract 49.07,067,2424,511,317009,0
06067007028,Census Tract 70.28,067,5386,650,2292798,91922
06067004910,Census Tract 49.10,067,4543,1116,858043,0
06067005003,Census Tract 50.03,067,4309,396,1563753,0
06067007022,Census Tract 70.22,067,2963,475,506402,0
06067009641,Census Tract 96.41,067,4176,710,2046398,0
06067009645,Census Tract 96.45,067,4254,535,1571896,68118
06067004909,Census Tract 49.09,067,2638,310,861168,0
06067008706,Census Tract 87.06,067,2083,194,61003008,0
06067008602,Census Tract 86.02,067,1832,309,285046157,381345
06001440337,Census Tract 4403.37,001,2679,496,1134112,0
06001440338,Census Tract 4403.38,001,3917,840,865406,0
06001451103,Census Tract 4511.03,001,1354,493,60250500,0
06001432602,Census Tract 4326.02,001,3091,440,613212,0
06001451104,Census Tract 4511.04,001,6474,1011,492034442,5503316
06001441928,Census Tract 4419.28,001,4003,529,2533680,253509
06001441929,Census Tract 4419.29,001,3287,459,482755,0
06001441701,Census Tract 4417.01,001,3490,516,1101467,0
06001444304,Census Tract 4443.04,001,7508,868,16787478,0
06001441525,Census Tract 4415.25,001,3328,429,4661895,0
06001436301,Census Tract 4363.01,001,5422,734,1057644,0
06001450400,Census Tract 4504,001,7551,852,3148410,0
06037186401,Census Tract 1864.01,037,2555,433,963513,0
06113011304,Census Tract 113.04,113,1614,368,842947,37578
06113010609,Census Tract 106.09,113,2380,221,947813,0
06113010611,Census Tract 106.11,113,1620,221,481697,0
06113011302,Census Tract 113.02,113,3769,444,3583630,0
06113011211,Census Tract 112.11,113,1927,548,431147,0
06113010314,Census Tract 103.14,113,2436,377,2974652,83360
06113011207,Census Tract 112.07,113,2586,340,96502079,0
06113011210,Census Tract 112.10,113,2476,330,718043,0
06113011209,Census Tract 112.09,113,3592,479,1419667,0
06113011303,Census Tract 113.03,113,1615,422,2245072,57119
06037197200,Census Tract 1972,037,3505,480,744116,32985
06037197300,Census Tract 1973,037,3792,477,654245,0
06039000511,Census Tract 5.11,039,7019,1283,5677448,0
06039000110,Census Tract 1.10,039,4716,1003,121912309,299317
06039000517,Census Tract 5.17,039,2191,565,93185815,0
06039000901,Census Tract 9.01,039,3074,818,1401414,0
06039000802,Census Tract 8.02,039,3886,982,1784448,0
06039000801,Census Tract 8.01,039,2310,397,1020241,0
06039000903,Census Tract 9.03,039,4182,732,1001469,0
06039000516,Census Tract 5.16,039,2626,623,11100018,0
06039000515,Census Tract 5.15,039,3845,747,9580316,0
06031000402,Census Tract 4.02,031,6538,835,66377439,0
06031001601,Census Tract 16.01,031,4061,683,1699007789,2105941
06031001300,Census Tract 13,031,4707,771,45574888,0
06031000200,Census Tract 2,031,2130,318,162714081,15365
06031000100,Census Tract 1,031,2934,409,255205740,75237
06045010601,Census Tract 106.01,045,2995,486,268680253,466551
06031001200,Census Tract 12,031,2444,331,397721534,189281
06045011003,Census Tract 110.03,045,3379,668,70338107,3008957
06045011004,Census Tract 110.04,045,2199,371,182626084,7769102
06031000403,Census Tract 4.03,031,5228,621,4567982,0
06045010602,Census Tract 106.02,045,4691,913,473482139,143510
06045011502,Census Tract 115.02,045,2856,400,3639924,18655
06045011501,Census Tract 115.01,045,3567,710,1597002,0
06001441702,Census Tract 4417.02,001,5046,562,1128742,0
06001433801,Census Tract 4338.01,001,3141,576,600344,0
06001433802,Census Tract 4338.02,001,4079,670,934045,0
06001436302,Census Tract 4363.02,001,3712,458,773495,0
06001436403,Census Tract 4364.03,001,4151,787,1585686,0
06001436404,Census Tract 4364.04,001,3440,502,1573797,0
06001442502,Census Tract 4425.02,001,3892,826,971665,0
06001442501,Census Tract 4425.01,001,3204,704,983968,0
06001450609,Census Tract 4506.09,001,4827,500,2688381,0
06001450608,Census Tract 4506.08,001,3985,571,3513932,0
06001444303,Census Tract 4443.03,001,0,14,5643025,0
06001432601,Census Tract 4326.01,001,3978,706,1060237,0
06001403401,Census Tract 4034.01,001,2724,356,549686,602434
06001403402,Census Tract 4034.02,001,998,193,99215,0
06001403302,Census Tract 4033.02,001,2819,316,719239,104126
06001982100,Census Tract 9821,001,1104,42,1695361,0
06001420302,Census Tract 4203.02,001,2322,328,870122,1109281
06001402801,Census Tract 4028.01,001,2891,556,291472,0
06001402802,Census Tract 4028.02,001,1602,236,118446,0
06001420401,Census Tract 4204.01,001,1406,203,200055,0
06001403301,Census Tract 4033.01,001,1900,310,196598,0
06001422902,Census Tract 4229.02,001,2214,598,385452,0
06001422901,Census Tract 4229.01,001,1768,552,158830,0
06001420402,Census Tract 4204.02,001,1596,261,920050,1632801
06001420301,Census Tract 4203.01,001,2381,341,415655,0
06037197410,Census Tract 1974.10,037,4014,564,1393312,0
06047001603,Census Tract 16.03,047,4152,783,2632143,0
06047000306,Census Tract 3.06,047,3306,616,2903789,0
06007002402,Census Tract 24.02,007,2314,474,598851569,20900226
06007002401,Census Tract 24.01,007,902,164,507745337,24314366
06007001601,Census Tract 16.01,007,2188,744,263207966,49091
06007001602,Census Tract 16.02,007,3721,510,295305270,135907
06007000404,Census Tract 4.04,007,3682,423,4461847,0
06007000403,Census Tract 4.03,007,3372,403,1771441,0
06037197420,Census Tract 1974.20,037,3445,414,615577,0
06037197500,Census Tract 1975,037,3790,460,581662,58811
06037197600,Census Tract 1976,037,2352,483,388305,0
06037197700,Census Tract 1977,037,4690,527,701770,0
06031000405,Census Tract 4.05,031,7435,787,4496376,0
06031000500,Census Tract 5,031,5109,750,31428439,0
06031000602,Census Tract 6.02,031,5815,660,2630039,0
06031000701,Census Tract 7.01,031,5727,691,3393110,0
06031000702,Census Tract 7.02,031,4746,555,4217245,0
06037199110,Census Tract 1991.10,037,2335,580,901969,0
06031000800,Census Tract 8,031,5054,682,10470327,0
06037187102,Census Tract 1871.02,037,4615,875,1954146,236563
06037187200,Census Tract 1872,037,2872,549,918311,33035
06037187300,Census Tract 1873,037,3681,477,1168844,0
06053014110,Census Tract 141.10,053,6637,881,50412420,384071
06053014109,Census Tract 141.09,053,4698,574,75543960,33461
06037670702,Census Tract 6707.02,037,5770,1090,6698210,94012
06037670201,Census Tract 6702.01,037,3994,615,4873145,8019
06031001001,Census Tract 10.01,031,5618,627,6849973,0
06087122204,Census Tract 1222.04,087,3043,505,5969114,0
06087100802,Census Tract 1008.02,087,2965,347,755009,0
06087121501,Census Tract 1215.01,087,2705,420,1239441,790380
06087122402,Census Tract 1224.02,087,4275,689,36229185,122600
06087121502,Census Tract 1215.02,087,2368,369,550183,0
06087122005,Census Tract 1220.05,087,4373,701,2228685,0
06087121801,Census Tract 1218.01,087,1536,277,787684,521221
06087110402,Census Tract 1104.02,087,5066,632,2043363,0
06087110504,Census Tract 1105.04,087,2927,832,514491,0
06087110602,Census Tract 1106.02,087,3237,807,701268,0
06087122004,Census Tract 1220.04,087,2747,585,3317209,0
06087101001,Census Tract 1010.01,087,3777,853,969818,23920
06087110101,Census Tract 1101.01,087,2602,289,1357751,0
06031001002,Census Tract 10.02,031,3981,565,3216057,0
06075020602,Census Tract 206.02,075,2379,445,246264,0
06031001003,Census Tract 10.03,031,7207,745,5454909,0
06031001100,Census Tract 11,031,6760,680,9745934,0
06031001500,Census Tract 15,031,5373,685,2958836,0
06037236400,Census Tract 2364,037,4432,639,1340500,0
06037237500,Census Tract 2375,037,2631,567,337329,0
06065042212,Census Tract 422.12,065,7881,1284,3833888,0
06065042719,Census Tract 427.19,065,5650,695,27249492,279979
06065042723,Census Tract 427.23,065,7972,1810,35291752,0
06065043218,Census Tract 432.18,065,5520,485,4983431,0
06065040807,Census Tract 408.07,065,3384,483,2005907,0
06065040808,Census Tract 408.08,065,6843,1417,1736747,0
06037213201,Census Tract 2132.01,037,4086,580,334942,0
06037213202,Census Tract 2132.02,037,3540,522,337924,0
06037502303,Census Tract 5023.03,037,8128,1054,2331858,0
06037533204,Census Tract 5332.04,037,3972,549,711747,0
06037703003,Census Tract 7030.03,037,6047,669,2015004,5792
06037930400,Census Tract 9304,037,1212,236,1489696833,4805908
06037242202,Census Tract 2422.02,037,2642,396,403612,0
06037128302,Census Tract 1283.02,037,4159,675,688871,0
06037134306,Census Tract 1343.06,037,3560,663,619830,0
06037119320,Census Tract 1193.20,037,4160,483,486438,10184
06037920326,Census Tract 9203.26,037,6971,746,73345319,5135
06037294520,Census Tract 2945.20,037,3493,396,484078,0
06037573202,Census Tract 5732.02,037,6426,1046,649039,0
06037599100,Census Tract 5991,037,554,214,337352192,1098469235
06037460001,Census Tract 4600.01,037,1790,422,5192022,6765
06037554511,Census Tract 5545.11,037,3620,636,2331683,36957
06037408503,Census Tract 4085.03,037,6604,983,4201562,1764
06037243001,Census Tract 2430.01,037,3501,744,346578,0
06037242201,Census Tract 2422.01,037,3869,622,409622,0
06037533504,Census Tract 5335.04,037,3743,507,407829,0
06037403328,Census Tract 4033.28,037,5347,493,2789732,0
06037131021,Census Tract 1310.21,037,3202,673,558128,4317
06037113238,Census Tract 1132.38,037,4171,561,709686,0
06037113428,Census Tract 1134.28,037,4137,1491,1270492,0
06037113423,Census Tract 1134.23,037,2739,706,710674,0
06037119801,Census Tract 1198.01,037,2601,279,609343,2967
06037980035,Census Tract 9800.35,037,758,207,15616085,329041
06037119004,Census Tract 1190.04,037,2708,1098,842714,6812
06037134906,Census Tract 1349.06,037,2888,422,172993,1794
06037101222,Census Tract 1012.22,037,2290,438,296512,0
06037103201,Census Tract 1032.01,037,4275,541,1954789,0
06037320102,Census Tract 3201.02,037,3715,783,1225897,0
06037501301,Census Tract 5013.01,037,3065,599,863521,690
06037408213,Census Tract 4082.13,037,5469,693,1548582,0
06001450603,Census Tract 4506.03,001,4651,654,3918835,0
06067008910,Census Tract 89.10,067,3354,324,1563961,30490
06067009004,Census Tract 90.04,067,3865,699,1381159,0
06037213310,Census Tract 2133.10,037,2660,596,312089,0
06037213320,Census Tract 2133.20,037,2341,556,311438,0
06067008911,Census Tract 89.11,067,2709,565,547162,0
06067008913,Census Tract 89.13,067,4657,775,4213051,259481
06037213401,Census Tract 2134.01,037,4457,581,196100,0
06037214700,Census Tract 2147,037,2677,476,593341,0
06037214800,Census Tract 2148,037,2985,406,577069,0
06037216100,Census Tract 2161,037,2179,369,675030,0
06037216700,Census Tract 2167,037,3519,582,777948,0
06067009503,Census Tract 95.03,067,2760,417,3777408,0
06067009502,Census Tract 95.02,067,7969,856,10402734,0
06067009504,Census Tract 95.04,067,3279,569,2236615,0
06037980031,Census Tract 9800.31,037,972,40,14034188,11917519
06037980033,Census Tract 9800.33,037,21,3,12416590,16221301
06037980025,Census Tract 9800.25,037,483,210,3846976,47642
06037980028,Census Tract 9800.28,037,0,14,17335397,2387924
06037980022,Census Tract 9800.22,037,0,14,5584581,867525
06037980030,Census Tract 9800.30,037,0,14,4248793,976856
06037408703,Census Tract 4087.03,037,5326,488,17112893,0
06037408722,Census Tract 4087.22,037,3963,557,2105580,0
06037980038,Census Tract 9800.38,037,0,14,4516322,276
06037980036,Census Tract 9800.36,037,557,398,7874875,881707
06037980039,Census Tract 9800.39,037,0,14,1315765,44555
06037980023,Census Tract 9800.23,037,63,90,5192771,27323
06037910214,Census Tract 9102.14,037,5692,496,4388156,3940
06037910218,Census Tract 9102.18,037,4437,513,16761157,4465
06037910216,Census Tract 9102.16,037,4819,1147,2759165,26402
06031981800,Census Tract 9818,031,3365,118,2279423,0
06001450604,Census Tract 4506.04,001,4843,457,2113004,0
06001450605,Census Tract 4506.05,001,3895,426,1770810,0
06065030300,Census Tract 303,065,4390,629,2481821,0
06065030400,Census Tract 304,065,6319,1045,2739698,0
06065030501,Census Tract 305.01,065,5110,746,1880155,0
06035040200,Census Tract 402,035,2481,445,1845002204,131027566
06035040500,Census Tract 405,035,2910,374,150053328,220013
06035040100,Census Tract 401,035,1289,271,7529615915,87655360
06035040400,Census Tract 404,035,6093,418,391664039,6213500
06035040302,Census Tract 403.02,035,4660,487,232694549,5258755
06035040600,Census Tract 406,035,3640,352,1323389572,230720440
06011000302,Census Tract 3.02,011,2592,477,847242450,195373
06011000301,Census Tract 3.01,011,4197,623,105502113,0
06037532102,Census Tract 5321.02,037,3618,383,1004075,17978
06037480201,Census Tract 4802.01,037,3689,329,1531132,1750
06037430501,Census Tract 4305.01,037,4231,488,4700349,9251
06065040901,Census Tract 409.01,065,8410,1094,2076237,0
06065040903,Census Tract 409.03,065,3059,410,855032,0
06065040904,Census Tract 409.04,065,3918,444,1251984,0
06037213402,Census Tract 2134.02,037,4335,716,391846,0
06037214000,Census Tract 2140,037,3736,745,1011538,0
06037214100,Census Tract 2141,037,4138,495,1108280,0
06037214400,Census Tract 2144,037,2981,358,344250,0
06067009005,Census Tract 90.05,067,3551,477,15678682,15597
06067009006,Census Tract 90.06,067,5444,689,2897427,0
06037216800,Census Tract 2168,037,3402,393,739832,0
06037551203,Census Tract 5512.03,037,4150,946,722769,0
06037551001,Census Tract 5510.01,037,3159,358,1382168,55541
06037550501,Census Tract 5505.01,037,3904,597,828627,62138
06037276605,Census Tract 2766.05,037,2452,856,237796,0
06037276607,Census Tract 2766.07,037,2709,425,478080,0
06037550802,Census Tract 5508.02,037,2149,406,1275581,36294
06037217200,Census Tract 2172,037,3809,602,919065,0
06037218110,Census Tract 2181.10,037,3153,744,598606,0
06037218210,Census Tract 2182.10,037,4113,740,388481,0
06037218220,Census Tract 2182.20,037,3811,575,672776,0
06037218300,Census Tract 2183,037,4547,822,891391,9418
06037650607,Census Tract 6506.07,037,2858,510,505720,0
06037131023,Census Tract 1310.23,037,2615,317,584038,4987
06037131801,Census Tract 1318.01,037,3127,531,656324,0
06037240301,Census Tract 2403.01,037,2961,576,468912,0
06037500100,Census Tract 5001,037,3626,460,10048680,3985
06037240302,Census Tract 2403.02,037,2969,617,344616,0
06037502603,Census Tract 5026.03,037,3261,580,950544,35075
06037408725,Census Tract 4087.25,037,5868,681,1947442,0
06037218400,Census Tract 2184,037,4144,813,656666,0
06037218500,Census Tract 2185,037,2669,420,523255,0
06037218600,Census Tract 2186,037,2871,343,430627,0
06037218900,Census Tract 2189,037,5397,996,703403,0
06037219020,Census Tract 2190.20,037,4190,684,726495,0
06037271702,Census Tract 2717.02,037,4664,414,697727,8791
06037531202,Census Tract 5312.02,037,4547,922,447318,0
06037224410,Census Tract 2244.10,037,2731,481,453271,0
06037267404,Census Tract 2674.04,037,3336,568,284445,0
06037267300,Census Tract 2673,037,4339,622,430298,0
06037218800,Census Tract 2188,037,2684,363,411643,0
06037209401,Census Tract 2094.01,037,4391,520,215668,0
06037232701,Census Tract 2327.01,037,2288,505,277476,0
06037920106,Census Tract 9201.06,037,3716,852,46336501,670556
06037232602,Census Tract 2326.02,037,5364,808,531420,0
06037232601,Census Tract 2326.01,037,1846,251,263865,0
06037273403,Census Tract 2734.03,037,1398,270,406431,390278
06037232702,Census Tract 2327.02,037,4529,895,453727,0
06001450606,Census Tract 4506.06,001,5787,597,2028174,0
06093001300,Census Tract 13,093,2276,213,3724670011,12971560
06009000220,Census Tract 2.20,009,6432,939,256952451,8489041
06009000400,Census Tract 4,009,4376,580,463880707,840311
06093000902,Census Tract 9.02,093,3651,428,304778719,8281897
06095980000,Census Tract 9800,095,0,14,13952563,167451
06065030502,Census Tract 305.02,065,1845,383,1930612,0
06065030503,Census Tract 305.03,065,4085,539,557216,0
06065030700,Census Tract 307,065,6282,1001,2460175,0
06001451701,Census Tract 4517.01,001,3247,473,1222738,0
06065030800,Census Tract 308,065,7297,1201,4453101,0
06065031702,Census Tract 317.02,065,2132,323,4250279,0
06065031703,Census Tract 317.03,065,4076,433,2253094,0
06067009108,Census Tract 91.08,067,3716,506,1502477,0
06067009109,Census Tract 91.09,067,5360,732,1756611,0
06037219500,Census Tract 2195,037,1941,231,557587,0
06037219800,Census Tract 2198,037,3254,509,446134,0
06037220000,Census Tract 2200,037,5308,1260,971788,0
06037220100,Census Tract 2201,037,2386,307,979773,1590
06037221120,Census Tract 2211.20,037,2924,393,317503,0
06037221210,Census Tract 2212.10,037,2829,528,358791,0
06037221220,Census Tract 2212.20,037,3081,400,659399,0
06015000106,Census Tract 1.06,015,3905,680,30591822,45435803
06015000107,Census Tract 1.07,015,3090,398,4035654,4430861
06001451501,Census Tract 4515.01,001,4485,502,5051108,0
06037232300,Census Tract 2323,037,4595,620,628761,0
06037232500,Census Tract 2325,037,4870,769,767691,0
06037232800,Census Tract 2328,037,3754,714,426644,0
06037234200,Census Tract 2342,037,2381,426,882906,0
06067007603,Census Tract 76.03,067,2825,401,1559919,0
06067006204,Census Tract 62.04,067,3467,526,1309154,0
06067004019,Census Tract 40.19,067,2973,406,877256,0
06067006502,Census Tract 65.02,067,2418,670,2182848,0
06067004015,Census Tract 40.15,067,4440,541,1704668,0
06067006706,Census Tract 67.06,067,3615,895,1491706,0
06067007027,Census Tract 70.27,067,2002,506,2533857,21535
06067009640,Census Tract 96.40,067,4944,1457,659473,0
06067008802,Census Tract 88.02,067,2698,383,11743525,64570
06057000107,Census Tract 1.07,057,6478,738,49623767,908432
06057000404,Census Tract 4.04,057,4389,739,82973448,1382528
06057000601,Census Tract 6.01,057,2739,634,3201021,0
06057000403,Census Tract 4.03,057,2286,505,57167490,0
06057001207,Census Tract 12.07,057,5664,655,11461288,0
06057000503,Census Tract 5.03,057,1643,488,4860754,0
06057000504,Census Tract 5.04,057,4953,609,5959604,0
06057000602,Census Tract 6.02,057,4681,564,11591612,0
06057001208,Census Tract 12.08,057,1942,410,20833072,0
06057001209,Census Tract 12.09,057,1752,457,11543103,3396062
06057000106,Census Tract 1.06,057,1989,358,21506074,552466
06057001211,Census Tract 12.11,057,1118,175,10817738,0
06057001210,Census Tract 12.10,057,1820,421,10269557,0
06037404402,Census Tract 4044.02,037,4673,640,3346362,19831
06037500300,Census Tract 5003,037,2541,388,8820303,137276
06037403325,Census Tract 4033.25,037,4706,519,17104379,0
06037670405,Census Tract 6704.05,037,2582,389,1499527,0
06037543305,Census Tract 5433.05,037,3265,515,8228618,158094
06037543321,Census Tract 5433.21,037,5594,852,4252383,0
06037543100,Census Tract 5431,037,6775,965,2892935,0
06037542200,Census Tract 5422,037,7418,995,1327152,58593
06037540201,Census Tract 5402.01,037,2090,358,260774,0
06037240600,Census Tract 2406,037,4939,866,675863,0
06037534102,Census Tract 5341.02,037,5777,862,799923,0
06037239310,Census Tract 2393.10,037,3737,708,534855,0
06037532800,Census Tract 5328,037,3856,617,551035,0
06037501302,Census Tract 5013.02,037,4345,586,1143273,0
06037273404,Census Tract 2734.04,037,1571,339,217040,0
06037232401,Census Tract 2324.01,037,3879,768,569689,0
06037231902,Census Tract 2319.02,037,2877,464,324078,0
06037234302,Census Tract 2343.02,037,2587,393,366305,0
06037231602,Census Tract 2316.02,037,1874,341,315013,0
06037236101,Census Tract 2361.01,037,2596,425,632625,0
06037234002,Census Tract 2340.02,037,2736,454,564640,0
06037236206,Census Tract 2362.06,037,2665,541,274945,0
06037265701,Census Tract 2657.01,037,1692,253,857712,0
06037216301,Census Tract 2163.01,037,1448,434,563878,0
06037265204,Census Tract 2652.04,037,1505,294,265276,0
06037265203,Census Tract 2652.03,037,2056,323,310040,0
06001408000,Census Tract 4080,001,2758,422,1955276,0
06001441401,Census Tract 4414.01,001,7883,761,1856512,0
06065040202,Census Tract 402.02,065,3001,329,1543973,0
06065031704,Census Tract 317.04,065,4929,487,2610967,0
06031001402,Census Tract 14.02,031,2383,324,1344106,0
06031001401,Census Tract 14.01,031,2815,499,2176239,0
06069000502,Census Tract 5.02,069,7891,1041,3420368,0
06069000802,Census Tract 8.02,069,4201,387,2987639939,3272257
06069000702,Census Tract 7.02,069,6651,654,12872271,28164
06069000501,Census Tract 5.01,069,5576,508,2509655,0
06069000701,Census Tract 7.01,069,4459,611,1656672,0
06065043505,Census Tract 435.05,065,3801,507,1295658,0
06065044104,Census Tract 441.04,065,2576,308,43189222,0
06065044403,Census Tract 444.03,065,3799,1118,1064224469,175857
06065042007,Census Tract 420.07,065,7605,995,133919956,138452
06069000801,Census Tract 8.01,069,3428,327,8661337,0
06067009111,Census Tract 91.11,067,5989,790,1470877,0
06087122100,Census Tract 1221,087,3299,487,2261383,1566586
06087122500,Census Tract 1225,087,7088,1137,12168080,903743
06087100100,Census Tract 1001,087,2389,358,3278795,0
06087100600,Census Tract 1006,087,2991,430,1049882,0
06001432400,Census Tract 4324,001,5818,918,6442759,1843213
06029002819,Census Tract 28.19,029,4419,538,1650635,0
06029002821,Census Tract 28.21,029,4829,549,1808603,0
06029003112,Census Tract 31.12,029,6205,910,2990531,21487
06029003113,Census Tract 31.13,029,4949,724,2222668,0
06001404300,Census Tract 4043,001,3600,320,1817027,37495
06065040203,Census Tract 402.03,065,3385,438,930916,0
06065040204,Census Tract 402.04,065,3253,578,1377662,0
06065040303,Census Tract 403.03,065,3363,497,3056832,0
06065040402,Census Tract 404.02,065,4897,1023,4761105,95927
06033001000,Census Tract 10,033,6355,873,145182432,36129953
06033001200,Census Tract 12,033,3178,577,371697821,2693736
06111003011,Census Tract 30.11,111,6784,1224,859109,0
06111005801,Census Tract 58.01,111,5196,747,4776261,0
06111007405,Census Tract 74.05,111,5882,673,36260105,0
06111007511,Census Tract 75.11,111,2861,351,29077287,2126
06111007512,Census Tract 75.12,111,5879,754,26313606,282609
06111000303,Census Tract 3.03,111,5206,634,36445293,966406
06029000300,Census Tract 3,029,4266,667,1518290,0
06037552700,Census Tract 5527,037,6511,833,1375435,0
06037552800,Census Tract 5528,037,5635,543,1293753,0
06037553000,Census Tract 5530,037,5204,678,1270457,0
06107003501,Census Tract 35.01,107,2681,286,14357177,154009
06059990100,Census Tract 9901,059,0,14,0,356909248
06059062649,Census Tract 626.49,059,3083,396,3386652,8846
06059032058,Census Tract 320.58,059,6776,568,6985781,0
06059032061,Census Tract 320.61,059,5945,840,8455584,0
06041109002,Census Tract 1090.02,041,4512,575,2500204,2234
06041130201,Census Tract 1302.01,041,3367,356,1502535,0
06041112202,Census Tract 1122.02,041,6247,1026,3960767,2697692
06041131100,Census Tract 1311,041,1380,245,127658592,8932931
06041990100,Census Tract 9901,041,0,14,0,655490076
06111007406,Census Tract 74.06,111,2158,211,3709867,0
06111007509,Census Tract 75.09,111,4196,559,5929143,0
06111007510,Census Tract 75.10,111,5424,622,9048822,0
06111007613,Census Tract 76.13,111,4571,369,9025608,61223
06111007614,Census Tract 76.14,111,7029,803,84426770,91106
06111990100,Census Tract 9901,111,0,14,0,881223839
06037601502,Census Tract 6015.02,037,3218,800,490798,0
06037601600,Census Tract 6016,037,3978,490,912444,0
06025011500,Census Tract 115,025,5093,779,2040987,0
06037602002,Census Tract 6020.02,037,3044,547,531132,5550
06037602003,Census Tract 6020.03,037,4005,596,625132,0
06037602103,Census Tract 6021.03,037,5527,664,835900,0
06037602104,Census Tract 6021.04,037,5401,796,743760,0
06037530700,Census Tract 5307,037,2118,386,1057568,0
06107001901,Census Tract 19.01,107,3399,569,1577158,0
06107001902,Census Tract 19.02,107,4403,669,2284122,0
06107002002,Census Tract 20.02,107,4822,694,2534588,0
06107002003,Census Tract 20.03,107,5542,865,2574047,0
06107002004,Census Tract 20.04,107,5362,666,2589446,0
06037530801,Census Tract 5308.01,037,5664,883,769112,0
06037530802,Census Tract 5308.02,037,3065,340,566330,0
06037530901,Census Tract 5309.01,037,3642,521,444140,0
06037531000,Census Tract 5310,037,4585,763,999880,0
06037531102,Census Tract 5311.02,037,2407,284,498377,0
06037531201,Census Tract 5312.01,037,4260,766,555364,0
06037531301,Census Tract 5313.01,037,5563,1026,792709,0
06037531302,Census Tract 5313.02,037,5240,642,894567,0
06037541401,Census Tract 5414.01,037,3361,563,573884,0
06037207711,Census Tract 2077.11,037,3495,518,693947,0
06037402503,Census Tract 4025.03,037,4716,836,874283,0
06037433506,Census Tract 4335.06,037,3405,524,1622353,14107
06037209202,Census Tract 2092.02,037,1312,282,243018,0
06037980017,Census Tract 9800.17,037,1412,164,2393820,0
06037602801,Census Tract 6028.01,037,4059,756,1253728,0
06037577800,Census Tract 5778,037,4722,605,1693385,66964
06037551204,Census Tract 5512.04,037,3556,396,678299,0
06037980037,Census Tract 9800.37,037,0,14,1278402,24156
06037536201,Census Tract 5362.01,037,3588,539,1396000,123461
06037406300,Census Tract 4063,037,5633,567,5386135,4067
06037462900,Census Tract 4629,037,3721,424,2344777,0
06037542105,Census Tract 5421.05,037,4682,909,623486,0
06037543000,Census Tract 5430,037,4605,867,1312156,0
06037602302,Census Tract 6023.02,037,4651,467,1947542,0
06037602301,Census Tract 6023.01,037,6936,970,1786364,0
06037541200,Census Tract 5412,037,6058,1009,2107086,11585
06037602700,Census Tract 6027,037,3749,573,2471440,11599
06037503103,Census Tract 5031.03,037,5595,633,1085381,3860
06037540800,Census Tract 5408,037,5331,937,1982918,12183
06037602106,Census Tract 6021.06,037,5992,1150,819871,0
06037602105,Census Tract 6021.05,037,4255,591,638607,0
06037503502,Census Tract 5035.02,037,3900,541,1223302,0
06037601700,Census Tract 6017,037,5006,759,758049,0
06037542106,Census Tract 5421.06,037,2211,271,834439,39692
06037503402,Census Tract 5034.02,037,4141,422,1617388,0
06037601801,Census Tract 6018.01,037,3082,363,486723,0
06037502005,Census Tract 5020.05,037,4606,866,1042468,0
06037601402,Census Tract 6014.02,037,4551,746,983308,0
06107002008,Census Tract 20.08,107,3076,633,1302835,0
06107002009,Census Tract 20.09,107,4964,882,1846242,0
06107002302,Census Tract 23.02,107,4918,681,2592916,0
06107002303,Census Tract 23.03,107,5951,714,4101979,0
06065045124,Census Tract 451.24,065,1515,343,61630184,0
06065045217,Census Tract 452.17,065,7490,972,2900616,0
06065046602,Census Tract 466.02,065,3620,735,4846694,0
06065046700,Census Tract 467,065,4388,676,33330589,36554
06065047000,Census Tract 470,065,1473,321,134979428,4213357
06037501900,Census Tract 5019,037,4332,639,1393504,0
06037462500,Census Tract 4625,037,6825,639,2422830,144779
06037501600,Census Tract 5016,037,6827,851,10302301,9401
06037501002,Census Tract 5010.02,037,4475,491,1473034,0
06037408629,Census Tract 4086.29,037,3028,352,1772780,0
06037504200,Census Tract 5042,037,7320,634,7715088,4442
06037601802,Census Tract 6018.02,037,3164,492,484101,0
06037601202,Census Tract 6012.02,037,3807,668,654269,0
06037408628,Census Tract 4086.28,037,5463,753,2359377,0
06037408626,Census Tract 4086.26,037,3726,545,2496759,0
06037501501,Census Tract 5015.01,037,2097,244,6330617,16327
06037501200,Census Tract 5012,037,5093,536,1406046,0
06037408141,Census Tract 4081.41,037,4102,527,1123884,0
06037408135,Census Tract 4081.35,037,4479,893,1127701,0
06037408137,Census Tract 4081.37,037,4085,526,830776,0
06037500403,Census Tract 5004.03,037,3868,415,1999716,200985
06037530202,Census Tract 5302.02,037,4323,662,1794900,3427
06037530302,Census Tract 5303.02,037,5724,693,855877,0
06037530301,Census Tract 5303.01,037,1896,335,584252,0
06037409000,Census Tract 4090,037,7618,1161,7860933,7961
06037408301,Census Tract 4083.01,037,5524,851,2623792,93793
06037702202,Census Tract 7022.02,037,4039,455,1011696,0
06065940100,Census Tract 9401,065,176,82,67024140,4992321
06065941200,Census Tract 9412,065,2967,226,13019332,0
06065941500,Census Tract 9415,065,4873,911,40124437,822793
06065042744,Census Tract 427.44,065,4399,775,36628033,118273
06065043235,Census Tract 432.35,065,13536,1142,15121131,0
06065043278,Census Tract 432.78,065,6085,694,9640608,0
06065045120,Census Tract 451.20,065,3977,490,3849527,1137
06065940400,Census Tract 9404,065,5912,635,11537667,0
06065940600,Census Tract 9406,065,4458,387,28656767,0
06065043279,Census Tract 432.79,065,5717,613,20098029,0
06071002602,Census Tract 26.02,071,7098,690,2012382,0
06009000301,Census Tract 3.01,009,4356,569,192171587,145550
06009000124,Census Tract 1.24,009,2119,305,404991898,7788448
06009000221,Census Tract 2.21,009,6911,971,149196160,19994317
06009000302,Census Tract 3.02,009,2502,492,264979328,282413
06009000222,Census Tract 2.22,009,3641,461,95848704,498132
06009000505,Census Tract 5.05,009,944,237,8177795,0
06009000506,Census Tract 5.06,009,489,230,38499047,125117
06009000123,Census Tract 1.23,009,2890,528,25570988,1673321
06037702300,Census Tract 7023,037,6679,790,2591889,0
06037408302,Census Tract 4083.02,037,3303,477,2956151,440678
06037530500,Census Tract 5305,037,3930,565,900629,0
06037530400,Census Tract 5304,037,3895,857,1531307,11013
06037408004,Census Tract 4080.04,037,2394,602,621560,0
06037407601,Census Tract 4076.01,037,4182,700,781203,0
06037408003,Census Tract 4080.03,037,4637,584,1363277,1729
06037434004,Census Tract 4340.04,037,2868,562,684403,0
06037433804,Census Tract 4338.04,037,4649,604,1513194,0
06037482002,Census Tract 4820.02,037,6655,859,2488396,0
06037407902,Census Tract 4079.02,037,1643,277,470452,304
06037482522,Census Tract 4825.22,037,4479,586,1641873,0
06037407501,Census Tract 4075.01,037,4175,668,1131321,0
06037434100,Census Tract 4341,037,6025,592,2493682,0
06037434003,Census Tract 4340.03,037,3786,380,963510,0
06037406602,Census Tract 4066.02,037,4564,834,1590290,0
06037402404,Census Tract 4024.04,037,1224,168,4090895,0
06037402403,Census Tract 4024.03,037,4826,800,2032376,0
06037403500,Census Tract 4035,037,1414,267,4918499,0
06037800202,Census Tract 8002.02,037,5912,802,27387119,2732
06037406101,Census Tract 4061.01,037,3269,551,1388112,0
06077005004,Census Tract 50.04,077,5800,794,20154834,210152
06071000201,Census Tract 2.01,071,5618,727,2962812,0
06071000808,Census Tract 8.08,071,5846,770,2564881,0
06077004701,Census Tract 47.01,077,3190,507,13611907,24339
06077003110,Census Tract 31.10,077,4532,637,1341993,0
06077003215,Census Tract 32.15,077,4275,563,9958690,733916
06077005122,Census Tract 51.22,077,8151,2448,9992895,774021
06077003700,Census Tract 37,077,3375,496,41896621,62956
06077003803,Census Tract 38.03,077,6109,712,44044581,196254
06077004001,Census Tract 40.01,077,2223,319,280845806,18910159
06077003308,Census Tract 33.08,077,1465,301,517517,0
06077003900,Census Tract 39,077,1305,260,493561616,36106979
06097151405,Census Tract 1514.05,097,7667,1243,7070987,0
06097153302,Census Tract 1533.02,097,5593,860,5357926,0
06097153708,Census Tract 1537.08,097,1506,257,44896504,193401
06097152401,Census Tract 1524.01,097,4517,684,9899426,0
06097151205,Census Tract 1512.05,097,2310,273,14116026,0
06097154308,Census Tract 1543.08,097,937,178,24876700,8711623
06097153405,Census Tract 1534.05,097,3407,752,8204918,0
06097154304,Census Tract 1543.04,097,1633,216,888562402,16871888
06037980016,Census Tract 9800.16,037,331,148,12949308,503818
06037113239,Census Tract 1132.39,037,1993,220,434252,0
06037113427,Census Tract 1134.27,037,2402,314,252050,7193
06037226702,Census Tract 2267.02,037,3749,1108,406619,0
06037800338,Census Tract 8003.38,037,6155,831,6357316,0
06037143402,Census Tract 1434.02,037,1987,499,629351,18831
06037141305,Census Tract 1413.05,037,3127,435,691205,0
06037128703,Census Tract 1287.03,037,3429,780,809339,18542
06037800205,Census Tract 8002.05,037,3793,462,1300656,0
06037406000,Census Tract 4060,037,5355,778,1909855,0
06037297002,Census Tract 2970.02,037,4267,712,766670,0
06037297001,Census Tract 2970.01,037,1522,157,684352,0
06037403326,Census Tract 4033.26,037,2350,301,1913710,3949
06037405701,Census Tract 4057.01,037,3829,613,1043909,0
06037670604,Census Tract 6706.04,037,4764,736,10345164,7255843
06037403305,Census Tract 4033.05,037,2308,294,1481586,0
06037670603,Census Tract 6706.03,037,1886,296,3899420,0
06037405800,Census Tract 4058,037,5702,931,1895342,0
06037480202,Census Tract 4802.02,037,2742,415,1515054,0
06037577605,Census Tract 5776.05,037,4668,608,1524866,298384
06037901007,Census Tract 9010.07,037,2075,250,5212818,0
06037901101,Census Tract 9011.01,037,5686,835,5221203,2777
06037901102,Census Tract 9011.02,037,5636,690,5106007,0
06037276601,Census Tract 2766.01,037,4055,476,2232407,7324
06037277000,Census Tract 2770,037,5711,1104,2298914,0
06073008331,Census Tract 83.31,073,2648,417,954207,0
06073008336,Census Tract 83.36,073,2047,195,828562,0
06073008337,Census Tract 83.37,073,4939,735,1572597,0
06073011601,Census Tract 116.01,073,5526,682,733715,0
06073011602,Census Tract 116.02,073,3811,860,1005857,13822
06073011700,Census Tract 117,073,7364,936,1630750,0
06073011801,Census Tract 118.01,073,3205,416,651867,0
06073013307,Census Tract 133.07,073,4642,1096,1308215,0
06037480102,Census Tract 4801.02,037,3900,510,1228398,0
06037404501,Census Tract 4045.01,037,2569,484,805206,0
06037480012,Census Tract 4800.12,037,4838,546,1282871,0
06037480002,Census Tract 4800.02,037,3645,612,1403749,0
06037431200,Census Tract 4312,037,6523,686,1487868,0
06037431800,Census Tract 4318,037,5162,608,1361845,0
06037431300,Census Tract 4313,037,2565,415,816699,0
06037430802,Census Tract 4308.02,037,3973,517,1858234,1218
06107002304,Census Tract 23.04,107,1570,406,987726,0
06071002901,Census Tract 29.01,071,4730,522,1296478,0
06073013308,Census Tract 133.08,073,3901,705,1609033,0
06073013309,Census Tract 133.09,073,7069,927,2527099,0
06073013312,Census Tract 133.12,073,2943,436,884687,0
06107002601,Census Tract 26.01,107,4603,784,5688638,0
06107002602,Census Tract 26.02,107,5102,664,2866340,0
06107002901,Census Tract 29.01,107,3298,476,4550193,0
06107001400,Census Tract 14,107,5142,609,125092259,0
06107001502,Census Tract 15.02,107,6124,667,12859000,0
06107002500,Census Tract 25,107,3993,578,125737555,0
06107002800,Census Tract 28,107,3702,606,7644131,0
06107004200,Census Tract 42,107,6690,897,396115046,60668
06081610700,Census Tract 6107,081,6302,1101,1121875,0
06081610800,Census Tract 6108,081,4426,769,504863,0
06081611000,Census Tract 6110,081,6515,1049,1375512,0
06081611200,Census Tract 6112,081,2838,316,1126603,0
06037920040,Census Tract 9200.40,037,2682,473,2950601,0
06095250701,Census Tract 2507.01,095,3363,623,2203502,604746
06095251000,Census Tract 2510,095,2289,352,726719,0
06095251300,Census Tract 2513,095,3241,463,1253911,0
06077005106,Census Tract 51.06,077,15336,1341,99907750,1347060
06077005119,Census Tract 51.19,077,12380,1017,37302239,458132
06077004202,Census Tract 42.02,077,1765,279,1216088,254941
06077002800,Census Tract 28,077,6924,732,7311952,0
06077003602,Census Tract 36.02,077,4293,935,44774226,40656
06077003109,Census Tract 31.09,077,5078,585,3126341,44323
06077001800,Census Tract 18,077,3606,791,1916238,0
06077005124,Census Tract 51.24,077,3383,269,1084165,0
06077003406,Census Tract 34.06,077,3392,722,839414,14789
06077003305,Census Tract 33.05,077,4884,804,2046351,0
06001435104,Census Tract 4351.04,001,7752,1019,7240654,0
06001405301,Census Tract 4053.01,001,2979,558,227753,0
06061023502,Census Tract 235.02,061,7801,581,9871792,0
06061023501,Census Tract 235.01,061,1055,110,3417518,0
06107001705,Census Tract 17.05,107,3863,1258,2285763,0
06001982000,Census Tract 9820,001,54,38,1269350,453537
06001450102,Census Tract 4501.02,001,8425,980,9587788,0
06017030902,Census Tract 309.02,017,5364,513,50583476,248443
06017031302,Census Tract 313.02,017,4634,554,33161341,83617
06017031404,Census Tract 314.04,017,2420,203,41122672,64907
06017031100,Census Tract 311,017,5880,752,36774632,154216
06017030502,Census Tract 305.02,017,2758,430,17253190,36532
06017030601,Census Tract 306.01,017,5021,441,164681141,12430598
06017031503,Census Tract 315.03,017,2849,340,99356383,24031
06017030801,Census Tract 308.01,017,4723,679,62511788,166114
06017030603,Census Tract 306.03,017,3494,598,1219176045,26378127
06037431100,Census Tract 4311,037,7322,814,3007139,0
06037800101,Census Tract 8001.01,037,5646,584,8096200,0
06037430724,Census Tract 4307.24,037,5396,602,579861,0
06037430902,Census Tract 4309.02,037,5034,611,1177867,0
06037800328,Census Tract 8003.28,037,1306,235,9638012,0
06071003401,Census Tract 34.01,071,6905,579,2591609,0
06107002903,Census Tract 29.03,107,5840,786,2268074,0
06107002904,Census Tract 29.04,107,6437,889,2034884,0
06071003403,Census Tract 34.03,071,4444,907,1947308,0
06071003700,Census Tract 37,071,3624,577,1293751,0
06037670500,Census Tract 6705,037,1509,217,7744892,0
06037670701,Census Tract 6707.01,037,6035,586,2883203,0
06037700200,Census Tract 7002,037,6549,911,698991,0
06107003001,Census Tract 30.01,107,4201,523,1505314,0
06107003002,Census Tract 30.02,107,3930,814,7056286,0
06107000502,Census Tract 5.02,107,4113,864,16217452,0
06107000302,Census Tract 3.02,107,2753,322,131535691,0
06107004500,Census Tract 45,107,6208,1066,343579698,82605
06107000600,Census Tract 6,107,6027,831,57995571,0
06107001602,Census Tract 16.02,107,5314,639,48881483,0
06107000401,Census Tract 4.01,107,7341,620,13023225,0
06107003902,Census Tract 39.02,107,5970,1039,73288802,9366663
06107000701,Census Tract 7.01,107,3064,603,40266317,1219358
06107002006,Census Tract 20.06,107,4621,577,20459811,0
06107004000,Census Tract 40,107,37,3,1264455,0
06107000202,Census Tract 2.02,107,2521,387,122717485,0
06107002100,Census Tract 21,107,2403,371,138618281,75948
06073008343,Census Tract 83.43,073,4086,429,766103,0
06073008344,Census Tract 83.44,073,3350,458,2038468,0
06073008345,Census Tract 83.45,073,4138,610,1912291,0
06037700300,Census Tract 7003,037,5564,579,607147,0
06107003100,Census Tract 31,107,3119,472,240664734,403795
06017032002,Census Tract 320.02,017,196,142,174962680,16704313
06017031409,Census Tract 314.09,017,2283,741,638135711,70192
06017030606,Census Tract 306.06,017,4146,622,139532727,106953
06017030712,Census Tract 307.12,017,4819,533,120077958,0
06017030812,Census Tract 308.12,017,6380,1022,23024115,24797
06017031407,Census Tract 314.07,017,1945,798,64277870,3470
06017031408,Census Tract 314.08,017,1754,288,86518237,82995
06017032001,Census Tract 320.01,017,648,147,10248278,53
06017030605,Census Tract 306.05,017,1383,247,40925587,34880
06017030506,Census Tract 305.06,017,964,272,48311143,367600
06017030604,Census Tract 306.04,017,836,271,176970600,185101
06017030201,Census Tract 302.01,017,2246,513,4795234,409106
06017030507,Census Tract 305.07,017,1385,265,100570647,83402
06017031601,Census Tract 316.01,017,2178,410,1657545,321613
06017030202,Census Tract 302.02,017,2014,407,4632107,0
06017030403,Census Tract 304.03,017,1337,180,2656054,898883
06017031506,Census Tract 315.06,017,2520,409,13277107,32562
06017030404,Census Tract 304.04,017,2563,433,2069448,50544
06017030711,Census Tract 307.11,017,7302,637,23008337,16853
06017031602,Census Tract 316.02,017,1844,447,6263657,0
06017031505,Census Tract 315.05,017,3004,358,13144662,23267
06017030811,Census Tract 308.11,017,1431,176,1513246,0
06073013401,Census Tract 134.01,073,4692,747,2250005,0
06073013409,Census Tract 134.09,073,5895,674,2727184,0
06073015601,Census Tract 156.01,073,6110,757,1623060,0
06073015701,Census Tract 157.01,073,6513,1281,961338,0
06081611300,Census Tract 6113,081,4827,669,1761359,4125
06081611500,Census Tract 6115,081,2778,296,4186086,0
06081611600,Census Tract 6116,081,2431,338,839264,0
06095251400,Census Tract 2514,095,6004,804,2206952,0
06095251500,Census Tract 2515,095,3436,631,1376732,0
06095251600,Census Tract 2516,095,2625,458,861224,231804
06037920030,Census Tract 9200.30,037,5916,548,2647280,0
06071000304,Census Tract 3.04,071,6665,1320,3229927,0
06095251701,Census Tract 2517.01,095,3458,482,1580360,368244
06095251702,Census Tract 2517.02,095,2757,487,585596,0
06095251803,Census Tract 2518.03,095,4663,610,3221764,1771791
06095251804,Census Tract 2518.04,095,3470,431,1681470,1032245
06037271600,Census Tract 2716,037,5608,582,901115,4341
06037400209,Census Tract 4002.09,037,4696,578,6617540,247160
06037577606,Census Tract 5776.06,037,3757,927,1157665,0
06037900901,Census Tract 9009.01,037,2869,672,94129761,510021
06037900902,Census Tract 9009.02,037,1506,257,117956135,1016945
06037135116,Census Tract 1351.16,037,1536,318,934301,2171
06037137202,Census Tract 1372.02,037,3293,553,870011,0
06037276606,Census Tract 2766.06,037,3310,243,216888,0
06037269908,Census Tract 2699.08,037,1868,318,167452,0
06037206303,Census Tract 2063.03,037,2137,187,434791,0
06037267503,Census Tract 2675.03,037,2326,765,197549,0
06037267406,Census Tract 2674.06,037,1984,295,211278,3875
06037206053,Census Tract 2060.53,037,3066,464,560000,28207
06037670417,Census Tract 6704.17,037,2786,282,2021778,0
06037670101,Census Tract 6701.01,037,3889,678,1101060,0
06037670418,Census Tract 6704.18,037,4428,548,2527258,0
06037980011,Census Tract 9800.11,037,121,64,1316799,59885
06037578000,Census Tract 5780,037,5403,1020,1772547,74410
06071003900,Census Tract 39,071,5242,760,1572018,0
06065044505,Census Tract 445.05,065,6963,1602,11781209,0
06037571202,Census Tract 5712.02,037,3839,622,1310579,0
06037555107,Census Tract 5551.07,037,5111,626,1206094,60514
06037480101,Census Tract 4801.01,037,4323,600,1136820,0
06037555105,Census Tract 5551.05,037,5885,638,1100522,0
06037650606,Census Tract 6506.06,037,4042,475,733350,0
06037292002,Census Tract 2920.02,037,1882,452,466181,2204
06037570703,Census Tract 5707.03,037,2906,260,929734,0
06037650801,Census Tract 6508.01,037,3931,553,740707,0
06037461300,Census Tract 4613,037,6078,788,1948639,1061
06037620703,Census Tract 6207.03,037,3547,575,577439,0
06037620704,Census Tract 6207.04,037,3835,637,747423,0
06037570503,Census Tract 5705.03,037,3693,937,538942,0
06037570306,Census Tract 5703.06,037,3239,664,465918,0
06037543203,Census Tract 5432.03,037,4006,620,3650873,53917
06037620801,Census Tract 6208.01,037,3842,464,1193767,0
06037620802,Census Tract 6208.02,037,3550,762,1286519,0
06037604102,Census Tract 6041.02,037,2540,571,533455,0
06037901300,Census Tract 9013,037,1840,593,269735203,130971
06037570305,Census Tract 5703.05,037,5119,759,694136,44355
06037621005,Census Tract 6210.05,037,4830,645,1148249,945338
06037570504,Census Tract 5705.04,037,3207,490,946994,0
06037604101,Census Tract 6041.01,037,3923,922,480268,0
06071002501,Census Tract 25.01,071,5166,730,3990972,0
06037920028,Census Tract 9200.28,037,8576,2149,2574480,0
06107002702,Census Tract 27.02,107,4363,855,904240667,293208
06107002701,Census Tract 27.01,107,1354,309,4789194328,7943426
06107000102,Census Tract 1.02,107,2297,365,2292071613,13265221
06107000303,Census Tract 3.03,107,4825,598,77637991,910635
06107000902,Census Tract 9.02,107,4430,454,120365353,329326
06107000304,Census Tract 3.04,107,3434,985,60945199,0
06107000901,Census Tract 9.01,107,6368,1246,61282223,0
06107000801,Census Tract 8.01,107,4641,1177,6742915,0
06107000802,Census Tract 8.02,107,2762,418,145847657,31759
06107002402,Census Tract 24.02,107,4878,394,141055687,977010
06107002403,Census Tract 24.03,107,7665,1462,5992112,0
06107000101,Census Tract 1.01,107,2538,493,435344956,95557
06107001010,Census Tract 10.10,107,3651,742,1264908,0
06107001009,Census Tract 10.09,107,4517,709,2196782,0
06107001008,Census Tract 10.08,107,4905,363,22206137,0
06107003202,Census Tract 32.02,107,2056,287,31140567,0
06107001306,Census Tract 13.06,107,5711,1032,7163752,0
06107001011,Census Tract 10.11,107,7396,833,2760214,0
06107002010,Census Tract 20.10,107,6417,1009,17872826,280788
06107002401,Census Tract 24.01,107,6021,802,25530949,1185
06107003904,Census Tract 39.04,107,3275,607,2555964,25643
06107003401,Census Tract 34.01,107,4830,711,86435522,386377
06107003201,Census Tract 32.01,107,3940,805,276421747,13713
06107003302,Census Tract 33.02,107,2620,447,105586631,28954
06107000203,Census Tract 2.03,107,5135,1622,6947883,0
06107003601,Census Tract 36.01,107,8097,1118,2594228,0
06097153406,Census Tract 1534.06,097,2466,423,2624401,0
06097153710,Census Tract 1537.10,097,1966,375,19953595,254785
06097152601,Census Tract 1526.01,097,6492,814,48730596,0
06097153709,Census Tract 1537.09,097,1507,359,39506414,66992
06071002902,Census Tract 29.02,071,6212,778,1944755,0
06037920035,Census Tract 9200.35,037,8455,1651,2466777,0
06037670102,Census Tract 6701.02,037,3811,520,549502,0
06037543704,Census Tract 5437.04,037,3021,384,669291,0
06037543605,Census Tract 5436.05,037,4242,592,956400,0
06037573101,Census Tract 5731.01,037,4485,798,526756,0
06037573102,Census Tract 5731.02,037,3120,584,613548,52679
06037543705,Census Tract 5437.05,037,2936,394,646185,0
06037577700,Census Tract 5777,037,4652,615,1170084,88150
06037543607,Census Tract 5436.07,037,4991,494,1324673,0
06037141306,Census Tract 1413.06,037,3291,575,599114,0
06037128704,Census Tract 1287.04,037,2564,247,832961,0
06037301901,Census Tract 3019.01,037,3949,494,455877,3314
06037139506,Census Tract 1395.06,037,3196,712,182499,0
06037650904,Census Tract 6509.04,037,2440,310,934808,0
06037571201,Census Tract 5712.01,037,3973,689,1305152,0
06037293204,Census Tract 2932.04,037,4230,1528,603024,1719
06037555106,Census Tract 5551.06,037,2594,402,881837,0
06037603007,Census Tract 6030.07,037,3463,577,670251,0
06037602202,Census Tract 6022.02,037,2728,799,495778,0
06037275313,Census Tract 2753.13,037,3470,841,969993,7489
06037297501,Census Tract 2975.01,037,2697,574,1132151,2159171
06037297502,Census Tract 2975.02,037,2426,303,961341,476
06037261104,Census Tract 2611.04,037,1503,344,4460207,137188
06037543606,Census Tract 5436.06,037,3939,617,669973,0
06037293206,Census Tract 2932.06,037,2463,356,416865,0
06037650903,Census Tract 6509.03,037,4888,1498,1058604,0
06037577900,Census Tract 5779,037,6928,1052,1722203,49093
06037543803,Census Tract 5438.03,037,4535,791,755663,0
06037293203,Census Tract 2932.03,037,2996,430,463285,2388
06037910213,Census Tract 9102.13,037,1691,469,28230344,1040326
06037920038,Census Tract 9200.38,037,4804,527,1003056,0
06037115204,Census Tract 1152.04,037,4654,865,762004,8775
06037113324,Census Tract 1133.24,037,3010,1599,324461,0
06037113323,Census Tract 1133.23,037,3416,354,723904,17
06037104823,Census Tract 1048.23,037,3235,704,531333,0
06037111304,Census Tract 1113.04,037,2948,520,437442,0
06037103202,Census Tract 1032.02,037,2146,626,4738407,0
06037101221,Census Tract 1012.21,037,3593,599,354178,0
06037103402,Census Tract 1034.02,037,3626,599,1099115,0
06037910607,Census Tract 9106.07,037,4099,617,1224684,0
06037910717,Census Tract 9107.17,037,2226,480,1725658,1342
06037910608,Census Tract 9106.08,037,3863,706,1405839,0
06037910718,Census Tract 9107.18,037,5245,719,2013786,7301
06037911100,Census Tract 9111,037,7146,942,161554271,808376
06037910405,Census Tract 9104.05,037,5675,696,2400754,0
06037910215,Census Tract 9102.15,037,7246,920,3211872,0
06037910212,Census Tract 9102.12,037,3319,558,14161647,0
06037901214,Census Tract 9012.14,037,5187,1043,5186421,16299
06037901014,Census Tract 9010.14,037,5184,769,6249152,4362
06037901216,Census Tract 9012.16,037,3059,833,41422608,93301
06037901012,Census Tract 9010.12,037,6764,1448,3879312,6030
06037900509,Census Tract 9005.09,037,4792,585,1648887,5689
06037900611,Census Tract 9006.11,037,4496,899,1972547,0
06037900510,Census Tract 9005.10,037,4360,741,2292527,0
06037920041,Census Tract 9200.41,037,4065,391,1800321,0
06107003602,Census Tract 36.02,107,8454,966,4652238,150211
06107003700,Census Tract 37,107,6879,820,6126855,0
06107003801,Census Tract 38.01,107,4350,936,1538672,0
06037125102,Census Tract 1251.02,037,2155,264,648895,0
06037920109,Census Tract 9201.09,037,4803,561,2193146,505
06037125404,Census Tract 1254.04,037,2973,504,229451,0
06037460002,Census Tract 4600.02,037,2850,305,1566411,2157
06037137203,Census Tract 1372.03,037,2534,627,1120826,3350
06037125101,Census Tract 1251.01,037,4478,734,649784,0
06037125403,Census Tract 1254.03,037,2726,480,168331,0
06037125321,Census Tract 1253.21,037,2776,547,259269,0
06037125322,Census Tract 1253.22,037,2542,461,373214,0
06037310705,Census Tract 3107.05,037,2404,662,556940,0
06037139505,Census Tract 1395.05,037,2656,465,169222,0
06037133101,Census Tract 1331.01,037,1718,161,659977,3851
06037310704,Census Tract 3107.04,037,4516,461,495219,0
06037133102,Census Tract 1331.02,037,3629,639,851344,4863
06037131024,Census Tract 1310.24,037,3679,1013,844901,11039
06037135205,Census Tract 1352.05,037,2067,283,2648505,0
06037134801,Census Tract 1348.01,037,2898,570,914090,10131
06037134802,Census Tract 1348.02,037,3025,468,945130,5060
06037131802,Census Tract 1318.02,037,2264,516,659267,0
06037300602,Census Tract 3006.02,037,3177,398,1494245,32150
06037131022,Census Tract 1310.22,037,2874,438,498571,5662
06037113424,Census Tract 1134.24,037,3069,535,1741131,0
06037119802,Census Tract 1198.02,037,3131,750,626783,2975
06037293205,Census Tract 2932.05,037,3515,664,635542,0
06037650802,Census Tract 6508.02,037,3495,547,547740,0
06037571505,Census Tract 5715.05,037,2681,684,655806,0
06037543804,Census Tract 5438.04,037,4643,1452,600266,0
06037292001,Census Tract 2920.01,037,4522,658,3530022,0
06037603902,Census Tract 6039.02,037,3446,903,751354,0
06037541003,Census Tract 5410.03,037,4602,644,6048164,469
06037603008,Census Tract 6030.08,037,3820,816,468177,0
06037603705,Census Tract 6037.05,037,2860,640,270905,0
06037541402,Census Tract 5414.02,037,3001,637,345990,0
06037503704,Census Tract 5037.04,037,4526,603,1504047,0
06037602602,Census Tract 6026.02,037,2957,738,632412,16478
06037551801,Census Tract 5518.01,037,3319,557,1140854,0
06037602511,Census Tract 6025.11,037,4395,1379,341758,0
06037536202,Census Tract 5362.02,037,4329,733,924576,0
06037703200,Census Tract 7032,037,5646,994,2106454,0
06037800325,Census Tract 8003.25,037,3443,465,2019448,291001
06103000500,Census Tract 5,103,5502,676,8573196,106003
06103000900,Census Tract 9,103,3406,628,271734451,2866448
06103001000,Census Tract 10,103,6784,778,177057536,4709499
06073008348,Census Tract 83.48,073,5110,476,1998298,0
06073008349,Census Tract 83.49,073,3539,435,959831,0
06073008351,Census Tract 83.51,073,5122,849,1059679,0
06073008352,Census Tract 83.52,073,3738,1187,696002,0
06073008353,Census Tract 83.53,073,4372,612,1954797,0
06083001001,Census Tract 10.01,083,3523,929,642129,0
06083001403,Census Tract 14.03,083,1853,448,2691084,229935
06083002410,Census Tract 24.10,083,5676,756,9057616,13558
06083002937,Census Tract 29.37,083,2937,548,2265285,244711
06083002935,Census Tract 29.35,083,3644,356,975009,255
06083001910,Census Tract 19.10,083,2762,292,3130572,7732
06083002406,Census Tract 24.06,083,4028,771,500389,0
06083002308,Census Tract 23.08,083,3023,316,1399795,878
06083002503,Census Tract 25.03,083,2409,386,162106712,2401320
06083002934,Census Tract 29.34,083,3290,572,3198365,18831
06083002407,Census Tract 24.07,083,4729,727,682444,0
06083002409,Census Tract 24.09,083,10076,1164,7244498,17355
06083002310,Census Tract 23.10,083,3849,996,652150,0
06083002309,Census Tract 23.09,083,3627,539,656616,0
06083002405,Census Tract 24.05,083,3647,360,815116,0
06083002710,Census Tract 27.10,083,4764,1081,734582,0
06083000805,Census Tract 8.05,083,1263,266,1664759,313076
06083001307,Census Tract 13.07,083,3362,443,2829081,0
06083000806,Census Tract 8.06,083,5628,768,1091157,0
06083002933,Census Tract 29.33,083,7693,379,2743615,2756
06083001308,Census Tract 13.08,083,3465,472,2252201,144119
06083001002,Census Tract 10.02,083,2879,396,615851,0
06083002936,Census Tract 29.36,083,3154,690,612578,0
06083000201,Census Tract 2.01,083,2616,466,967873,0
06083980300,Census Tract 9803,083,6507,218,2214960,154855
06083001404,Census Tract 14.04,083,1621,298,2287244,0
06083002307,Census Tract 23.07,083,5330,958,22058071,504076
06073015801,Census Tract 158.01,073,3947,691,627359,0
06073015901,Census Tract 159.01,073,3442,613,388472,0
06073015902,Census Tract 159.02,073,5586,839,1106949,0
06037900607,Census Tract 9006.07,037,5095,1248,1713254,0
06037900703,Census Tract 9007.03,037,5011,972,2598810,0
06037900705,Census Tract 9007.05,037,3986,703,5278364,2576
06073016000,Census Tract 160,073,2424,403,1864930,0
06081612500,Census Tract 6125,081,3937,636,2001375,0
06095251901,Census Tract 2519.01,095,5633,870,3187915,239322
06095251903,Census Tract 2519.03,095,5664,825,2676480,14062
06107003802,Census Tract 38.02,107,4696,475,1901146,0
06107004102,Census Tract 41.02,107,2397,620,3547921,0
06025011803,Census Tract 118.03,025,7542,1114,12411877,23943
06025010600,Census Tract 106,025,7868,966,8583247,0
06025011201,Census Tract 112.01,025,8978,1113,14446192,0
06025012302,Census Tract 123.02,025,6613,800,167944683,346057268
06037920039,Census Tract 9200.39,037,1661,179,1042081,1043
06071001200,Census Tract 12,071,4650,556,1540368,0
06037920110,Census Tract 9201.10,037,2912,431,1053815,0
06099003300,Census Tract 33,099,6776,760,640765170,2596432
06099002801,Census Tract 28.01,099,6226,722,275401165,8880717
06099003603,Census Tract 36.03,099,4469,833,135242435,193136
06099001604,Census Tract 16.04,099,3735,753,784624,0
06097153301,Census Tract 1533.01,097,6265,774,27350633,0
06097151702,Census Tract 1517.02,097,3916,534,3450769,365794
06097152602,Census Tract 1526.02,097,987,204,74353690,0
06097151506,Census Tract 1515.06,097,5767,795,2447786,0
06097152402,Census Tract 1524.02,097,3334,358,11116133,105674
06097151404,Census Tract 1514.04,097,3393,573,1198665,0
06097153711,Census Tract 1537.11,097,2601,769,26969761,197451
06097154305,Census Tract 1543.05,097,1634,579,94699164,9539326
06097152803,Census Tract 1528.03,097,4704,722,1327593,0
06097152204,Census Tract 1522.04,097,4339,398,1854584,0
06097152804,Census Tract 1528.04,097,2874,707,701475,0
06097150501,Census Tract 1505.01,097,3070,692,43994896,2744
06097154306,Census Tract 1543.06,097,1757,374,43335597,1106
06097152205,Census Tract 1522.05,097,2183,478,918818,0
06097153905,Census Tract 1539.05,097,4156,687,49659931,64916
06097151403,Census Tract 1514.03,097,4707,709,11098231,0
06097153712,Census Tract 1537.12,097,2015,443,14338928,18053
06097153601,Census Tract 1536.01,097,1726,258,10674699,0
06097153810,Census Tract 1538.10,097,3919,458,30129436,509817
06097153904,Census Tract 1539.04,097,1708,317,16351657,74273
06097153811,Census Tract 1538.11,097,5011,611,6917868,0
06097151206,Census Tract 1512.06,097,5310,724,14250521,29015
06099001100,Census Tract 11,099,5444,707,1801696,0
06099000907,Census Tract 9.07,099,3765,572,1941547,0
06099003400,Census Tract 34,099,1749,343,906394016,1207645
06099002302,Census Tract 23.02,099,4143,564,1926533,53774
06099000908,Census Tract 9.08,099,5004,565,1881830,48443
06099000102,Census Tract 1.02,099,3252,418,223405118,636999
06099003908,Census Tract 39.08,099,3090,580,1009807,43811
06099000302,Census Tract 3.02,099,2589,227,1352885,45038
06099000501,Census Tract 5.01,099,6995,721,37901284,427113
06099002603,Census Tract 26.03,099,3454,622,1294563,0
06099000101,Census Tract 1.01,099,5561,780,429824904,8942771
06037900501,Census Tract 9005.01,037,7504,1148,3117603,427
06037900504,Census Tract 9005.04,037,6568,895,10574239,1223
06037800412,Census Tract 8004.12,037,3460,607,7171172,4017651
06037224702,Census Tract 2247.02,037,2483,300,395566,0
06037403327,Census Tract 4033.27,037,2402,264,8757543,115181
06037270102,Census Tract 2701.02,037,2380,496,196322,0
06037271703,Census Tract 2717.03,037,2805,348,453321,0
06037407802,Census Tract 4078.02,037,3218,363,3134375,1706
06037269909,Census Tract 2699.09,037,2238,614,169898,0
06037271704,Census Tract 2717.04,037,2987,895,543743,0
06107001007,Census Tract 10.07,107,5429,628,2900759,0
06107000204,Census Tract 2.04,107,4359,992,2619285,0
06107001012,Census Tract 10.12,107,11302,1382,6731525,39512
06107003301,Census Tract 33.01,107,4390,1322,43367243,33920
06107004302,Census Tract 43.02,107,2141,544,393173932,295053
06107004402,Census Tract 44.02,107,3654,685,7649289,0
06107004104,Census Tract 41.04,107,5234,1079,2317304,0
06107002011,Census Tract 20.11,107,3445,564,11124375,11922
06107001303,Census Tract 13.03,107,4723,571,2029924,0
06073008355,Census Tract 83.55,073,3065,232,894277,0
06073008356,Census Tract 83.56,073,3976,562,605825,0
06073008357,Census Tract 83.57,073,4619,519,914006,0
06073008358,Census Tract 83.58,073,5836,977,1884731,0
06073008359,Census Tract 83.59,073,4324,613,1113649,0
06073016401,Census Tract 164.01,073,5194,654,2346466,0
06073016100,Census Tract 161,073,6199,913,2832833,0
06073016202,Census Tract 162.02,073,3470,632,6688653,0
06073016301,Census Tract 163.01,073,5120,676,1066973,0
06073016302,Census Tract 163.02,073,5669,895,1190873,0
06037910301,Census Tract 9103.01,037,4520,721,3947734,0
06037910302,Census Tract 9103.02,037,5817,780,4008332,18700
06071000804,Census Tract 8.04,071,3458,464,6443914,417287
06021010401,Census Tract 104.01,021,1313,390,14507843,53126
06081602100,Census Tract 6021,081,3262,520,480239,0
06021010101,Census Tract 101.01,021,4140,551,6589051,0
06021010402,Census Tract 104.02,021,6190,26,8406479,77318
06021010102,Census Tract 101.02,021,4950,525,9526466,0
06081602400,Census Tract 6024,081,7339,663,2721940,0
06081602500,Census Tract 6025,081,5331,656,1190859,0
06037910401,Census Tract 9104.01,037,5742,919,9381772,36024
06095252000,Census Tract 2520,095,4270,587,3139378,5098413
06095252103,Census Tract 2521.03,095,5692,1062,2303290,282
06095252105,Census Tract 2521.05,095,3176,305,2619298,10968
06095252106,Census Tract 2521.06,095,4384,600,2858834,0
06071009714,Census Tract 97.14,071,4179,504,10116545,0
06071010009,Census Tract 100.09,071,5504,1031,17179134,0
06071010015,Census Tract 100.15,071,5725,679,5971603,0
06071010021,Census Tract 100.21,071,8302,1756,6442102,0
06071010402,Census Tract 104.02,071,11067,825,2419463013,0
06071011500,Census Tract 115,071,2177,427,672938634,648142
06071011700,Census Tract 117,071,1583,348,420192533,1786638
06115041102,Census Tract 411.02,115,1071,217,94410923,550493
06115041101,Census Tract 411.01,115,2343,762,464905359,16529900
06063000100,Census Tract 1,063,6089,765,147292077,698439
06063000400,Census Tract 4,063,1904,446,1822619066,6994898
06063000300,Census Tract 3,063,5439,661,1693345247,23281445
06063000201,Census Tract 2.01,063,1258,307,338589328,965105
06063000202,Census Tract 2.02,063,940,220,1502786598,14350461
06115041002,Census Tract 410.02,115,3208,542,192476772,5206412
06115040702,Census Tract 407.02,115,7180,785,30121274,120246
06115040701,Census Tract 407.01,115,9472,833,64634144,1311562
06115041001,Census Tract 410.01,115,3520,618,275920633,1720985
06115040304,Census Tract 403.04,115,7051,637,2517568,0
06115040202,Census Tract 402.02,115,3648,544,2386376,0
06115040201,Census Tract 402.01,115,4428,663,1848804,25602
06115040305,Census Tract 403.05,115,3119,548,2598403,0
06037920111,Census Tract 9201.11,037,3141,548,1175050,0
06037920112,Census Tract 9201.12,037,4277,510,1728572,0
06037920200,Census Tract 9202,037,3604,95,10434506,930778
06037920313,Census Tract 9203.13,037,5349,794,2860972,0
06037920322,Census Tract 9203.22,037,2689,297,1044917,0
06027000300,Census Tract 3,027,2499,325,11875195,2406
06099000201,Census Tract 2.01,099,6467,860,4096194,55433
06099000301,Census Tract 3.01,099,2082,352,1191500,46044
06099000303,Census Tract 3.03,099,6230,659,2561713,0
06099000304,Census Tract 3.04,099,5244,597,2606785,0
06099000202,Census Tract 2.02,099,7848,769,4679902,37644
06099000403,Census Tract 4.03,099,4905,813,3911909,0
06099000404,Census Tract 4.04,099,5969,859,3933491,0
06099000503,Census Tract 5.03,099,4894,431,2380814,0
06099000505,Census Tract 5.05,099,5488,841,3533285,0
06099000601,Census Tract 6.01,099,4345,685,8954530,0
06107001305,Census Tract 13.05,107,2797,702,4042855,0
06107001706,Census Tract 17.06,107,5052,527,10224039,0
06107001102,Census Tract 11.02,107,3866,703,1364169,0
06107003504,Census Tract 35.04,107,6342,1263,4533234,0
06107003503,Census Tract 35.03,107,5242,724,3228851,0
06107004103,Census Tract 41.03,107,4030,632,2013359,94097
06107003903,Census Tract 39.03,107,3175,721,2406010,0
06107004401,Census Tract 44.01,107,3685,708,9215140,0
06107001101,Census Tract 11.01,107,2731,570,683340,0
06107001304,Census Tract 13.04,107,5186,1520,19875530,0
06107004301,Census Tract 43.01,107,2722,530,199640545,0
06107003402,Census Tract 34.02,107,2821,426,87611397,690300
06073003209,Census Tract 32.09,073,5436,783,1316743,0
06073003211,Census Tract 32.11,073,3094,434,857738,0
06073003212,Census Tract 32.12,073,3748,453,1257736,0
06073003213,Census Tract 32.13,073,3984,503,1197047,0
06037206301,Census Tract 2063.01,037,1929,289,135445,0
06037207901,Census Tract 2079.01,037,4049,469,203283,0
06037264306,Census Tract 2643.06,037,1806,268,356643,0
06037206202,Census Tract 2062.02,037,1702,240,377893,0
06037267202,Census Tract 2672.02,037,3880,632,575907,0
06037207712,Census Tract 2077.12,037,4967,699,407275,0
06037207308,Census Tract 2073.08,037,1074,243,45914,0
06037206052,Census Tract 2060.52,037,3160,474,907764,16638
06037206302,Census Tract 2063.02,037,1289,250,46422,0
06037206201,Census Tract 2062.01,037,2191,376,200835,0
06037402504,Census Tract 4025.04,037,2267,313,600367,0
06037271803,Census Tract 2718.03,037,3426,612,228595,0
06037216901,Census Tract 2169.01,037,3014,411,703173,0
06037207305,Census Tract 2073.05,037,1051,209,202772,0
06037265524,Census Tract 2655.24,037,2806,314,429281,0
06037203601,Census Tract 2036.01,037,2697,474,329988,0
06037207306,Census Tract 2073.06,037,2193,282,161373,0
06037264304,Census Tract 2643.04,037,2276,352,203711,0
06037530603,Census Tract 5306.03,037,4141,501,1237117,0
06037206054,Census Tract 2060.54,037,2174,413,397066,21680
06037267101,Census Tract 2671.01,037,3039,607,484394,0
06037203602,Census Tract 2036.02,037,2065,315,223414,0
06037270101,Census Tract 2701.01,037,1832,361,374512,0
06037407202,Census Tract 4072.02,037,3132,554,808408,0
06037226701,Census Tract 2267.01,037,2287,254,376108,0
06037224701,Census Tract 2247.01,037,2550,128,235489,0
06037800411,Census Tract 8004.11,037,2486,561,9038396,1190428
06037482404,Census Tract 4824.04,037,3316,965,938964,0
06037482801,Census Tract 4828.01,037,3920,652,3165244,0
06037267201,Census Tract 2672.01,037,2666,379,599858,0
06037267405,Census Tract 2674.05,037,2512,306,213687,0
06037407901,Census Tract 4079.01,037,4195,869,1025305,0
06037207303,Census Tract 2073.03,037,2688,450,177016,0
06037207902,Census Tract 2079.02,037,7082,982,699776,0
06037267504,Census Tract 2675.04,037,3544,646,256302,0
06037433803,Census Tract 4338.03,037,3302,472,1188826,0
06037407201,Census Tract 4072.01,037,3316,527,646890,0
06037407502,Census Tract 4075.02,037,3622,402,1029828,0
06037264305,Census Tract 2643.05,037,4518,1475,1345942,0
06037403409,Census Tract 4034.09,037,3966,399,4684452,0
06073008360,Census Tract 83.60,073,6592,1816,2785975,0
06073008502,Census Tract 85.02,073,6507,1304,3180413,0
06073008504,Census Tract 85.04,073,5774,894,3017640,0
06073008505,Census Tract 85.05,073,5419,598,2952888,0
06073016502,Census Tract 165.02,073,7767,1162,2102969,0
06073017104,Census Tract 171.04,073,4057,533,2195133,0
06073017107,Census Tract 171.07,073,3202,457,1887835,0
06081603700,Census Tract 6037,081,5356,521,1855798,0
06081612600,Census Tract 6126,081,4317,450,1302567,0
06081612700,Census Tract 6127,081,2078,243,1275410,0
06081612800,Census Tract 6128,081,3126,480,1651059,0
06095252107,Census Tract 2521.07,095,3256,351,2681073,0
06095252108,Census Tract 2521.08,095,2854,342,1668289,0
06095252306,Census Tract 2523.06,095,2967,405,1865851,0
06095252401,Census Tract 2524.01,095,4538,625,1400893,0
06037461200,Census Tract 4612,037,4424,478,2455789,0
06037503501,Census Tract 5035.01,037,6783,1520,1540996,0
06037503104,Census Tract 5031.04,037,2375,547,541380,5382
06037601501,Census Tract 6015.01,037,3553,612,473123,0
06037500204,Census Tract 5002.04,037,2341,430,5316959,755
06037482403,Census Tract 4824.03,037,3291,489,961740,0
06037405702,Census Tract 4057.02,037,5333,810,1376777,0
06037431400,Census Tract 4314,037,3647,577,1594643,203692
06037404503,Census Tract 4045.03,037,3061,345,656776,0
06095252402,Census Tract 2524.02,095,5332,980,15039229,252153
06095252501,Census Tract 2525.01,095,2792,484,1116457,9143
06021010200,Census Tract 102,021,4720,535,134866712,907130
06021010501,Census Tract 105.01,021,3773,494,159069550,4132362
06021010502,Census Tract 105.02,021,1212,280,526507967,7717827
06021010300,Census Tract 103,021,2196,326,2543708130,20783679
06037920328,Census Tract 9203.28,037,1961,388,2343533,10965
06037920329,Census Tract 9203.29,037,5091,1124,2196954,0
06037920330,Census Tract 9203.30,037,4445,450,3243808,620
06037920334,Census Tract 9203.34,037,6224,692,2719062,21085
06037141500,Census Tract 1415,037,2807,663,3275159,0
06037209201,Census Tract 2092.01,037,3494,407,168180,0
06037264303,Census Tract 2643.03,037,2635,401,216455,0
06037217102,Census Tract 2171.02,037,2627,299,501915,0
06037265523,Census Tract 2655.23,037,2394,830,338474,0
06037433903,Census Tract 4339.03,037,5389,797,909752,0
06037216902,Census Tract 2169.02,037,2318,654,391386,0
06037216202,Census Tract 2162.02,037,2613,351,502543,0
06037265522,Census Tract 2655.22,037,1975,317,252474,0
06037216302,Census Tract 2163.02,037,3210,356,708984,0
06037406801,Census Tract 4068.01,037,4756,678,1730808,14107
06037209105,Census Tract 2091.05,037,2995,697,83227,0
06037406903,Census Tract 4069.03,037,7988,962,1957286,4284
06037208001,Census Tract 2080.01,037,3070,552,575976,0
06037406413,Census Tract 4064.13,037,7065,713,3144662,31606
06037433505,Census Tract 4335.05,037,3997,748,765197,0
06037216201,Census Tract 2162.01,037,2626,411,461879,0
06037402601,Census Tract 4026.01,037,2921,499,1034756,0
06037265307,Census Tract 2653.07,037,2983,500,217570,0
06037214505,Census Tract 2145.05,037,1731,199,124378,0
06037199801,Census Tract 1998.01,037,3520,638,345036,0
06037265702,Census Tract 2657.02,037,2942,836,375386,0
06037265306,Census Tract 2653.06,037,1920,286,93246,0
06037404806,Census Tract 4048.06,037,6207,822,1513072,16401
06037214504,Census Tract 2145.04,037,3273,438,133811,0
06037433103,Census Tract 4331.03,037,6311,630,2025695,57077
06037402602,Census Tract 4026.02,037,4498,756,1247240,0
06037199802,Census Tract 1998.02,037,1905,263,306222,0
06037208002,Census Tract 2080.02,037,3983,833,395184,0
06037211124,Census Tract 2111.24,037,4171,926,395043,0
06037199002,Census Tract 1990.02,037,2697,487,1282802,62385
06037214903,Census Tract 2149.03,037,1677,364,136477,0
06037214904,Census Tract 2149.04,037,1567,247,176200,0
06037406201,Census Tract 4062.01,037,3321,565,798896,0
06037403601,Census Tract 4036.01,037,6713,1147,4895261,25796
06037800104,Census Tract 8001.04,037,3728,665,34221882,14552
06037217101,Census Tract 2171.01,037,2785,1342,395918,0
06037207304,Census Tract 2073.04,037,2522,479,50317,0
06037192420,Census Tract 1924.20,037,3114,350,324905,0
06037221302,Census Tract 2213.02,037,3782,569,462145,0
06037231500,Census Tract 2315,037,5050,729,919207,0
06037430723,Census Tract 4307.23,037,4893,806,486394,0
06037432901,Census Tract 4329.01,037,4351,548,1134679,0
06037700400,Census Tract 7004,037,4547,622,1315939,0
06099000602,Census Tract 6.02,099,3075,514,3915975,0
06099000805,Census Tract 8.05,099,6015,665,1996316,0
06099000806,Census Tract 8.06,099,4466,715,1412660,0
06099000807,Census Tract 8.07,099,3573,390,1315461,0
06099000801,Census Tract 8.01,099,6879,964,3338122,0
06099000803,Census Tract 8.03,099,5173,1177,2040854,0
06099000905,Census Tract 9.05,099,6602,1221,2452202,0
06099000906,Census Tract 9.06,099,7034,1099,2485043,0
06099000909,Census Tract 9.09,099,4585,383,1681425,0
06079012708,Census Tract 127.08,079,1036,357,2617409659,5755217
06079012705,Census Tract 127.05,079,6249,769,254368291,65802
06079012601,Census Tract 126.01,079,6165,732,8962965,108658
06079012706,Census Tract 127.06,079,4060,371,91329699,0
06079013100,Census Tract 131,079,6475,983,226793999,793972
06079010506,Census Tract 105.06,079,2335,629,3841753,1250725
06079010301,Census Tract 103.01,079,3995,631,1050970631,4054189
06079011505,Census Tract 115.05,079,5040,439,309863351,2411536
06073003214,Census Tract 32.14,073,4398,520,1242168,0
06073003301,Census Tract 33.01,073,3548,647,1525029,0
06073003303,Census Tract 33.03,073,4406,559,622757,0
06073003403,Census Tract 34.03,073,3416,460,1383836,0
06073008506,Census Tract 85.06,073,4027,434,1289961,0
06073008507,Census Tract 85.07,073,6606,893,2237199,0
06073008509,Census Tract 85.09,073,6558,751,1952836,0
06029001105,Census Tract 11.05,029,3675,747,911591,0
06019002501,Census Tract 25.01,019,4443,592,1308396,0
06019004703,Census Tract 47.03,019,4411,744,1283420,0
06019006900,Census Tract 69,019,3024,461,56880840,0
06019007700,Census Tract 77,019,6559,1632,186916474,0
06029002501,Census Tract 25.01,029,4443,719,2459385,0
06029002304,Census Tract 23.04,029,3556,1220,1397823,0
06029003002,Census Tract 30.02,029,3486,624,1331145,0
06029003125,Census Tract 31.25,029,3271,590,1331497,0
06029003127,Census Tract 31.27,029,4123,580,1331776,0
06029003219,Census Tract 32.19,029,5800,1012,2596492,0
06029004606,Census Tract 46.06,029,2651,481,46227711,76845
06029001104,Census Tract 11.04,029,2556,268,1117684,0
06019001700,Census Tract 17,019,5898,649,73391736,44038
06019007004,Census Tract 70.04,019,6537,802,18461430,0
06019005904,Census Tract 59.04,019,7787,693,49726714,0
06073008510,Census Tract 85.10,073,5814,562,2029578,0
06073008512,Census Tract 85.12,073,4137,349,2080872,0
06073017108,Census Tract 171.08,073,4328,409,2099887,0
06073017303,Census Tract 173.03,073,3542,682,2698028,734557
06099003201,Census Tract 32.01,099,5838,570,7003430,970
06081604000,Census Tract 6040,081,3375,394,915011,0
06081604102,Census Tract 6041.02,081,3030,467,2320771,0
06037900804,Census Tract 9008.04,037,3450,550,1475336,0
06037900805,Census Tract 9008.05,037,5852,1028,2637778,673
06037900806,Census Tract 9008.06,037,4171,645,1795825,0
06037301100,Census Tract 3011,037,6912,987,1330131,14710
06037301204,Census Tract 3012.04,037,4967,662,408912,0
06095252605,Census Tract 2526.05,095,5272,457,1573074,0
06037301300,Census Tract 3013,037,2061,323,1164882,0
06037302102,Census Tract 3021.02,037,5819,907,1035617,0
06037302104,Census Tract 3021.04,037,3510,387,569424,0
06037302201,Census Tract 3022.01,037,3381,429,497659,0
06037302301,Census Tract 3023.01,037,3654,354,700562,0
06019004301,Census Tract 43.01,019,4318,664,5424399,257481
06019007300,Census Tract 73,019,3777,492,164109853,595054
06019001600,Census Tract 16,019,5637,624,51215833,0
06019000400,Census Tract 4,019,5654,773,3403397,0
06019005403,Census Tract 54.03,019,5023,1146,1297000,0
06095252606,Census Tract 2526.06,095,5740,1053,1309481,0
06095252607,Census Tract 2526.07,095,4002,779,770030,0
06095252608,Census Tract 2526.08,095,4820,1136,898915,7915
06095252703,Census Tract 2527.03,095,4290,501,1316526,0
06095252704,Census Tract 2527.04,095,4903,637,1329730,1210
06095252705,Census Tract 2527.05,095,6402,872,1726042,589
06095252706,Census Tract 2527.06,095,4431,380,4164175,4279
06095252707,Census Tract 2527.07,095,4490,639,3770113,1666
06037700600,Census Tract 7006,037,4721,900,5682870,2279
06037910502,Census Tract 9105.02,037,4139,610,2003733,0
06037302302,Census Tract 3023.02,037,5134,1018,633035,0
06019004100,Census Tract 41,019,3338,722,78053113,0
06019008301,Census Tract 83.01,019,5419,623,34322866,1246574
06019005503,Census Tract 55.03,019,8550,1032,18450180,827886
06037920042,Census Tract 9200.42,037,7539,996,3785972,0
06083002014,Census Tract 20.14,083,6509,866,2940531,0
06037700700,Census Tract 7007,037,2935,578,3530596,0
06019001500,Census Tract 15,019,1890,376,38156231,75314
06019007600,Census Tract 76,019,3915,712,356818711,0
06019008402,Census Tract 84.02,019,780,309,452663714,2079945
06029001106,Census Tract 11.06,029,2516,499,692361,0
06019005505,Census Tract 55.05,019,6042,648,2578412,0
06019003900,Census Tract 39,019,4437,1073,456644747,1669531
06019008100,Census Tract 81,019,6380,592,7710177,0
06019007400,Census Tract 74,019,2995,655,130140495,0
06029001002,Census Tract 10.02,029,2776,636,982581,0
06029002702,Census Tract 27.02,029,3157,448,1187069,0
06029002901,Census Tract 29.01,029,3644,1040,1359957,0
06029002902,Census Tract 29.02,029,3827,459,1316261,0
06029003133,Census Tract 31.33,029,2673,383,2203107,0
06029003131,Census Tract 31.31,029,3111,335,2544973,0
06029003130,Census Tract 31.30,029,5067,1535,1410635,0
06029003128,Census Tract 31.28,029,4631,719,1331706,0
06019006802,Census Tract 68.02,019,3419,436,37298097,58595
06079010904,Census Tract 109.04,079,2812,45,16379109,22384
06079011201,Census Tract 112.01,079,4675,549,7621755,0
06079011202,Census Tract 112.02,079,4399,1496,7410096,0
06079011105,Census Tract 111.05,079,3844,445,1179533,0
06079010017,Census Tract 100.17,079,4174,518,518600624,22727258
06079012305,Census Tract 123.05,079,5489,572,35791761,0
06079012406,Census Tract 124.06,079,4174,1206,7480032,0
06079012403,Census Tract 124.03,079,3815,885,7383860,0
06079011706,Census Tract 117.06,079,3193,382,20337597,0
06099003700,Census Tract 37,099,5052,618,40414130,0
06099003802,Census Tract 38.02,099,4834,842,2432440,0
06079012002,Census Tract 120.02,079,4621,565,1612778,0
06079011705,Census Tract 117.05,079,1660,409,1631425,99354
06079012001,Census Tract 120.01,079,2637,426,891224,0
06079012201,Census Tract 122.01,079,3274,522,2972422,428925
06079012202,Census Tract 122.02,079,3364,691,1797686,0
06079011104,Census Tract 111.04,079,1952,244,1121776,0
06079012306,Census Tract 123.06,079,4634,884,132543340,7628130
06079012405,Census Tract 124.05,079,2722,479,4640517,0
06079012404,Census Tract 124.04,079,6378,601,8543695,985
06079010206,Census Tract 102.06,079,3170,333,4373020,0
06079011904,Census Tract 119.04,079,6851,832,2278433,0
06079010302,Census Tract 103.02,079,3093,381,94523945,13838
06079010207,Census Tract 102.07,079,4088,613,38876526,0
06079010505,Census Tract 105.05,079,3492,468,3126731,0
06073003404,Census Tract 34.04,073,4586,819,1670668,0
06073003501,Census Tract 35.01,073,3447,545,1188116,0
06073003502,Census Tract 35.02,073,4637,1177,780126,0
06073003602,Census Tract 36.02,073,3383,789,657402,0
06073003603,Census Tract 36.03,073,3281,459,677687,0
06097150205,Census Tract 1502.05,097,4461,681,15543272,0
06097150206,Census Tract 1502.06,097,1293,344,16648290,0
06097150502,Census Tract 1505.02,097,1756,236,58614363,90641
06097151505,Census Tract 1515.05,097,1205,165,24604274,44762
06097154307,Census Tract 1543.07,097,768,125,108897903,16987374
06077003119,Census Tract 31.19,077,3490,504,1419750,284864
06077003116,Census Tract 31.16,077,2731,709,793834,0
06077003118,Census Tract 31.18,077,3305,545,1391411,114238
06077003117,Census Tract 31.17,077,3441,524,2983209,177640
06077003115,Census Tract 31.15,077,4029,841,1268912,24983
06077004310,Census Tract 43.10,077,3058,748,1363690,0
06077004309,Census Tract 43.09,077,2475,383,1248111,0
06077004205,Census Tract 42.05,077,3236,484,1380013,0
06077005223,Census Tract 52.23,077,11561,934,25314202,158124
06077005222,Census Tract 52.22,077,4839,1375,2277647,0
06077005312,Census Tract 53.12,077,3391,372,1293912,0
06077003805,Census Tract 38.05,077,3099,520,1029924,35260
06077003804,Census Tract 38.04,077,5960,658,2208440,217210
06077003808,Census Tract 38.08,077,4360,692,1122431,0
06077005139,Census Tract 51.39,077,3815,524,3217391,0
06077005136,Census Tract 51.36,077,3247,762,1151903,0
06077003503,Census Tract 35.03,077,8989,2034,2817989,10056
06077004107,Census Tract 41.07,077,3550,497,38353908,204032
06077005137,Census Tract 51.37,077,9636,1263,5817635,0
06077005311,Census Tract 53.11,077,3029,662,791101,0
06077000102,Census Tract 1.02,077,2202,438,1316061,16915
06077004206,Census Tract 42.06,077,2958,512,1383031,0
06077003219,Census Tract 32.19,077,11405,1261,4143185,125031
06077000802,Census Tract 8.02,077,1517,308,4500551,465029
06077004004,Census Tract 40.04,077,7684,1141,6656190,424127
06073008513,Census Tract 85.13,073,2946,365,1496047,0
06073008600,Census Tract 86,073,6204,1040,2670768,0
06073008701,Census Tract 87.01,073,3169,422,1682952,0
06073008702,Census Tract 87.02,073,4980,623,2695594,0
06073017305,Census Tract 173.05,073,3032,484,3963147,241875
06081604400,Census Tract 6044,081,5131,476,2047790,61644
06081604800,Census Tract 6048,081,5464,659,1033921,0
06081605100,Census Tract 6051,081,3108,397,2620759,1639783
06077004904,Census Tract 49.04,077,4694,475,6017964,0
06077004903,Census Tract 49.03,077,2732,477,3750528,0
06077005140,Census Tract 51.40,077,3948,723,3476932,0
06077005138,Census Tract 51.38,077,3128,463,2860075,0
06077004906,Census Tract 49.06,077,3341,1054,144533064,563786
06077004905,Census Tract 49.05,077,2819,577,94618550,1102718
06077001501,Census Tract 15.01,077,5599,1513,3194300,20052
06077001502,Census Tract 15.02,077,3837,779,1568535,0
06037267102,Census Tract 2671.02,037,3258,526,619564,0
06037209106,Census Tract 2091.06,037,2879,462,221625,0
06037207307,Census Tract 2073.07,037,1432,271,48861,0
06037481403,Census Tract 4814.03,037,3038,1138,810392,0
06037404804,Census Tract 4048.04,037,4333,466,947325,0
06037481404,Census Tract 4814.04,037,3842,575,1024278,0
06037432502,Census Tract 4325.02,037,4179,1027,1555512,204455
06037401706,Census Tract 4017.06,037,5106,632,1239510,0
06037432001,Census Tract 4320.01,037,2332,235,730425,0
06037432002,Census Tract 4320.02,037,5356,768,1509664,0
06037190702,Census Tract 1907.02,037,1322,239,200007,0
06037401707,Census Tract 4017.07,037,8178,1420,2105068,0
06037189801,Census Tract 1898.01,037,2429,325,410739,0
06037190701,Census Tract 1907.01,037,1748,354,442507,0
06037190101,Census Tract 1901.01,037,1600,309,224370,0
06037189802,Census Tract 1898.02,037,1934,304,318999,0
06037800103,Census Tract 8001.03,037,3818,1296,18475116,0
06037481203,Census Tract 4812.03,037,6206,879,1557252,0
06037189906,Census Tract 1899.06,037,2324,239,202776,0
06037189907,Census Tract 1899.07,037,2681,883,162253,0
06037190302,Census Tract 1903.02,037,2491,536,239835,0
06037408900,Census Tract 4089,037,5462,520,3102664,54944
06037185101,Census Tract 1851.01,037,2427,367,815112,0
06073018621,Census Tract 186.21,073,1812,305,601061,0
06073009108,Census Tract 91.08,073,2133,324,1552468,0
06073017069,Census Tract 170.69,073,2162,213,984288,0
06077005141,Census Tract 51.41,077,3418,427,1471636,0
06077005503,Census Tract 55.03,077,2030,365,77604336,3437422
06077005219,Census Tract 52.19,077,5075,670,2570280,0
06077005217,Census Tract 52.17,077,3589,762,1698815,0
06077005214,Census Tract 52.14,077,11911,1058,80768622,3558680
06077005216,Census Tract 52.16,077,5388,835,1902494,0
06077005215,Census Tract 52.15,077,4568,1075,3127454,32700
06077005220,Census Tract 52.20,077,2469,411,1603407,0
06077005309,Census Tract 53.09,077,2804,265,1311283,0
06077005211,Census Tract 52.11,077,4801,380,1348737,0
06077005213,Census Tract 52.13,077,3809,358,38565602,39514
06077005224,Census Tract 52.24,077,5624,1039,1871843,0
06077005310,Census Tract 53.10,077,4171,867,1025673,0
06077005212,Census Tract 52.12,077,7945,1728,3748901,0
06077004108,Census Tract 41.08,077,8063,956,20498207,214978
06077003504,Census Tract 35.04,077,8195,915,5355440,25205
06077000101,Census Tract 1.01,077,1968,371,573827,0
06077003806,Census Tract 38.06,077,3774,548,1007487,0
06077003502,Census Tract 35.02,077,2695,344,14093243,5937
06077005221,Census Tract 52.21,077,9357,1248,2946942,0
06077003501,Census Tract 35.01,077,2256,547,4150667,12805
06077980000,Census Tract 9800,077,827,55,554378,0
06077005225,Census Tract 52.25,077,3422,584,34197011,1400358
06077003218,Census Tract 32.18,077,3194,357,1086271,2230
06077004003,Census Tract 40.03,077,4954,595,1891711,157002
06077003807,Census Tract 38.07,077,3061,874,1059786,31238
06077005218,Census Tract 52.18,077,3470,382,862716,0
06077000803,Census Tract 8.03,077,5730,1014,4312193,15051
06037310300,Census Tract 3103,037,2986,498,1061193,0
06081605200,Census Tract 6052,081,3764,412,947762,0
06095252610,Census Tract 2526.10,095,3039,370,982758,0
06095252908,Census Tract 2529.08,095,3693,370,1097778,0
06037310400,Census Tract 3104,037,3609,781,1406752,0
06095252909,Census Tract 2529.09,095,6275,676,5655952,1700
06095253000,Census Tract 2530,095,5777,112,3593776,7670
06095252801,Census Tract 2528.01,095,2814,410,2552437,10113
06053012601,Census Tract 126.01,053,2945,126,1691242,60486
06053011002,Census Tract 110.02,053,2501,563,449491959,1241322
06053012504,Census Tract 125.04,053,2361,493,929346,528212
06053014108,Census Tract 141.08,053,5200,615,9897833,1165542
06053011305,Census Tract 113.05,053,4553,663,543936780,4614641
06053011901,Census Tract 119.01,053,2080,266,15464050,1650739
06053011606,Census Tract 116.06,053,2568,678,33537191,213934
06053011001,Census Tract 110.01,053,3628,479,40145824,312975
06053011902,Census Tract 119.02,053,1508,280,5409148,1433183
06053000106,Census Tract 1.06,053,5914,1054,1145634,0
06053012503,Census Tract 125.03,053,2576,516,737666,0
06053011104,Census Tract 111.04,053,5725,832,1446187,0
06053000105,Census Tract 1.05,053,3069,733,928215,0
06053011103,Census Tract 111.03,053,4523,872,1683613,456
06053011105,Census Tract 111.05,053,7768,756,2134685,5489
06053011106,Census Tract 111.06,053,1876,254,115201587,97050
06053011605,Census Tract 116.05,053,3012,527,12431401,94312
06053011306,Census Tract 113.06,053,3242,685,1755507,0
06029003209,Census Tract 32.09,029,4724,1006,1294228,0
06029003218,Census Tract 32.18,029,6772,1729,2591914,0
06029003220,Census Tract 32.20,029,8240,1313,40521411,0
06029003222,Census Tract 32.22,029,1682,325,275625783,0
06029003210,Census Tract 32.10,029,5355,835,2587490,0
06029006011,Census Tract 60.11,029,3211,390,1190408281,1526014
06029003307,Census Tract 33.07,029,2960,609,1004207741,354323
06029006012,Census Tract 60.12,029,2827,576,573538703,196833
06029002825,Census Tract 28.25,029,2886,620,1195770,0
06029005206,Census Tract 52.06,029,2273,587,913238442,1935121
06029004607,Census Tract 46.07,029,6119,1152,15881349,64422
06029001001,Census Tract 10.01,029,4016,936,43501892,0
06029002303,Census Tract 23.03,029,3428,532,3728899,0
06029005207,Census Tract 52.07,029,1484,371,1069891340,18559962
06029002401,Census Tract 24.01,029,1707,201,10052677,0
06029006010,Census Tract 60.10,029,3416,334,74996891,48712
06029005514,Census Tract 55.14,029,3686,727,381521325,111186
06029006009,Census Tract 60.09,029,3123,567,196519434,147020
06029002202,Census Tract 22.02,029,3937,614,1141605,0
06029002001,Census Tract 20.01,029,3201,1318,1437647,0
06029002002,Census Tract 20.02,029,4249,762,1139858,0
06029006600,Census Tract 66,029,4637,737,641171020,3103614
06029002403,Census Tract 24.03,029,2847,418,28945957,0
06029002402,Census Tract 24.02,029,4896,1421,1099662,0
06099002200,Census Tract 22,099,5408,757,3019227,86056
06089010300,Census Tract 103,089,4015,532,4891703,100823
06089010400,Census Tract 104,089,4765,471,6009781,340104
06089010900,Census Tract 109,089,4273,612,4663697,418821
06089011100,Census Tract 111,089,3575,480,4900246,595745
06037900704,Census Tract 9007.04,037,3392,569,5172162,6357
06073003800,Census Tract 38,073,4573,127,1802206,1375884
06073003901,Census Tract 39.01,073,4213,668,641542,0
06073003902,Census Tract 39.02,073,3786,684,1165409,6681
06073004000,Census Tract 40,073,4253,825,856140,0
06073008800,Census Tract 88,073,6061,862,1461012,0
06073008901,Census Tract 89.01,073,5576,836,1299093,0
06083001911,Census Tract 19.11,083,1802,324,407665385,1258968
06083000202,Census Tract 2.02,083,2028,229,1878629,0
06083002015,Census Tract 20.15,083,3801,586,2350121,0
06083001909,Census Tract 19.09,083,3870,446,20356335,10015
06083001907,Census Tract 19.07,083,808,164,235152589,6962077
06083001908,Census Tract 19.08,083,5087,831,38663428,81782
06083980200,Census Tract 9802,083,3452,374,243540790,4708287
06083002504,Census Tract 25.04,083,6519,368,3299201,117114
06083001912,Census Tract 19.12,083,5074,32,11849330,7158
06083980500,Census Tract 9805,083,30,38,158432252,1038961
06083980400,Census Tract 9804,083,2790,166,16500841,154843
06083002408,Census Tract 24.08,083,2355,548,640740,0
06083002709,Census Tract 27.09,083,4157,948,707958,0
06037910815,Census Tract 9108.15,037,5176,652,470716315,688389
06037480602,Census Tract 4806.02,037,4306,563,1631417,24599
06037404805,Census Tract 4048.05,037,2859,550,448710,0
06037401802,Census Tract 4018.02,037,3896,477,2452356,0
06037464102,Census Tract 4641.02,037,4542,1075,3083104,2728
06037464101,Census Tract 4641.01,037,2223,328,3176977,2087
06037401705,Census Tract 4017.05,037,2596,266,1624937,0
06037480601,Census Tract 4806.01,037,3783,367,706577,0
06037431701,Census Tract 4317.01,037,6188,894,3286266,0
06037404203,Census Tract 4042.03,037,3948,623,644916,0
06037211123,Census Tract 2111.23,037,1964,312,172032,0
06037265521,Census Tract 2655.21,037,1578,252,130990,0
06037199001,Census Tract 1990.01,037,2390,427,249852,0
06037432501,Census Tract 4325.01,037,4154,393,1067466,0
06037185102,Census Tract 1851.02,037,3515,832,1462937,0
06037190102,Census Tract 1901.02,037,2629,535,376233,0
06037401801,Census Tract 4018.01,037,4496,730,3550195,12321
06037300503,Census Tract 3005.03,037,5041,963,1083395,0
06037300601,Census Tract 3006.01,037,5617,952,732498,4513
06037113426,Census Tract 1134.26,037,2169,312,1861894,4116
06037113425,Census Tract 1134.25,037,3723,653,334913,4382
06037460601,Census Tract 4606.01,037,5202,467,4853418,11549
06037603901,Census Tract 6039.01,037,4065,469,735668,0
06037554106,Census Tract 5541.06,037,3974,562,733050,0
06037553202,Census Tract 5532.02,037,2879,328,823380,60883
06037553201,Census Tract 5532.01,037,3898,714,1036994,0
06037602512,Census Tract 6025.12,037,1928,371,301648,0
06037551802,Census Tract 5518.02,037,3983,586,1059257,30325
06037503705,Census Tract 5037.05,037,2926,444,1171180,5291
06037602601,Census Tract 6026.01,037,4990,815,1267202,31037
06073018201,Census Tract 182.01,073,3025,408,969847,0
06073018101,Census Tract 181.01,073,3465,441,1252182,0
06073017202,Census Tract 172.02,073,1734,310,2931377,136623
06073018302,Census Tract 183.02,073,1222,233,412782,1683
06073017068,Census Tract 170.68,073,4608,627,3254985,0
06073013325,Census Tract 133.25,073,5457,691,1018898,0
06073013318,Census Tract 133.18,073,7761,1182,1629636,0
06073013317,Census Tract 133.17,073,18047,2011,17262139,0
06073015407,Census Tract 154.07,073,3640,525,826710,0
06073008367,Census Tract 83.67,073,3394,373,1861042,0
06073010017,Census Tract 100.17,073,6562,1096,2887227,0
06073007304,Census Tract 73.04,073,3774,522,496911,295726
06073005602,Census Tract 56.02,073,2096,274,5339988,0
06073001301,Census Tract 13.01,073,2816,463,352169,0
06073021306,Census Tract 213.06,073,4665,655,37880220,0
06073013319,Census Tract 133.19,073,9371,1681,7663327,0
06073013324,Census Tract 133.24,073,2899,337,404780,0
06073009000,Census Tract 90,073,3778,456,1231847,0
06073009101,Census Tract 91.01,073,5425,682,2780258,0
06081605300,Census Tract 6053,081,4898,534,1104845,0
06081605400,Census Tract 6054,081,6557,863,2651441,1270706
06081605800,Census Tract 6058,081,2634,474,1204598,0
06095253101,Census Tract 2531.01,095,5303,641,6233022,0
06095253105,Census Tract 2531.05,095,6407,857,2472064,0
06095253106,Census Tract 2531.06,095,3569,650,1093169,0
06095253107,Census Tract 2531.07,095,5776,910,2543148,0
06095253201,Census Tract 2532.01,095,5122,632,5030332,0
06071980200,Census Tract 9802,071,4161,157,23107655,0
06071009300,Census Tract 93,071,1058,318,11464768,0
06037553902,Census Tract 5539.02,037,6216,951,1055808,0
06037570304,Census Tract 5703.04,037,4688,547,545967,25570
06037620303,Census Tract 6203.03,037,4741,545,1158102,0
06099000910,Census Tract 9.10,099,6877,729,1885963,0
06099001001,Census Tract 10.01,099,6922,846,2602761,0
06099000911,Census Tract 9.11,099,5084,510,1335345,0
06037403801,Census Tract 4038.01,037,5529,729,1882745,0
06037408134,Census Tract 4081.34,037,2687,394,884018,0
06037980034,Census Tract 9800.34,037,0,14,6359662,96643
06037602510,Census Tract 6025.10,037,4001,932,324581,0
06037604200,Census Tract 6042,037,5603,765,1256332,0
06037555300,Census Tract 5553,037,4591,666,1712790,0
06037980012,Census Tract 9800.12,037,13,3,912887,0
06037602201,Census Tract 6022.01,037,4458,699,1613946,960
06037550301,Census Tract 5503.01,037,4196,1203,1585554,71460
06037602513,Census Tract 6025.13,037,1433,299,1787317,11817
06037550101,Census Tract 5501.01,037,3862,699,718115,0
06037240901,Census Tract 2409.01,037,2323,391,344922,6256
06089011300,Census Tract 113,089,5133,657,3310486,1703
06089012000,Census Tract 120,089,5287,495,10833565,68918
06065043248,Census Tract 432.48,065,4031,632,2057874,0
06065043256,Census Tract 432.56,065,3534,505,1932233,7052
06065043264,Census Tract 432.64,065,7839,1193,2681816,0
06065030101,Census Tract 301.01,065,1173,347,487913,0
06065030103,Census Tract 301.03,065,2170,623,1006447,0
06093000100,Census Tract 1,093,1201,215,860405313,44664518
06093000600,Census Tract 6,093,1617,206,548988123,1714094
06037408212,Census Tract 4082.12,037,4599,753,2815221,35899
06037108204,Census Tract 1082.04,037,1849,324,1432707,0
06037603706,Census Tract 6037.06,037,3423,442,353446,20544
06037243002,Census Tract 2430.02,037,3021,425,391782,0
06037240902,Census Tract 2409.02,037,3355,1116,712715,6509
06037500203,Census Tract 5002.03,037,4287,606,1870108,0
06037920047,Census Tract 9200.47,037,6579,1457,516138,0
06037920046,Census Tract 9200.46,037,1910,969,425305,0
06037920049,Census Tract 9200.49,037,6500,822,28373267,1532
06037920343,Census Tract 9203.43,037,4090,574,999033,0
06037920342,Census Tract 9203.42,037,2977,616,812748,0
06037920341,Census Tract 9203.41,037,2885,414,584656,0
06037920048,Census Tract 9200.48,037,5433,496,2664836,0
06037920340,Census Tract 9203.40,037,2652,459,1072931,0
06037115203,Census Tract 1152.03,037,2232,374,604763,0
06065051100,Census Tract 511,065,7004,811,2210112,0
06065980004,Census Tract 9800.04,065,0,14,5735200,0
06065043276,Census Tract 432.76,065,3692,341,7922281,0
06065043512,Census Tract 435.12,065,6916,591,3096476,0
06065043810,Census Tract 438.10,065,5143,591,4302241,0
06085503111,Census Tract 5031.11,085,5418,997,905170,0
06085503112,Census Tract 5031.12,085,3978,600,1136977,0
06085506302,Census Tract 5063.02,085,6357,788,2014346,0
06085511200,Census Tract 5112,085,4765,589,2059515,0
06071002021,Census Tract 20.21,071,4655,524,7780054,0
06071002804,Census Tract 28.04,071,6305,1482,1003614,0
06071000825,Census Tract 8.25,071,3714,419,952026,0
06071002706,Census Tract 27.06,071,14186,963,41433197,0
06071002105,Census Tract 21.05,071,5921,996,3363837,0
06071001503,Census Tract 15.03,071,4059,527,553555,0
06071002037,Census Tract 20.37,071,7481,959,4607027,0
06089012301,Census Tract 123.01,089,2456,637,16993181,754771
06045010801,Census Tract 108.01,045,6041,786,182063541,573798
06045010802,Census Tract 108.02,045,1593,315,311032850,580171
06079012602,Census Tract 126.02,079,1532,230,4434670,0
06079011903,Census Tract 119.03,079,1980,524,1170087,0
06037603703,Census Tract 6037.03,037,2631,429,651955,0
06045011600,Census Tract 116,045,5869,664,3824413,0
06045010500,Census Tract 105,045,4331,337,3718888,830145
06045010900,Census Tract 109,045,4766,631,345787552,3051779
06045010200,Census Tract 102,045,2891,428,1916422695,24940664
06045011800,Census Tract 118,045,2152,465,655827101,1318996
06085509801,Census Tract 5098.01,085,5969,643,1686438,0
06085512401,Census Tract 5124.01,085,3961,500,41363664,9155
06085511911,Census Tract 5119.11,085,4601,563,36552039,1630396
06085506801,Census Tract 5068.01,085,6216,506,2892436,0
06085507600,Census Tract 5076,085,6144,713,13873391,0
06085505202,Census Tract 5052.02,085,8273,989,9163626,0
06085512035,Census Tract 5120.35,085,4519,874,2284568,0
06085511913,Census Tract 5119.13,085,4282,385,1923809,0
06085502500,Census Tract 5025,085,6748,854,2496645,0
06085506502,Census Tract 5065.02,085,5040,707,3021394,50284
06085507206,Census Tract 5072.06,085,2826,280,3237431,0
06085504308,Census Tract 5043.08,085,4898,666,18611790,1413
06085504202,Census Tract 5042.02,085,4151,369,15506825,0
06085504201,Census Tract 5042.01,085,6020,876,2991958,0
06037460800,Census Tract 4608,037,2826,334,6696659,47178
06045010700,Census Tract 107,045,6775,496,26176504,53812
06045011700,Census Tract 117,045,4654,465,176506007,4761244
06045011200,Census Tract 112,045,2670,550,648730165,105252
06045010400,Census Tract 104,045,3042,365,7024717,2704339
06045010300,Census Tract 103,045,4474,580,477229543,4431083
06045011300,Census Tract 113,045,6539,989,263374298,249307
06085503113,Census Tract 5031.13,085,4028,433,728344,0
06111004304,Census Tract 43.04,111,6809,1064,1436436,0
06111980000,Census Tract 9800,111,99,20,58634146,8791830
06111004710,Census Tract 47.10,111,5623,1508,1705452,0
06111004505,Census Tract 45.05,111,2569,583,557727,0
06039000510,Census Tract 5.10,039,5781,827,5048284,0
06039000301,Census Tract 3.01,039,4010,711,7324613,0
06039000302,Census Tract 3.02,039,5080,807,2614848,0
06039001100,Census Tract 11,039,10768,979,1015026391,3473787
06039000203,Census Tract 2.03,039,1582,319,171373962,256085
06039000204,Census Tract 2.04,039,5974,822,118579795,386151
06039000111,Census Tract 1.11,039,2497,452,164870403,0
06039000514,Census Tract 5.14,039,6697,1426,150553298,1604259
06085510500,Census Tract 5105,085,4911,456,2613476,0
06035040304,Census Tract 403.04,035,1908,306,2871481,52803
06035040305,Census Tract 403.05,035,3989,442,174645200,1444856
06085512031,Census Tract 5120.31,085,4099,395,1435711,0
06085502902,Census Tract 5029.02,085,9050,1478,2628380,0
06085502601,Census Tract 5026.01,085,3329,751,1410422,0
06039000513,Census Tract 5.13,039,4304,836,136869282,0
06039000702,Census Tract 7.02,039,6687,1272,5277439,0
06039000701,Census Tract 7.01,039,5803,653,3117609,0
06039000512,Census Tract 5.12,039,5250,557,16159217,0
06039000518,Census Tract 5.18,039,2885,535,4723675,0
06039000902,Census Tract 9.02,039,4861,736,1420595,0
06073008368,Census Tract 83.68,073,6134,692,2642599,0
06073017057,Census Tract 170.57,073,3856,707,2970987,16240
06073021502,Census Tract 215.02,073,9517,860,10700455,0
06073008371,Census Tract 83.71,073,4288,704,2095113,0
06073008373,Census Tract 83.73,073,3323,469,3120782,0
06073017201,Census Tract 172.01,073,2169,310,1451764,1018333
06073007911,Census Tract 79.11,073,2480,327,359337,0
06073007601,Census Tract 76.01,073,1756,437,7619977,10779131
06073008201,Census Tract 82.01,073,1986,489,838136,0
06073020035,Census Tract 200.35,073,6480,766,3399635,0
06073020032,Census Tract 200.32,073,3230,342,4173521,0
06073020033,Census Tract 200.33,073,4031,704,1645563,0
06073020030,Census Tract 200.30,073,8033,1487,5935321,0
06073008377,Census Tract 83.77,073,2008,307,345747,0
06073008379,Census Tract 83.79,073,4043,570,252891,0
06073018202,Census Tract 182.02,073,3550,753,615161,0
06073018616,Census Tract 186.16,073,3358,567,3435395,392608
06073018102,Census Tract 181.02,073,2424,539,1234083,334546
06053014104,Census Tract 141.04,053,2508,47,3204476,0
06053011801,Census Tract 118.01,053,1409,455,1060220,0
06053011203,Census Tract 112.03,053,8393,815,2021448,0
06053014500,Census Tract 145,053,4732,576,13891947,0
06037106112,Census Tract 1061.12,037,5292,528,3228477,0
06037106113,Census Tract 1061.13,037,4049,456,1443463,0
06037106114,Census Tract 1061.14,037,6808,892,1011120,3298
06037106403,Census Tract 1064.03,037,3650,331,1105644,0
06065030104,Census Tract 301.04,065,7610,1072,3271696,171004
06065031601,Census Tract 316.01,065,4458,905,1938920,0
06065040102,Census Tract 401.02,065,6530,938,9927191,0
06037101300,Census Tract 1013,037,4253,416,2580478,0
06037103101,Census Tract 1031.01,037,2876,354,2029806,0
06037103102,Census Tract 1031.02,037,4475,484,1241029,0
06037104103,Census Tract 1041.03,037,4063,909,949109,0
06037104105,Census Tract 1041.05,037,5766,704,584682,0
06065041101,Census Tract 411.01,065,4998,720,1578447,0
06065041102,Census Tract 411.02,065,5350,973,2458349,0
06065043818,Census Tract 438.18,065,4118,492,1820270,0
06065043820,Census Tract 438.20,065,5894,786,4361258,0
06065043821,Census Tract 438.21,065,6191,540,1992646,0
06065044405,Census Tract 444.05,065,1649,265,326292233,39213
06065044518,Census Tract 445.18,065,7665,1131,19391427,0
06065044521,Census Tract 445.21,065,1370,320,169077288,0
06065044919,Census Tract 449.19,065,4931,521,7863730,0
06037106510,Census Tract 1065.10,037,5724,1036,5782012,8398
06037106520,Census Tract 1065.20,037,5270,699,2205882,0
06037106604,Census Tract 1066.04,037,4490,490,2611563,8851
06037106641,Census Tract 1066.41,037,2280,298,1135493,0
06037910605,Census Tract 9106.05,037,4913,763,1343334,6658
06037910714,Census Tract 9107.14,037,4225,662,1003314,651
06045011400,Census Tract 114,045,4692,606,11062526,0
06065044921,Census Tract 449.21,065,2897,618,6792679,0
06065044922,Census Tract 449.22,065,6817,786,12218074,0
06037911001,Census Tract 9110.01,037,3205,657,373322645,902533
06037570403,Census Tract 5704.03,037,3789,431,572547,0
06037920114,Census Tract 9201.14,037,5350,1030,2828392,0
06037402801,Census Tract 4028.01,037,4623,748,1815766,4003
06037403901,Census Tract 4039.01,037,2862,269,1257911,0
06037403902,Census Tract 4039.02,037,5265,828,2113034,0
06037404000,Census Tract 4040,037,4398,657,1317438,3901
06037404100,Census Tract 4041,037,6336,827,1348804,0
06037404301,Census Tract 4043.01,037,6226,897,1107477,0
06037404302,Census Tract 4043.02,037,2347,335,615758,0
06037404401,Census Tract 4044.01,037,3808,640,1450508,0
06037431600,Census Tract 4316,037,3941,537,2128554,0
06085503803,Census Tract 5038.03,085,5388,1472,1052669,0
06111007612,Census Tract 76.12,111,4770,605,3290151,0
06111000702,Census Tract 7.02,111,2938,286,789655,0
06037113232,Census Tract 1132.32,037,5082,621,2065813,0
06037113234,Census Tract 1132.34,037,5411,1228,1012996,9924
06085512052,Census Tract 5120.52,085,4491,425,1471610,64209
06057000900,Census Tract 9,057,3902,550,1300604632,28051666
06057000401,Census Tract 4.01,057,5406,548,18579451,1172452
06057000701,Census Tract 7.01,057,7981,967,224212284,2405863
06097153602,Census Tract 1536.02,097,3782,584,30994297,0
06097151701,Census Tract 1517.01,097,3269,648,1433996,0
06097153707,Census Tract 1537.07,097,1523,199,29580474,623847
06097153201,Census Tract 1532.01,097,4457,751,2933126,0
06065041301,Census Tract 413.01,065,3629,600,2122288,0
06065041302,Census Tract 413.02,065,4411,625,1485889,0
06065043266,Census Tract 432.66,065,5241,913,1047837,0
06065044928,Census Tract 449.28,065,4091,406,6762224,142217
06065044929,Census Tract 449.29,065,3895,467,3132138,87021
06065044931,Census Tract 449.31,065,2471,365,1308035,0
06065044932,Census Tract 449.32,065,2853,341,1332147,0
06065045114,Census Tract 451.14,065,1717,240,3057326,0
06065045116,Census Tract 451.16,065,1570,311,1307573,0
06037402902,Census Tract 4029.02,037,6882,928,1845219,0
06037403000,Census Tract 4030,037,6471,824,2416493,1922
06085506802,Census Tract 5068.02,085,5761,724,2043844,0
06085500800,Census Tract 5008,085,4834,643,1723696,0
06085502302,Census Tract 5023.02,085,3261,534,674195,0
06085501102,Census Tract 5011.02,085,4273,809,1225148,0
06085502703,Census Tract 5027.03,085,4296,451,1398937,0
06085511917,Census Tract 5119.17,085,4379,560,2859293,0
06085511918,Census Tract 5119.18,085,3243,541,20881422,130818
06085509110,Census Tract 5091.10,085,3317,450,607736,0
06085508006,Census Tract 5080.06,085,3817,627,1217035,0
06085506504,Census Tract 5065.04,085,2136,365,209658,0
06085512511,Census Tract 5125.11,085,4774,1184,1384994,0
06085505011,Census Tract 5050.11,085,4828,506,1154015,0
06085508705,Census Tract 5087.05,085,4452,744,609755,0
06085512515,Census Tract 5125.15,085,4837,342,10340587,0
06085508509,Census Tract 5085.09,085,4240,668,543785,0
06085508005,Census Tract 5080.05,085,3835,378,1053936,0
06085504508,Census Tract 5045.08,085,3862,244,952049,0
06085512054,Census Tract 5120.54,085,4457,516,362238,0
06085505013,Census Tract 5050.13,085,5637,627,607159,0
06085504902,Census Tract 5049.02,085,4410,785,816089,0
06085508707,Census Tract 5087.07,085,3907,478,1108538,0
06085508706,Census Tract 5087.06,085,4295,429,849072,0
06085505901,Census Tract 5059.01,085,4101,472,1269397,0
06085503221,Census Tract 5032.21,085,2433,253,1054979,0
06085503220,Census Tract 5032.20,085,4691,504,949951,0
06037404702,Census Tract 4047.02,037,4945,619,1156276,0
06037404703,Census Tract 4047.03,037,3172,498,1206056,78946
06037900807,Census Tract 9008.07,037,3930,765,1318539,0
06037910211,Census Tract 9102.11,037,1882,442,4084761,0
06037900301,Census Tract 9003.01,037,4344,685,6629836,10782
06037900610,Census Tract 9006.10,037,3170,622,3294229,0
06037901215,Census Tract 9012.15,037,3685,361,2604207,2012
06037910720,Census Tract 9107.20,037,5263,1132,1660232,15666
06037261103,Census Tract 2611.03,037,1773,423,2080081,0
06037400208,Census Tract 4002.08,037,1382,205,822366,0
06037104824,Census Tract 1048.24,037,2576,1091,592028,0
06037910814,Census Tract 9108.14,037,3457,722,80230866,27686
06037920050,Census Tract 9200.50,037,1147,138,230136462,2426006
06037910721,Census Tract 9107.21,037,3905,1260,1949510,7741
06037910719,Census Tract 9107.19,037,4305,867,1991576,3691
06037901217,Census Tract 9012.17,037,1421,319,58094562,176046
06037910217,Census Tract 9102.17,037,5970,565,59895434,104435
06037901013,Census Tract 9010.13,037,3899,718,2953199,2644
06037901218,Census Tract 9012.18,037,2425,467,10393184,96264
06037900808,Census Tract 9008.08,037,5162,1681,1320256,4409
06037920120,Census Tract 9201.20,037,3876,622,7352243,1510
06037800335,Census Tract 8003.35,037,4329,513,69778212,785115
06037139704,Census Tract 1397.04,037,2752,624,5805662,545561
06037430004,Census Tract 4300.04,037,3433,408,1120611,0
06037800337,Census Tract 8003.37,037,3205,460,2785085,0
06037404903,Census Tract 4049.03,037,2667,283,545369,0
06037143606,Census Tract 1436.06,037,1719,258,230897,12455
06037400605,Census Tract 4006.05,037,6904,641,4968310,960
06037189703,Census Tract 1897.03,037,1842,220,3046221,337933
06037463103,Census Tract 4631.03,037,5479,616,3661950,13187
06037143801,Census Tract 1438.01,037,3276,637,1431401,0
06037189704,Census Tract 1897.04,037,2169,575,951651,21747
06037430005,Census Tract 4300.05,037,3982,623,1035670,0
06037800336,Census Tract 8003.36,037,3607,1020,19772065,21763
06037143802,Census Tract 1438.02,037,2235,402,1164733,0
06037400801,Census Tract 4008.01,037,6825,603,3585828,0
06037139705,Census Tract 1397.05,037,3777,642,3043509,0
06037143605,Census Tract 1436.05,037,1825,290,314004,15312
06037189501,Census Tract 1895.01,037,2245,437,342952,0
06037189502,Census Tract 1895.02,037,2053,260,249297,0
06037190303,Census Tract 1903.03,037,2798,462,163526,0
06037800324,Census Tract 8003.24,037,6557,728,3531836,55687
06037431004,Census Tract 4310.04,037,3138,328,906451,0
06037143302,Census Tract 1433.02,037,3629,505,1030153,6492
06037143101,Census Tract 1431.01,037,1972,470,1322579,46303
06037311601,Census Tract 3116.01,037,2996,1460,1705044,0
06037800334,Census Tract 8003.34,037,3299,665,4741497,0
06037431003,Census Tract 4310.03,037,4613,1276,854271,0
06037800333,Census Tract 8003.33,037,2211,322,1283670,0
06037143401,Census Tract 1434.01,037,5216,646,1109140,0
06037311602,Census Tract 3116.02,037,4618,621,1104285,6584
06037143102,Census Tract 1431.02,037,2449,399,391203,0
06037301902,Census Tract 3019.02,037,3358,760,634513,3753
06037800206,Census Tract 8002.06,037,3493,608,9267203,0
06037143301,Census Tract 1433.01,037,4122,1213,580343,0
06045990100,Census Tract 9901,045,0,14,0,869680392
06045011001,Census Tract 110.01,045,2006,406,209356818,11422424
06089011502,Census Tract 115.02,089,2641,433,19001450,733149
06089012606,Census Tract 126.06,089,3323,460,1919266091,48353626
06089011501,Census Tract 115.01,089,3457,592,22665021,1191301
06089012605,Census Tract 126.05,089,2077,246,421277466,1322039
06065043602,Census Tract 436.02,065,3690,623,1907206,0
06037462600,Census Tract 4626,037,2376,321,1048627,0
06037117405,Census Tract 1174.05,037,3358,586,201834,0
06037117301,Census Tract 1173.01,037,3783,323,1331906,0
06037103300,Census Tract 1033,037,3781,571,6141955,0
06037910807,Census Tract 9108.07,037,5928,764,5526050,0
06037920331,Census Tract 9203.31,037,3794,537,1492849,0
06037920332,Census Tract 9203.32,037,1778,179,3904371,4637
06065044917,Census Tract 449.17,065,3874,481,9125930,166393
06065044918,Census Tract 449.18,065,2516,266,9404578,330035
06065044923,Census Tract 449.23,065,3299,417,1303165,0
06065044924,Census Tract 449.24,065,3362,549,1296821,0
06065044925,Census Tract 449.25,065,3577,805,1947691,0
06065045118,Census Tract 451.18,065,2558,376,2755208,101076
06065045122,Census Tract 451.22,065,1270,246,3321506,339463
06065045123,Census Tract 451.23,065,2317,289,3213132,122059
06073005102,Census Tract 51.02,073,5116,462,227041,0
06073005101,Census Tract 51.01,073,3953,886,226614,0
06073017901,Census Tract 179.01,073,3874,681,1368630,249612
06073022102,Census Tract 221.02,073,7247,1003,6137855,0
06073017070,Census Tract 170.70,073,5572,435,2596020,22002
06073008380,Census Tract 83.80,073,6664,976,2437069,0
06073018301,Census Tract 183.01,073,889,174,780027,1686042
06073017902,Census Tract 179.02,073,2972,769,727906,77667
06073007912,Census Tract 79.12,073,1738,275,398336,0
06073007602,Census Tract 76.02,073,1774,458,832814,0
06073013327,Census Tract 133.27,073,5615,1351,1596133,0
06073017606,Census Tract 176.06,073,3687,502,1994394,0
06073017605,Census Tract 176.05,073,3931,606,2918903,22969
06073010018,Census Tract 100.18,073,6819,767,3418618,0
06073013321,Census Tract 133.21,073,8004,1160,1941352,0
06073020038,Census Tract 200.38,073,5685,919,7445637,0
06073005103,Census Tract 51.03,073,2980,509,1156862,1480308
06073020712,Census Tract 207.12,073,3987,415,6071787,0
06073005401,Census Tract 54.01,073,1859,404,261975,0
06073000301,Census Tract 3.01,073,2311,365,401792,0
06073000302,Census Tract 3.02,073,2873,327,496970,0
06073001801,Census Tract 18.01,073,1982,342,313948,0
06085501101,Census Tract 5011.01,085,3929,418,656885,0
06085503122,Census Tract 5031.22,085,3345,445,3644758,0
06085503121,Census Tract 5031.21,085,5073,764,2146016,0
06085502301,Census Tract 5023.01,085,3021,356,1227223,0
06085503118,Census Tract 5031.18,085,4955,732,566063,0
06067005004,Census Tract 50.04,067,4110,1063,787138,0
06067006705,Census Tract 67.05,067,4779,770,2413503,0
06067009335,Census Tract 93.35,067,6285,1644,1811923,0
06067007434,Census Tract 74.34,067,6455,1215,1658065,0
06067006703,Census Tract 67.03,067,5363,855,2096048,0
06067006801,Census Tract 68.01,067,1743,369,737062,0
06073015002,Census Tract 150.02,073,2984,576,1383435,0
06073015001,Census Tract 150.01,073,4418,1247,1717067,0
06073014701,Census Tract 147.01,073,3688,625,1113875,0
06073014702,Census Tract 147.02,073,3996,663,1414786,0
06073010201,Census Tract 102.01,073,3327,276,6467714,1461087
06073020711,Census Tract 207.11,073,3604,664,101068612,452410
06073010202,Census Tract 102.02,073,3671,638,889570,0
06073009307,Census Tract 93.07,073,4846,555,4627278,0
06073021002,Census Tract 210.02,073,1551,519,1123501184,39623
06073009203,Census Tract 92.03,073,4554,458,1527067,0
06073009204,Census Tract 92.04,073,4129,1224,2055282,0
06073009308,Census Tract 93.08,073,4200,876,883787,45205
06073007401,Census Tract 74.01,073,2808,494,592692,0
06073007303,Census Tract 73.03,073,1592,181,361385,0
06073021401,Census Tract 214.01,073,4176,456,2417754,272503
06073021501,Census Tract 215.01,073,3844,899,1845087,0
06073005601,Census Tract 56.01,073,2883,571,231961,0
06073005403,Census Tract 54.03,073,2415,345,516458,0
06073005402,Census Tract 54.02,073,4577,847,792271,0
06073005301,Census Tract 53.01,073,3849,427,398139,0
06073005802,Census Tract 58.02,073,2948,474,477832,0
06073005801,Census Tract 58.01,073,1913,307,330445,0
06073005201,Census Tract 52.01,073,3503,546,505572,0
06073004102,Census Tract 41.02,073,2103,470,380065,0
06065044926,Census Tract 449.26,065,4913,672,1620115,0
06065044930,Census Tract 449.30,065,3059,546,3740967,112540
06065045117,Census Tract 451.17,065,3489,720,3586116,0
06065045119,Census Tract 451.19,065,3053,459,1918211,104580
06065045707,Census Tract 457.07,065,6462,1058,2066448,0
06037405001,Census Tract 4050.01,037,5218,621,1677531,26529
06037405002,Census Tract 4050.02,037,2935,534,885073,0
06037405102,Census Tract 4051.02,037,5110,543,961817,0
06037405201,Census Tract 4052.01,037,5232,721,1355854,1874
06037405202,Census Tract 4052.02,037,4519,777,953267,0
06037405203,Census Tract 4052.03,037,2804,306,719185,0
06085502604,Census Tract 5026.04,085,4112,794,1281240,0
06037408401,Census Tract 4084.01,037,4305,710,1158807,0
06037431900,Census Tract 4319,037,3346,528,999157,0
06037432101,Census Tract 4321.01,037,4843,671,1160623,0
06037432102,Census Tract 4321.02,037,5793,589,1870465,0
06067004014,Census Tract 40.14,067,2450,438,967437,79391
06067003002,Census Tract 30.02,067,4010,465,1433487,0
06067006501,Census Tract 65.01,067,5162,950,1679203,0
06067004013,Census Tract 40.13,067,3693,982,2359367,0
06067006203,Census Tract 62.03,067,3842,712,918528,0
06067001601,Census Tract 16.01,067,3199,600,1897889,0
06067003001,Census Tract 30.01,067,2826,670,1117528,0
06067007437,Census Tract 74.37,067,6012,668,2414004,0
06067004603,Census Tract 46.03,067,3504,1003,721264,0
06067006803,Census Tract 68.03,067,3515,906,1091195,0
06067006901,Census Tract 69.01,067,2190,322,3492150,163452
06067007109,Census Tract 71.09,067,3671,453,1661291,11511
06067009653,Census Tract 96.53,067,3392,321,107917485,941078
06067004016,Census Tract 40.16,067,1899,183,1161861,255126
06067007021,Census Tract 70.21,067,5914,926,2369887,0
06085512047,Census Tract 5120.47,085,5315,614,1653625,0
06085503117,Census Tract 5031.17,085,2602,501,501958,0
06097153202,Census Tract 1532.02,097,3246,648,9740361,0
06097151406,Census Tract 1514.06,097,3509,538,1737003,0
06031001703,Census Tract 17.03,031,4970,600,770150635,588582
06031001702,Census Tract 17.02,031,5322,581,18595395,0
06031980000,Census Tract 9800,031,6175,761,70171765,189884
06031000406,Census Tract 4.06,031,3555,658,1349085,0
06031000902,Census Tract 9.02,031,3351,767,2142012,0
06031000603,Census Tract 6.03,031,4128,596,2636630,0
06031000604,Census Tract 6.04,031,7761,852,5174662,0
06031000901,Census Tract 9.01,031,3906,538,1820600,0
06037432201,Census Tract 4322.01,037,4638,975,1215872,1122
06037432202,Census Tract 4322.02,037,3408,474,1319679,0
06037460900,Census Tract 4609,037,6457,757,2435554,20361
06031000407,Census Tract 4.07,031,6863,886,3614236,0
06031980100,Census Tract 9801,031,7837,227,5116440,0
06065046800,Census Tract 468,065,6433,535,1961723,0
06065940700,Census Tract 9407,065,2802,255,2591023,40015
06037461000,Census Tract 4610,037,5304,834,1768267,188
06037461100,Census Tract 4611,037,5372,771,1949762,8976
06037400402,Census Tract 4004.02,037,4324,668,4383866,0
06065940800,Census Tract 9408,065,2905,217,2596978,0
06065940900,Census Tract 9409,065,2020,179,2215745,354835
06001444602,Census Tract 4446.02,001,5107,515,5618904,0
06001450502,Census Tract 4505.02,001,5864,657,11295332,0
06001450751,Census Tract 4507.51,001,12378,991,10011414,0
06001450752,Census Tract 4507.52,001,9709,725,17396450,0
06001435602,Census Tract 4356.02,001,5261,515,1143135,0
06001437101,Census Tract 4371.01,001,7371,765,49264545,7210036
06001438203,Census Tract 4382.03,001,4076,604,5255991,0
06001443105,Census Tract 4431.05,001,4499,553,3289426,0
06001443321,Census Tract 4433.21,001,3241,407,558876,0
06001451504,Census Tract 4515.04,001,1464,336,3247420,0
06001403502,Census Tract 4035.02,001,2052,334,181133,0
06111003013,Census Tract 30.13,111,4995,726,1280666,1063
06061021328,Census Tract 213.28,061,12999,1281,185296068,119889
06061020607,Census Tract 206.07,061,6105,914,27699063,39340
06061021324,Census Tract 213.24,061,7680,784,4158137,0
06061020608,Census Tract 206.08,061,4052,641,21274385,25107
06061021325,Census Tract 213.25,061,9075,598,6393764,0
06061021327,Census Tract 213.27,061,9714,862,64332233,0
06061021323,Census Tract 213.23,061,11540,715,8840426,28653
06061021048,Census Tract 210.48,061,3452,583,1099810,0
06061021047,Census Tract 210.47,061,4007,438,2613656,0
06085502901,Census Tract 5029.01,085,6044,770,1882495,0
06111004716,Census Tract 47.16,111,4188,551,3955966,0
06085503337,Census Tract 5033.37,085,4409,584,765975,0
06085512043,Census Tract 5120.43,085,5266,603,922299,0
06085503713,Census Tract 5037.13,085,3082,582,487667,0
06085503902,Census Tract 5039.02,085,6187,1189,1025952,0
06065941100,Census Tract 9411,065,2194,176,2230862,352994
06065941300,Census Tract 9413,065,2745,240,2621206,0
06067001602,Census Tract 16.02,067,2398,346,1156246,0
06067007438,Census Tract 74.38,067,3476,586,742335,0
06067007435,Census Tract 74.35,067,3116,1257,2903270,0
06065941400,Census Tract 9414,065,3996,352,2568727,0
06079012707,Census Tract 127.07,079,4440,534,23535819,0
06079010303,Census Tract 103.03,079,3109,508,533703190,217556
06079010903,Census Tract 109.03,079,7350,392,1830173,0
06079010104,Census Tract 101.04,079,3260,708,2550296,29864
06079010103,Census Tract 101.03,079,3786,793,3749093,0
06037403316,Census Tract 4033.16,037,6890,908,2910036,0
06037403318,Census Tract 4033.18,037,5894,591,3368569,0
06037403319,Census Tract 4033.19,037,4319,602,2224166,9919
06037403320,Census Tract 4033.20,037,5400,742,3916941,0
06037405400,Census Tract 4054,037,4945,642,1328886,0
06037405500,Census Tract 4055,037,6161,956,1864881,0
06001403702,Census Tract 4037.02,001,2198,247,199100,0
06001425101,Census Tract 4251.01,001,1601,248,598450,2087491
06001430101,Census Tract 4301.01,001,6562,880,25683484,0
06001430102,Census Tract 4301.02,001,2425,253,77663212,3506442
06037408624,Census Tract 4086.24,037,3273,379,1379188,0
06037408625,Census Tract 4086.25,037,3708,483,2148733,0
06061021326,Census Tract 213.26,061,4823,518,2628694,0
06085504323,Census Tract 5043.23,085,5814,664,1289173,0
06037432300,Census Tract 4323,037,3749,772,1962983,24156
06037432401,Census Tract 4324.01,037,3785,647,1035278,26650
06037432402,Census Tract 4324.02,037,5529,862,1494702,17039
06013381000,Census Tract 3810,013,6838,969,1963086,0
06085511915,Census Tract 5119.15,085,3754,757,1051515,74592
06085504322,Census Tract 5043.22,085,5285,741,3199380,0
06085512038,Census Tract 5120.38,085,3217,591,1379835,0
06085505006,Census Tract 5050.06,085,11179,1530,14249042,0
06037432601,Census Tract 4326.01,037,6515,971,1404867,0
06037461400,Census Tract 4614,037,2641,384,1016754,0
06037461600,Census Tract 4616,037,4846,843,1661582,0
06037901003,Census Tract 9010.03,037,3160,102,2602876,2164
06037576401,Census Tract 5764.01,037,4027,603,324020,0
06037570502,Census Tract 5705.02,037,5618,629,1997826,0
06037542501,Census Tract 5425.01,037,4361,543,577488,7732
06037461700,Census Tract 4617,037,1353,222,2184325,23766
06065040821,Census Tract 408.21,065,6077,598,1733532,0
06065043252,Census Tract 432.52,065,10051,1097,4517125,0
06085506202,Census Tract 5062.02,085,8313,1044,2514794,0
06065043270,Census Tract 432.70,065,5617,699,3096170,0
06065043271,Census Tract 432.71,065,5331,759,4019073,0
06085508508,Census Tract 5085.08,085,5873,800,1049443,0
06085508507,Census Tract 5085.07,085,3388,647,379886,0
06085508003,Census Tract 5080.03,085,2236,308,798107,0
06081600402,Census Tract 6004.02,081,4510,956,403597,0
06037403321,Census Tract 4033.21,037,4927,594,6363008,1698
06037405600,Census Tract 4056,037,5753,792,2100911,0
06081601901,Census Tract 6019.01,081,3951,541,888161,0
06081603802,Census Tract 6038.02,081,5518,718,2601740,0
06081609201,Census Tract 6092.01,081,3456,289,1080383,0
06081609202,Census Tract 6092.02,081,5161,536,909158,0
06037408303,Census Tract 4083.03,037,4035,788,1842624,83263
06065045115,Census Tract 451.15,065,1796,259,2320000,0
06065045303,Census Tract 453.03,065,2724,308,3231147,0
06065048901,Census Tract 489.01,065,3857,456,941883,0
06065048902,Census Tract 489.02,065,8248,967,1659763,0
06037408627,Census Tract 4086.27,037,2665,287,3125499,0
06085511302,Census Tract 5113.02,085,3880,722,1000469,0
06085512045,Census Tract 5120.45,085,5086,460,2048543,0
06085512037,Census Tract 5120.37,085,2989,238,1008154,0
06085512036,Census Tract 5120.36,085,4768,384,830163,0
06013307102,Census Tract 3071.02,013,5997,856,1603153,0
06013331000,Census Tract 3310,013,7625,776,2816746,0
06085512311,Census Tract 5123.11,085,4119,403,5485241,0
06073000902,Census Tract 9.02,073,2441,330,271153,0
06073004101,Census Tract 41.01,073,4155,568,1134723,0
06073005202,Census Tract 52.02,073,5665,715,233944,0
06073001202,Census Tract 12.02,073,3054,459,367322,0
06073000901,Census Tract 9.01,073,3632,412,350529,0
06073019109,Census Tract 191.09,073,4608,914,89501501,82207
06073017111,Census Tract 171.11,073,4346,1197,23155638,160715
06073017059,Census Tract 170.59,073,3302,441,2141258,0
06073021402,Census Tract 214.02,073,3431,1171,790041,0
06073020042,Census Tract 200.42,073,4759,1581,3551859,180586
06073017112,Census Tract 171.12,073,2319,284,13902869,0
06073020031,Census Tract 200.31,073,6519,1513,4472966,0
06073017113,Census Tract 171.13,073,5175,1115,8997979,0
06073013323,Census Tract 133.23,073,7011,1152,1978257,0
06073020043,Census Tract 200.43,073,5378,574,3595775,0
06073016618,Census Tract 166.18,073,3649,510,1075753,0
06073020110,Census Tract 201.10,073,9085,1593,46726968,770848
06073001802,Census Tract 18.02,073,3501,592,436250,0
06073005302,Census Tract 53.02,073,4426,406,473204,0
06073001302,Census Tract 13.02,073,3238,306,439762,0
06073001201,Census Tract 12.01,073,1982,544,318486,0
06073021305,Census Tract 213.05,073,3876,448,39120045,0
06073021101,Census Tract 211.01,073,4714,858,603854267,4014849
06073013322,Census Tract 133.22,073,4442,351,1509456,0
06073015706,Census Tract 157.06,073,2458,512,271734,0
06073015705,Census Tract 157.05,073,3771,349,413115,0
06073015408,Census Tract 154.08,073,4482,874,2775554,0
06073013425,Census Tract 134.25,073,1906,330,2735893,227892
06081614000,Census Tract 6140,081,6299,609,3165618,0
06081600401,Census Tract 6004.01,081,3131,551,519966,0
06081603801,Census Tract 6038.01,081,2021,249,227422,0
06081984300,Census Tract 9843,081,0,14,7955706,3573117
06065040404,Census Tract 404.04,065,3419,391,2655241,52167
06065043316,Census Tract 433.16,065,3441,361,5058167,0
06065044515,Census Tract 445.15,065,3794,651,6869546,174335
06019000502,Census Tract 5.02,019,2651,492,1181124,0
06037405900,Census Tract 4059,037,4627,547,1320370,0
06085512313,Census Tract 5123.13,085,4008,466,2628221,0
06085512314,Census Tract 5123.14,085,7110,1071,3727193,0
06085512604,Census Tract 5126.04,085,4637,578,2218652,0
06085502603,Census Tract 5026.03,085,2816,300,1220490,0
06037117530,Census Tract 1175.30,037,5586,721,544547,12334
06037119310,Census Tract 1193.10,037,3822,582,425102,3695
06013359104,Census Tract 3591.04,013,2648,564,623380,0
06097152702,Census Tract 1527.02,097,4842,701,20716272,0
06097152701,Census Tract 1527.01,097,5043,755,23851990,0
06097150701,Census Tract 1507.01,097,5332,803,3388570,196497
06097153002,Census Tract 1530.02,097,6847,947,2245573,0
06097150800,Census Tract 1508,097,4543,512,13816446,0
06097152300,Census Tract 1523,097,4032,411,3462063,0
06097153404,Census Tract 1534.04,097,3664,325,8670300,0
06097151309,Census Tract 1513.09,097,6300,634,35824620,0
06097151307,Census Tract 1513.07,097,4964,591,4505241,0
06097151204,Census Tract 1512.04,097,3394,389,3325953,0
06097152501,Census Tract 1525.01,097,3949,534,1987867,0
06013368001,Census Tract 3680.01,013,5498,634,768595,0
06013304003,Census Tract 3040.03,013,3246,369,7430079,1720632
06037221602,Census Tract 2216.02,037,2355,500,522794,0
06037234902,Census Tract 2349.02,037,4450,668,447718,0
06037236203,Census Tract 2362.03,037,3699,757,339340,0
06037236204,Census Tract 2362.04,037,3342,399,229870,0
06037237101,Census Tract 2371.01,037,3762,548,628939,0
06037237202,Census Tract 2372.02,037,4121,781,1108042,472
06037119340,Census Tract 1193.40,037,3615,483,122149,0
06037408705,Census Tract 4087.05,037,5403,893,1927095,953
06037432602,Census Tract 4326.02,037,4198,604,1064490,0
06037432700,Census Tract 4327,037,4630,757,1825589,33529
06037432801,Census Tract 4328.01,037,2224,328,791496,23559
06037432802,Census Tract 4328.02,037,5501,1019,592727,0
06037432902,Census Tract 4329.02,037,2959,359,1088322,0
06025011001,Census Tract 110.01,025,6566,845,168543997,59691
06025011302,Census Tract 113.02,025,1416,176,16903614,0
06025011002,Census Tract 110.02,025,11566,1408,11530640,0
06025010401,Census Tract 104.01,025,2685,673,2315112,0
06025010402,Census Tract 104.02,025,4573,657,3859139,0
06025011303,Census Tract 113.03,025,4420,881,109205375,0
06025011901,Census Tract 119.01,025,1935,463,138563225,0
06025012102,Census Tract 121.02,025,3209,912,1424997,0
06025012003,Census Tract 120.03,025,3854,861,1669882,0
06025011903,Census Tract 119.03,025,5862,1492,84565125,0
06025011902,Census Tract 119.02,025,3318,802,1057005,0
06025012004,Census Tract 120.04,025,5153,682,3248468,0
06025012101,Census Tract 121.01,025,2785,820,1235429,0
06025011301,Census Tract 113.01,025,3852,777,2591069,0
06025012202,Census Tract 122.02,025,3286,614,3052369,0
06025012201,Census Tract 122.01,025,4253,848,2169002,0
06051000201,Census Tract 2.01,051,2976,475,107733258,1626801
06051000202,Census Tract 2.02,051,4238,476,62672730,62740
06037237401,Census Tract 2374.01,037,3957,481,516111,0
06037237402,Census Tract 2374.02,037,4207,825,521230,0
06037239202,Census Tract 2392.02,037,5338,1150,1275622,0
06037239501,Census Tract 2395.01,037,3513,352,474215,0
06037239502,Census Tract 2395.02,037,3406,545,510915,0
06037239602,Census Tract 2396.02,037,3533,558,358086,0
06037239701,Census Tract 2397.01,037,3979,855,409688,0
06037214902,Census Tract 2149.02,037,2652,402,507191,0
06037234501,Census Tract 2345.01,037,2893,588,751800,0
06037234502,Census Tract 2345.02,037,2394,579,544855,0
06037265201,Census Tract 2652.01,037,2526,666,438820,0
06037275101,Census Tract 2751.01,037,962,144,334329,9884
06037119700,Census Tract 1197,037,4568,805,1288674,21675
06037119900,Census Tract 1199,037,4084,643,1052205,0
06037120020,Census Tract 1200.20,037,4161,590,518506,14554
06037120030,Census Tract 1200.30,037,2525,301,377706,0
06037462100,Census Tract 4621,037,4461,707,1043919,0
06037462400,Census Tract 4624,037,3720,577,1305487,10596
06037295103,Census Tract 2951.03,037,4897,670,2056813,1202
06037102103,Census Tract 1021.03,037,2066,490,1186489,0
06037533001,Census Tract 5330.01,037,4423,874,477675,0
06037536104,Census Tract 5361.04,037,3897,588,1964368,0
06037600304,Census Tract 6003.04,037,3623,792,445759,0
06037910715,Census Tract 9107.15,037,6701,769,1986480,985
06037104201,Census Tract 1042.01,037,4337,615,1090097,0
06037910716,Census Tract 9107.16,037,6583,919,2452287,15014
06037104310,Census Tract 1043.10,037,4561,617,1508621,0
06037104401,Census Tract 1044.01,037,2862,492,681117,0
06037124700,Census Tract 1247,037,5070,862,1347617,14339
06037602802,Census Tract 6028.02,037,4265,672,1335288,0
06037603006,Census Tract 6030.06,037,1822,226,687534,0
06037603801,Census Tract 6038.01,037,4712,628,666616,0
06037700101,Census Tract 7001.01,037,5584,772,674083,0
06037700501,Census Tract 7005.01,037,4316,517,597631,0
06037700502,Census Tract 7005.02,037,4087,664,504038,0
06037700801,Census Tract 7008.01,037,4176,458,1454766,0
06037700802,Census Tract 7008.02,037,4129,574,685338,0
06037701402,Census Tract 7014.02,037,5975,777,829444,244198
06037104500,Census Tract 1045,037,3472,795,531002,0
06037104610,Census Tract 1046.10,037,3112,553,592138,0
06037104620,Census Tract 1046.20,037,3198,483,531171,0
06037104701,Census Tract 1047.01,037,4175,462,550504,0
06037125200,Census Tract 1252,037,4151,541,1303250,498
06013303204,Census Tract 3032.04,013,5042,679,2066324,0
06013355110,Census Tract 3551.10,013,3996,655,1791528,0
06013306004,Census Tract 3060.04,013,3477,559,1668864,70526
06013304004,Census Tract 3040.04,013,3320,395,1817822,1445612
06037106642,Census Tract 1066.42,037,3621,630,1577594,0
06037106643,Census Tract 1066.43,037,4082,856,4338941,0
06037107010,Census Tract 1070.10,037,2922,313,684671,0
06037107020,Census Tract 1070.20,037,4953,1097,993964,0
06037108101,Census Tract 1081.01,037,2272,310,1128633,0
06037108102,Census Tract 1081.02,037,3502,527,2183817,0
06019006602,Census Tract 66.02,019,5460,645,2967616,0
06061021103,Census Tract 211.03,061,5239,638,4804136,0
06061021502,Census Tract 215.02,061,4143,602,7456460,0
06013303202,Census Tract 3032.02,013,8956,1130,3725526,0
06013320003,Census Tract 3200.03,013,2928,338,1244701,0
06013392300,Census Tract 3923,013,4040,542,2028922,1274479
06037980018,Census Tract 9800.18,037,0,14,7389851,21307
06037600303,Census Tract 6003.03,037,4605,869,364537,0
06037602505,Census Tract 6025.05,037,4459,587,323592,0
06037602506,Census Tract 6025.06,037,4296,484,324666,0
06037106010,Census Tract 1060.10,037,3653,735,2517807,0
06037123104,Census Tract 1231.04,037,4713,628,781696,0
06037123204,Census Tract 1232.04,037,3183,713,324207,0
06037123206,Census Tract 1232.06,037,2480,231,602849,0
06037123301,Census Tract 1233.01,037,3842,488,1303485,0
06037123303,Census Tract 1233.03,037,2932,361,633407,0
06037125310,Census Tract 1253.10,037,4373,650,1053984,0
06037125600,Census Tract 1256,037,3043,465,1022291,0
06037127210,Census Tract 1272.10,037,5608,647,1539733,1672
06037127220,Census Tract 1272.20,037,4792,733,652930,0
06037127300,Census Tract 1273,037,3740,676,1059246,0
06037127400,Census Tract 1274,037,5620,679,2157565,24074
06061021003,Census Tract 210.03,061,6912,754,7618630,0
06061020105,Census Tract 201.05,061,1480,425,27538208,917608
06061020601,Census Tract 206.01,061,7165,746,24900795,21025573
06061021304,Census Tract 213.04,061,5955,673,201360521,2245211
06037602507,Census Tract 6025.07,037,4574,571,322627,0
06037240402,Census Tract 2404.02,037,3954,645,601299,0
06037241001,Census Tract 2410.01,037,5690,1160,904106,2395
06037533805,Census Tract 5338.05,037,3912,649,445186,0
06037402405,Census Tract 4024.05,037,2551,275,1013779,0
06037402705,Census Tract 4027.05,037,3704,477,865507,0
06037402706,Census Tract 4027.06,037,3311,462,1061837,0
06037402803,Census Tract 4028.03,037,3341,531,630282,0
06037402804,Census Tract 4028.04,037,4217,656,1318217,0
06037402903,Census Tract 4029.03,037,3931,362,1584347,0
06037104108,Census Tract 1041.08,037,4939,531,1096636,0
06037106406,Census Tract 1064.06,037,6486,1021,2012822,916
06037109100,Census Tract 1091,037,2783,269,2705905,0
06037109200,Census Tract 1092,037,3094,597,1016942,0
06037109300,Census Tract 1093,037,3156,341,1233087,0
06037109400,Census Tract 1094,037,3670,777,1290832,0
06037109500,Census Tract 1095,037,3852,749,1194513,0
06037109601,Census Tract 1096.01,037,5141,767,2214612,33284
06037127520,Census Tract 1275.20,037,4443,776,363717,0
06013370000,Census Tract 3700,013,2920,489,995800,0
06037106646,Census Tract 1066.46,037,3221,343,1476213,0
06037407801,Census Tract 4078.01,037,4822,826,1071597,0
06037408005,Census Tract 4080.05,037,5318,675,3680014,4628
06037408140,Census Tract 4081.40,037,3317,693,912809,0
06037406701,Census Tract 4067.01,037,3058,681,943135,0
06037108104,Census Tract 1081.04,037,1723,407,826020,0
06037111100,Census Tract 1111,037,2989,328,1059245,0
06037111201,Census Tract 1112.01,037,3005,667,1912806,0
06037111202,Census Tract 1112.02,037,6046,1204,1866692,0
06037111204,Census Tract 1112.04,037,6274,582,3294685,16600
06037111302,Census Tract 1113.02,037,4893,663,1552799,0
06037127920,Census Tract 1279.20,037,4190,767,648714,0
06037128210,Census Tract 1282.10,037,4701,827,549953,0
06037128303,Census Tract 1283.03,037,3453,651,413944,0
06037128400,Census Tract 1284,037,4285,511,1718132,0
06037128500,Census Tract 1285,037,4341,476,973792,0
06037123304,Census Tract 1233.04,037,4269,642,879083,0
06097152000,Census Tract 1520,097,2441,300,1271623,0
06037408504,Census Tract 4085.04,037,5366,675,1417893,0
06013306003,Census Tract 3060.03,013,5081,544,1792594,0
06013313205,Census Tract 3132.05,013,2047,410,1481528,0
06013333101,Census Tract 3331.01,013,4282,602,1912517,0
06013333102,Census Tract 3331.02,013,4158,569,1950505,0
06037109800,Census Tract 1098,037,4444,545,1399406,0
06089011600,Census Tract 116,089,3525,617,50445766,3759878
06089012302,Census Tract 123.02,089,5724,1026,94667298,542265
06089010500,Census Tract 105,089,5025,690,4255800,2108
06089012500,Census Tract 125,089,1302,305,1216822014,52581073
06089012303,Census Tract 123.03,089,3923,450,73928749,76071
06089012701,Census Tract 127.01,089,3858,640,1004502270,7394358
06089011900,Census Tract 119,089,5213,678,66051983,682111
06089012200,Census Tract 122,089,6459,1134,51612685,1067536
06089012702,Census Tract 127.02,089,2750,481,1291882205,16849685
06089010702,Census Tract 107.02,089,3415,393,12171796,296254
06097152100,Census Tract 1521,097,2901,315,2178254,0
06037123510,Census Tract 1235.10,037,4742,591,788309,10153
06097151900,Census Tract 1519,097,2585,345,980869,0
06037123520,Census Tract 1235.20,037,2484,390,502129,8707
06037123601,Census Tract 1236.01,037,5563,699,1504226,28231
06037123700,Census Tract 1237,037,4012,565,952358,0
06037123800,Census Tract 1238,037,5814,781,1290035,0
06037401001,Census Tract 4010.01,037,2605,303,1433465,16428
06037401002,Census Tract 4010.02,037,4553,650,1473432,0
06037401101,Census Tract 4011.01,037,5547,892,3011641,3558
06037401102,Census Tract 4011.02,037,3854,645,1282147,0
06059021813,Census Tract 218.13,059,42,52,4245126,450651
06059032057,Census Tract 320.57,059,7172,1023,4352135,0
06037113211,Census Tract 1132.11,037,4165,588,7280767,3053
06037113212,Census Tract 1132.12,037,2769,323,998550,0
06037128910,Census Tract 1289.10,037,4495,642,1298022,38748
06037131100,Census Tract 1311,037,3051,423,1101828,0
06037131200,Census Tract 1312,037,3585,628,1128421,0
06037403323,Census Tract 4033.23,037,5331,678,3168255,0
06037403324,Census Tract 4033.24,037,6418,835,7954001,1467
06055201004,Census Tract 2010.04,055,6899,528,2590700,1415
06055201601,Census Tract 2016.01,055,2276,334,6257381,80272
06055200301,Census Tract 2003.01,055,6339,627,2842454,93697
06055200505,Census Tract 2005.05,055,2800,426,760042,4908
06055200707,Census Tract 2007.07,055,3223,554,1490145,0
06055201602,Census Tract 2016.02,055,3042,330,6325420,86347
06055201007,Census Tract 2010.07,055,4039,504,1303116,0
06055200302,Census Tract 2003.02,055,2602,333,1884671,8549
06055201003,Census Tract 2010.03,055,5182,411,72585258,210700
06037241202,Census Tract 2412.02,037,5020,892,1163232,0
06037406500,Census Tract 4065,037,8016,979,2022163,24258
06037406601,Census Tract 4066.01,037,5080,540,1968195,0
06109004201,Census Tract 42.01,109,1617,286,2056736115,35009547
06109002202,Census Tract 22.02,109,3305,435,25734021,323653
06109002201,Census Tract 22.01,109,5907,736,23266685,17720
06037262501,Census Tract 2625.01,037,3711,597,1635118,3278
06037264103,Census Tract 2641.03,037,2646,379,230523,0
06037239702,Census Tract 2397.02,037,4285,899,486273,0
06037239802,Census Tract 2398.02,037,5365,826,609447,0
06037265601,Census Tract 2656.01,037,2865,515,623099,0
06037461501,Census Tract 4615.01,037,3560,436,1004066,0
06037650605,Census Tract 6506.05,037,2668,309,484186,3639
06037900508,Census Tract 9005.08,037,3315,473,3974231,11929
06037901008,Census Tract 9010.08,037,3413,605,2682478,0
06037106649,Census Tract 1066.49,037,2471,618,1112675,0
06037108202,Census Tract 1082.02,037,11154,1495,5976110,3024
06037102104,Census Tract 1021.04,037,4231,615,1658823,0
06097152201,Census Tract 1522.01,097,3977,548,1204483,0
06097151308,Census Tract 1513.08,097,4915,660,2971074,0
06097150702,Census Tract 1507.02,097,4879,452,20402804,0
06097150303,Census Tract 1503.03,097,3880,537,61339609,139783
06097153902,Census Tract 1539.02,097,4132,528,3501240,0
06097154100,Census Tract 1541,097,3214,420,579714927,419761
06097153403,Census Tract 1534.03,097,3715,472,8540796,0
06061021401,Census Tract 214.01,061,4090,708,3015393,0
06061020604,Census Tract 206.04,061,5923,663,11522803,22118
06061021802,Census Tract 218.02,061,6076,722,21265697,210368
06061020606,Census Tract 206.06,061,4367,430,4123878,21600
06061020605,Census Tract 206.05,061,5917,632,10468240,27058
06061020300,Census Tract 203,061,4927,425,5309208,0
06061020107,Census Tract 201.07,061,2544,625,7179605,301151
06061020200,Census Tract 202,061,6964,840,1456310164,11272461
06061021902,Census Tract 219.02,061,4561,621,24534692,634863
06061020106,Census Tract 201.06,061,1240,279,22134815,359834
06037113237,Census Tract 1132.37,037,4734,825,4736224,11048
06037408505,Census Tract 4085.05,037,2360,299,1990287,0
06037408631,Census Tract 4086.31,037,5121,761,1476685,0
06037190401,Census Tract 1904.01,037,2827,482,166929,0
06037190402,Census Tract 1904.02,037,2244,310,157146,0
06037190801,Census Tract 1908.01,037,2857,349,324193,0
06037207501,Census Tract 2075.01,037,2074,377,134327,0
06037208501,Census Tract 2085.01,037,2605,442,243219,0
06037185203,Census Tract 1852.03,037,2365,288,548105,0
06097151000,Census Tract 1510,097,3479,596,15668159,0
06097152502,Census Tract 1525.02,097,3908,665,1842706,0
06097153003,Census Tract 1530.03,097,5551,825,1726763,0
06097150603,Census Tract 1506.03,097,6645,598,3464698,0
06097150601,Census Tract 1506.01,097,4085,375,1245609,0
06097150100,Census Tract 1501,097,1955,380,153268612,35782379
06097150304,Census Tract 1503.04,097,6066,1002,3086114,0
06097152801,Census Tract 1528.01,097,4523,613,5226749,0
06097153006,Census Tract 1530.06,097,7133,854,3406973,0
06097151100,Census Tract 1511,097,4897,566,120527133,654743
06097153502,Census Tract 1535.02,097,3600,448,69502899,48862
06097153705,Census Tract 1537.05,097,3760,644,46064813,648015
06097151503,Census Tract 1515.03,097,3224,265,14771834,0
06037433200,Census Tract 4332,037,5915,745,1787366,0
06037433302,Census Tract 4333.02,037,1713,436,854241,0
06037433403,Census Tract 4334.03,037,4706,666,706777,0
06037185204,Census Tract 1852.04,037,1800,216,963641,0
06037211121,Census Tract 2111.21,037,2531,517,213925,0
06037211202,Census Tract 2112.02,037,2401,371,179169,0
06059032059,Census Tract 320.59,059,8955,608,2593122,0
06037577604,Census Tract 5776.04,037,1638,419,869027,672861
06067007017,Census Tract 70.17,067,3333,500,7339804,375149
06037462700,Census Tract 4627,037,5825,556,1675551,0
06037462800,Census Tract 4628,037,2882,464,1126292,1079
06037463000,Census Tract 4630,037,2631,391,1816831,0
06073021001,Census Tract 210.01,073,1894,382,1635671050,7637
06073013423,Census Tract 134.23,073,3542,400,13211702,2328728
06073013320,Census Tract 133.20,073,6317,801,6318559,1675770
06073013424,Census Tract 134.24,073,6464,1724,2891080,0
06073016403,Census Tract 164.03,073,5362,1130,5371820,0
06073020812,Census Tract 208.12,073,2163,798,6455154,0
06073021102,Census Tract 211.02,073,3095,540,563240187,120671
06073010016,Census Tract 100.16,073,3170,142,19164041,0
06067007107,Census Tract 71.07,067,3796,601,13227035,522023
06067008513,Census Tract 85.13,067,4336,630,3360866,0
06055200705,Census Tract 2007.05,055,2822,395,1271604,0
06055200804,Census Tract 2008.04,055,5633,849,1227874,0
06055200803,Census Tract 2008.03,055,2193,302,5102703,18486
06055200704,Census Tract 2007.04,055,4225,471,1549456,0
06037910505,Census Tract 9105.05,037,3164,572,1608394,2252
06037291120,Census Tract 2911.20,037,2063,376,701467,0
06037480702,Census Tract 4807.02,037,4722,362,2175988,0
06037480703,Census Tract 4807.03,037,3883,605,1134055,1122
06013329000,Census Tract 3290,013,6653,1222,2745645,0
06073013316,Census Tract 133.16,073,7768,1279,2673524,0
06073019111,Census Tract 191.11,073,3678,725,29050778,0
06073019110,Census Tract 191.10,073,4999,765,53558180,0
06073013315,Census Tract 133.15,073,3862,538,1265159,0
06073018615,Census Tract 186.15,073,3150,1391,1176058,28506
06073020040,Census Tract 200.40,073,4333,563,4334592,0
06073013608,Census Tract 136.08,073,3801,532,1233132,0
06073013607,Census Tract 136.07,073,2151,557,2536125,0
06073008202,Census Tract 82.02,073,1203,236,463734,668924
06073013422,Census Tract 134.22,073,4017,757,5669814,0
06073017062,Census Tract 170.62,073,4767,709,12630844,12376
06073020310,Census Tract 203.10,073,9019,1183,5687583,0
06073017308,Census Tract 173.08,073,2388,397,1259188,0
06073020311,Census Tract 203.11,073,4151,521,14879493,0
06055200602,Census Tract 2006.02,055,4918,488,3320511,17381
06037267902,Census Tract 2679.02,037,3837,575,778072,0
06037269601,Census Tract 2696.01,037,3389,605,333656,0
06037269903,Census Tract 2699.03,037,3601,409,283825,0
06037269905,Census Tract 2699.05,037,2188,211,238027,0
06037271902,Census Tract 2719.02,037,3991,461,924201,0
06037272201,Census Tract 2722.01,037,2344,334,260003,0
06037272202,Census Tract 2722.02,037,3143,495,309580,0
06037535902,Census Tract 5359.02,037,5790,579,1013032,0
06037601303,Census Tract 6013.03,037,5379,637,438449,0
06037532606,Census Tract 5326.06,037,3820,410,278787,0
06037271801,Census Tract 2718.01,037,3589,428,479928,0
06037221810,Census Tract 2218.10,037,2266,356,304336,0
06037203200,Census Tract 2032,037,4748,975,515982,0
06037262400,Census Tract 2624,037,2816,405,11268733,0
06037209402,Census Tract 2094.02,037,4013,769,136231,0
06037212305,Census Tract 2123.05,037,2809,477,108058,0
06037433602,Census Tract 4336.02,037,2771,394,967425,34341
06037480704,Census Tract 4807.04,037,4087,515,1069409,0
06037480802,Census Tract 4808.02,037,3180,380,1720775,0
06087120800,Census Tract 1208,087,6013,668,8780186,0
06087100500,Census Tract 1005,087,5396,792,5721195,0
06087120600,Census Tract 1206,087,4659,539,34488832,336609
06087100400,Census Tract 1004,087,9802,297,4206694,0
06087122002,Census Tract 1220.02,087,3398,467,51679650,0
06087100200,Census Tract 1002,087,7262,672,2401874,0
06087122202,Census Tract 1222.02,087,2186,309,2628052,0
06087123100,Census Tract 1231,087,2818,406,7667150,419834
06087122203,Census Tract 1222.03,087,3912,743,2464815,0
06087121000,Census Tract 1210,087,2985,407,74329438,0
06087123300,Census Tract 1233,087,1598,392,73091009,415920
06087122001,Census Tract 1220.01,087,5419,814,31383984,0
06087110700,Census Tract 1107,087,2895,425,4322829,0
06087121300,Census Tract 1213,087,4008,905,3918909,0
06087100300,Census Tract 1003,087,4035,659,5805390,45778
06037211804,Census Tract 2118.04,037,3132,469,185958,0
06037212101,Census Tract 2121.01,037,2979,288,185776,0
06087100900,Census Tract 1009,087,3736,503,1973830,736229
06087120301,Census Tract 1203.01,087,4619,458,46530993,330392
06087120302,Census Tract 1203.02,087,3616,834,6968834,0
06087121402,Census Tract 1214.02,087,4119,518,1339456,0
06087122300,Census Tract 1223,087,3804,611,41852598,4320963
06087120500,Census Tract 1205,087,5746,854,146057929,28806
06087121100,Census Tract 1211,087,2938,393,19147684,0
06037212102,Census Tract 2121.02,037,2910,618,138659,0
06037214503,Census Tract 2145.03,037,3504,376,232314,0
06037234901,Census Tract 2349.01,037,2518,613,325412,0
06037239801,Census Tract 2398.01,037,4287,603,370764,0
06037553504,Census Tract 5535.04,037,4840,563,638097,0
06037554105,Census Tract 5541.05,037,4327,897,337184,0
06037554203,Census Tract 5542.03,037,3549,605,684290,0
06037554204,Census Tract 5542.04,037,4735,795,659358,0
06037554301,Census Tract 5543.01,037,3293,532,675594,0
06037554302,Census Tract 5543.02,037,3937,755,719080,0
06023940000,Census Tract 9400,023,2248,377,364418754,2369202
06061020901,Census Tract 209.01,061,2543,298,1746365,0
06061021106,Census Tract 211.06,061,2414,325,2149810,0
06061023000,Census Tract 230,061,3902,690,4773260,0
06061021203,Census Tract 212.03,061,7674,788,14917479,18040
06061020501,Census Tract 205.01,061,2863,432,26798000,96011
06061020717,Census Tract 207.17,061,5560,674,6329723,0
06037480901,Census Tract 4809.01,037,3767,464,951406,0
06037261102,Census Tract 2611.02,037,3841,549,7952195,0
06037191204,Census Tract 1912.04,037,1568,220,201085,0
06037143901,Census Tract 1439.01,037,4189,589,5281922,11638
06037139802,Census Tract 1398.02,037,3528,528,6076219,0
06037460700,Census Tract 4607,037,4597,642,7436627,7462
06037123010,Census Tract 1230.10,037,4078,625,1015841,0
06037134720,Census Tract 1347.20,037,5498,584,989535,0
06037920034,Census Tract 9200.34,037,5299,469,9013712,0
06037910808,Census Tract 9108.08,037,4011,887,10822946,587
06037224310,Census Tract 2243.10,037,1870,210,180792,0
06037113231,Census Tract 1132.31,037,2305,235,4132465,8697
06037300800,Census Tract 3008,037,7387,1365,6095863,41004
06073019108,Census Tract 191.08,073,2334,312,198050131,0
06073013326,Census Tract 133.26,073,4583,1276,1547511,0
06073022101,Census Tract 221.01,073,2514,229,12013410,509483
06073010019,Census Tract 100.19,073,3683,503,3021668,19560
06073016703,Census Tract 167.03,073,3003,814,1552325,0
06073017066,Census Tract 170.66,073,5413,566,25076343,1297199
06073016705,Census Tract 167.05,073,4792,552,1497368,0
06073020312,Census Tract 203.12,073,3997,389,14523772,0
06073020313,Census Tract 203.13,073,2675,324,7719892,0
06073020034,Census Tract 200.34,073,2549,256,1402956,0
06073020111,Census Tract 201.11,073,3888,388,14198354,0
06073020039,Census Tract 200.39,073,1959,281,605234,0
06073020044,Census Tract 200.44,073,9056,1504,8500123,116638
06073019210,Census Tract 192.10,073,6167,1056,2101655,0
06073020036,Census Tract 200.36,073,3567,582,797492,0
06073019305,Census Tract 193.05,073,4203,664,1286645,0
06061021108,Census Tract 211.08,061,2827,386,1887565,0
06061020806,Census Tract 208.06,061,3925,486,2091983,0
06061020711,Census Tract 207.11,061,4943,800,2885864,0
06061020712,Census Tract 207.12,061,3434,256,1822653,0
06055200601,Census Tract 2006.01,055,4554,447,2043215,0
06055201006,Census Tract 2010.06,055,3444,450,1588779,0
06055200706,Census Tract 2007.06,055,2955,374,1856471,0
06037143602,Census Tract 1436.02,037,4930,1002,1146733,73249
06037430901,Census Tract 4309.01,037,4209,448,1164434,0
06055200504,Census Tract 2005.04,055,6617,689,1848074,0
06037186100,Census Tract 1861,037,4711,577,1347073,0
06037301206,Census Tract 3012.06,037,4998,1063,828425,0
06037542103,Census Tract 5421.03,037,3371,421,571351,0
06037293307,Census Tract 2933.07,037,3033,819,338892,0
06083001208,Census Tract 12.08,083,4270,564,1810409,227878
06083001604,Census Tract 16.04,083,4264,539,2452105,167685
06083980000,Census Tract 9800,083,0,14,4466059,230794
06079010205,Census Tract 102.05,079,5627,769,2416086,0
06079010404,Census Tract 104.04,079,2006,169,11822366,1128012
06079010101,Census Tract 101.01,079,1673,250,23839488,0
06079012102,Census Tract 121.02,079,5342,601,3104723,126995
06037209810,Census Tract 2098.10,037,2601,345,149829,0
06073019304,Census Tract 193.04,073,3186,331,1210297,0
06073019209,Census Tract 192.09,073,2792,532,22135259,0
06073020813,Census Tract 208.13,073,5898,1628,13173699,0
06073016706,Census Tract 167.06,073,2694,360,1843777,1027
06073016404,Census Tract 164.04,073,4110,519,636984,0
06073009109,Census Tract 91.09,073,3281,74,853302,0
06073007402,Census Tract 74.02,073,3835,895,918763,0
06073016621,Census Tract 166.21,073,4265,450,5862484,196416
06073016620,Census Tract 166.20,073,2411,367,923460,0
06073016813,Census Tract 168.13,073,3322,359,8627322,531680
06073016812,Census Tract 168.12,073,2978,377,21367020,656787
06073016704,Census Tract 167.04,073,7583,1211,4682575,0
06073018805,Census Tract 188.05,073,4109,1277,17423532,37755
06073016619,Census Tract 166.19,073,4319,517,4749563,0
06073018804,Census Tract 188.04,073,5023,482,23186026,3161
06073018525,Census Tract 185.25,073,3963,509,2282894,0
06073018524,Census Tract 185.24,073,3448,782,1822413,0
06073018522,Census Tract 185.22,073,5332,455,7105136,0
06073017067,Census Tract 170.67,073,2979,308,2455802,0
06073019811,Census Tract 198.11,073,6394,681,9839615,0
06073018620,Census Tract 186.20,073,2328,370,719687,0
06073018619,Census Tract 186.19,073,5048,473,23865998,92324
06073018617,Census Tract 186.17,073,3519,347,1693389,11656
06073018618,Census Tract 186.18,073,3946,685,770171,34353
06073018622,Census Tract 186.22,073,5080,1007,1075806,0
06013340004,Census Tract 3400.04,013,4058,568,4126878,0
06013337202,Census Tract 3372.02,013,5069,686,1724277,0
06013334007,Census Tract 3340.07,013,3575,609,1458617,0
06013334008,Census Tract 3340.08,013,4007,689,1235742,0
06013355123,Census Tract 3551.23,013,3046,543,5874330,0
06013355125,Census Tract 3551.25,013,3980,484,1128362,0
06013380001,Census Tract 3800.01,013,3104,344,3564187,7261949
06013380002,Census Tract 3800.02,013,3438,782,2660295,0
06037117404,Census Tract 1174.04,037,4924,1303,1765652,0
06037123203,Census Tract 1232.03,037,2643,280,583709,3900
06037237600,Census Tract 2376,037,3941,657,503739,0
06037204410,Census Tract 2044.10,037,2309,456,296877,0
06037296220,Census Tract 2962.20,037,3924,502,536366,0
06037228500,Census Tract 2285,037,4840,953,448896,0
06037183810,Census Tract 1838.10,037,4359,628,454936,0
06037460501,Census Tract 4605.01,037,5425,509,7450047,23487
06037920314,Census Tract 9203.14,037,3250,526,11299286,1533
06037575803,Census Tract 5758.03,037,2416,409,199589,0
06037621201,Census Tract 6212.01,037,7226,676,1640287,0
06037131400,Census Tract 1314,037,5932,921,1107142,0
06037131600,Census Tract 1316,037,5289,829,2184442,6443
06037131900,Census Tract 1319,037,4038,740,1318217,0
06087100700,Census Tract 1007,087,1883,300,881773,0
06037554405,Census Tract 5544.05,037,3907,609,765520,0
06075017102,Census Tract 171.02,075,3165,368,294894,0
06075012302,Census Tract 123.02,075,2700,266,92653,0
06075016801,Census Tract 168.01,075,4223,472,226534,0
06075011902,Census Tract 119.02,075,3032,641,93053,0
06075012202,Census Tract 122.02,075,2915,377,94685,0
06075012601,Census Tract 126.01,075,2105,347,170458,0
06005000500,Census Tract 5,005,3601,362,108433071,4806944
06005000401,Census Tract 4.01,005,4791,622,42374587,19726
06005000301,Census Tract 3.01,005,5172,301,195548068,259011
06005000402,Census Tract 4.02,005,4474,661,73254011,27768
06061021109,Census Tract 211.09,061,6383,689,6073482,0
06061021801,Census Tract 218.01,061,4882,589,33790844,0
06061021901,Census Tract 219.01,061,3816,495,42362133,627284
06075012602,Census Tract 126.02,075,3071,477,609462,537823
06075012902,Census Tract 129.02,075,2589,366,352884,0
06075013101,Census Tract 131.01,075,3768,544,173031,0
06075013102,Census Tract 131.02,075,2550,456,237884,0
06075015801,Census Tract 158.01,075,3384,483,343934,0
06041102202,Census Tract 1022.02,041,5345,601,3166696,0
06041102203,Census Tract 1022.03,041,5684,809,2721280,0
06041109001,Census Tract 1090.01,041,3976,501,2212968,0
06037262303,Census Tract 2623.03,037,2953,582,2614304,0
06097152203,Census Tract 1522.03,097,3146,343,1320233,0
06061022002,Census Tract 220.02,061,6327,660,65160820,5921
06061020104,Census Tract 201.04,061,1477,352,22784547,718843
06061021501,Census Tract 215.01,061,5696,584,27809598,20109
06061020713,Census Tract 207.13,061,2963,227,1516154,0
06061021129,Census Tract 211.29,061,3246,365,1724171,0
06061021040,Census Tract 210.40,061,3053,433,2781605,0
06037191410,Census Tract 1914.10,037,3313,323,311385,0
06037541606,Census Tract 5416.06,037,2666,474,342510,0
06037234800,Census Tract 2348,037,3657,586,654190,0
06037500600,Census Tract 5006,037,5853,925,1180798,2321
06037141600,Census Tract 1416,037,3854,493,3905302,0
06037302103,Census Tract 3021.03,037,5115,816,550707,0
06037570601,Census Tract 5706.01,037,6081,942,780449,0
06037980021,Census Tract 9800.21,037,2,3,6879973,65862
06037211802,Census Tract 2118.02,037,4912,694,325416,0
06037262100,Census Tract 2621,037,2860,456,8744712,27033
06037191720,Census Tract 1917.20,037,3462,495,264327,0
06037194300,Census Tract 1943,037,2918,616,2470916,0
06037122420,Census Tract 1224.20,037,4757,759,862724,0
06037128220,Census Tract 1282.20,037,3228,401,555593,0
06097152903,Census Tract 1529.03,097,5084,636,1669655,0
06097152904,Census Tract 1529.04,097,5393,569,2304072,0
06061021038,Census Tract 210.38,061,7758,1226,2780983,0
06045011102,Census Tract 111.02,045,5715,861,830990704,22676016
06037189903,Census Tract 1899.03,037,2212,275,83968,0
06037194101,Census Tract 1941.01,037,3153,498,2542754,0
06037111205,Census Tract 1112.05,037,3975,779,1141321,17739
06037265602,Census Tract 2656.02,037,3068,591,335903,0
06037115403,Census Tract 1154.03,037,3405,784,703742,0
06037297201,Census Tract 2972.01,037,3768,558,403962,0
06037603802,Census Tract 6038.02,037,3510,583,630818,0
06037125502,Census Tract 1255.02,037,3751,543,522914,0
06037127103,Census Tract 1271.03,037,3468,551,280065,5980
06037127603,Census Tract 1276.03,037,2677,290,431404,0
06037127711,Census Tract 1277.11,037,2958,362,955433,0
06037127803,Census Tract 1278.03,037,5006,799,640835,0
06037127806,Census Tract 1278.06,037,3697,525,683161,0
06037128101,Census Tract 1281.01,037,3083,418,648896,0
06037128601,Census Tract 1286.01,037,5042,894,681877,0
06037128602,Census Tract 1286.02,037,2725,425,1134347,0
06037128802,Census Tract 1288.02,037,4457,696,971169,0
06029003815,Census Tract 38.15,029,5964,1128,2504524,0
06029003824,Census Tract 38.24,029,2332,812,2597116,0
06029005804,Census Tract 58.04,029,6092,940,11312242,89328
06029005512,Census Tract 55.12,029,4142,878,6636173,58122
06029005806,Census Tract 58.06,029,5352,675,6244761,32724
06029005803,Census Tract 58.03,029,2804,516,2295821,0
06029005406,Census Tract 54.06,029,4023,570,3255715,0
06029005410,Census Tract 54.10,029,1671,339,7863641,45701
06029005409,Census Tract 54.09,029,4351,530,3046091,0
06029005408,Census Tract 54.08,029,4584,761,5161566,0
06029002503,Census Tract 25.03,029,3451,937,2489252,0
06029002305,Census Tract 23.05,029,2722,312,1541011,0
06029003132,Census Tract 31.32,029,3990,702,1299335,0
06037131702,Census Tract 1317.02,037,3344,578,716344,4766
06037132002,Census Tract 1320.02,037,3501,751,1600216,0
06037132101,Census Tract 1321.01,037,4290,1220,810523,0
06037273502,Census Tract 2735.02,037,2453,356,593097,193545
06037273902,Census Tract 2739.02,037,4105,707,904442,286125
06037275102,Census Tract 2751.02,037,3661,830,610131,13718
06037275603,Census Tract 2756.03,037,2759,444,995774,28121
06037461502,Census Tract 4615.02,037,5825,617,1172567,0
06037461901,Census Tract 4619.01,037,4748,812,878770,0
06037461902,Census Tract 4619.02,037,2360,246,835329,0
06037462002,Census Tract 4620.02,037,3799,510,511535,0
06037462201,Census Tract 4622.01,037,3573,521,536844,0
06037462202,Census Tract 4622.02,037,3302,516,568258,0
06037462301,Census Tract 4623.01,037,4311,498,632477,0
06037231720,Census Tract 2317.20,037,5078,803,472239,0
06037403317,Census Tract 4033.17,037,5090,589,4190584,0
06037212410,Census Tract 2124.10,037,4054,1092,157191,0
06037127102,Census Tract 1271.02,037,5315,646,859268,0
06037482201,Census Tract 4822.01,037,3813,585,773295,0
06037482202,Census Tract 4822.02,037,5121,738,646868,0
06037482301,Census Tract 4823.01,037,4974,1136,873603,0
06037482303,Census Tract 4823.03,037,4607,496,982791,0
06037462302,Census Tract 4623.02,037,3591,489,700968,0
06037463602,Census Tract 4636.02,037,5833,635,927598,0
06037554513,Census Tract 5545.13,037,2537,240,566950,0
06037262200,Census Tract 2622,037,4798,586,8568505,0
06037297110,Census Tract 2971.10,037,4693,684,487479,0
06037400603,Census Tract 4006.03,037,4793,735,9178408,8684
06037402200,Census Tract 4022,037,7245,827,6358886,0
06037403802,Census Tract 4038.02,037,5749,801,1303921,0
06037408623,Census Tract 4086.23,037,3112,384,960231,0
06037430801,Census Tract 4308.01,037,7166,1038,1704595,5047
06073018520,Census Tract 185.20,073,5213,496,1371760,0
06073018523,Census Tract 185.23,073,5210,734,1612799,0
06073018521,Census Tract 185.21,073,4856,530,3010522,286950
06073017071,Census Tract 170.71,073,5229,1141,6384599,22820
06073008381,Census Tract 83.81,073,3255,1054,462618,0
06073017063,Census Tract 170.63,073,4257,582,1744975,0
06073017065,Census Tract 170.65,073,10415,1817,4676707,0
06073017064,Census Tract 170.64,073,8172,2741,1872375,0
06073017061,Census Tract 170.61,073,3663,873,18000059,0
06073017060,Census Tract 170.60,073,3323,731,4160554,0
06073008376,Census Tract 83.76,073,6332,1205,1251979,0
06073008375,Census Tract 83.75,073,4317,562,1034012,0
06073017058,Census Tract 170.58,073,4285,745,1781234,0
06073008372,Census Tract 83.72,073,3819,499,7270539,0
06073008374,Census Tract 83.74,073,3952,502,3166015,0
06073008369,Census Tract 83.69,073,4624,1287,1494828,0
06073008370,Census Tract 83.70,073,3757,491,1008438,0
06073020041,Census Tract 200.41,073,3150,351,777334,0
06073020037,Census Tract 200.37,073,4415,974,2091013,0
06073019810,Census Tract 198.10,073,6617,1255,9939022,131091
06073017406,Census Tract 174.06,073,2790,464,3515284,213746
06073017405,Census Tract 174.05,073,4024,1792,1274736,0
06073017307,Census Tract 173.07,073,2282,388,1473519,142918
06073017408,Census Tract 174.08,073,2522,338,1091692,399505
06073017407,Census Tract 174.07,073,3078,554,1899318,249035
06073008378,Census Tract 83.78,073,843,153,221948,0
06097153102,Census Tract 1531.02,097,5273,591,1240741,0
06097153501,Census Tract 1535.01,097,4719,542,45749327,0
06081613702,Census Tract 6137.02,081,4278,751,104969356,5200370
06081608025,Census Tract 6080.25,081,6212,871,2938144,2134205
06081610901,Census Tract 6109.01,081,2954,696,514033,0
06081604104,Census Tract 6041.04,081,3372,1038,544987,0
06097153903,Census Tract 1539.03,097,3229,362,3290825,0
06081602002,Census Tract 6020.02,081,3783,767,2244199,0
06081612002,Census Tract 6120.02,081,3224,655,623679,0
06097150901,Census Tract 1509.01,097,4990,704,2974713,20869
06097150902,Census Tract 1509.02,097,3629,443,2435488,0
06081612102,Census Tract 6121.02,081,3129,776,317770,0
06081611902,Census Tract 6119.02,081,7054,1076,2128809,273939
06081600702,Census Tract 6007.02,081,2630,732,310370,0
06081602602,Census Tract 6026.02,081,4289,1089,644334,0
06081600502,Census Tract 6005.02,081,4196,907,807297,0
06081600701,Census Tract 6007.01,081,3135,506,522957,0
06081605502,Census Tract 6055.02,081,2374,558,736090,0
06081612101,Census Tract 6121.01,081,3949,814,659714,0
06081602201,Census Tract 6022.01,081,5250,839,497446,0
06097153001,Census Tract 1530.01,097,7253,1000,2505517,0
06097153005,Census Tract 1530.05,097,5962,800,24774867,0
06081612001,Census Tract 6120.01,081,3864,680,655693,0
06097154000,Census Tract 1540,097,2074,298,223345205,1503133
06081611901,Census Tract 6119.01,081,4230,720,1180439,0
06081602202,Census Tract 6022.02,081,3054,507,437771,0
06081608024,Census Tract 6080.24,081,3200,594,702762,0
06081610902,Census Tract 6109.02,081,2819,591,587441,0
06081605501,Census Tract 6055.01,081,2918,534,361799,0
06081606201,Census Tract 6062.01,081,4100,863,629161,0
06081605902,Census Tract 6059.02,081,2974,592,317505,0
06081606202,Census Tract 6062.02,081,3428,512,575388,0
06081601301,Census Tract 6013.01,081,3662,681,514980,0
06081601302,Census Tract 6013.02,081,4581,988,592227,0
06081604103,Census Tract 6041.03,081,4269,803,573245,0
06081613701,Census Tract 6137.01,081,3796,581,5075304,1552138
06081602601,Census Tract 6026.01,081,3932,470,774621,0
06081602001,Census Tract 6020.01,081,4147,495,1461481,0
06081605901,Census Tract 6059.01,081,2761,367,456050,0
06081600501,Census Tract 6005.01,081,3482,643,539877,0
06037482304,Census Tract 4823.04,037,3026,510,619445,0
06037482401,Census Tract 4824.01,037,3553,319,839066,0
06029003826,Census Tract 38.26,029,2651,482,13344169,0
06029003818,Census Tract 38.18,029,5287,1293,2135983,0
06019001000,Census Tract 10,019,4394,708,4894970,0
06019001100,Census Tract 11,019,3290,541,3751354,0
06037554406,Census Tract 5544.06,037,4810,516,1103316,0
06037701902,Census Tract 7019.02,037,5600,584,1789787,440550
06037702102,Census Tract 7021.02,037,5913,792,928045,200615
06037431501,Census Tract 4315.01,037,3734,379,1028124,10027
06037431502,Census Tract 4315.02,037,4758,717,1693783,328858
06037433304,Census Tract 4333.04,037,4317,563,789658,0
06037433305,Census Tract 4333.05,037,4684,573,511912,0
06037433306,Census Tract 4333.06,037,3075,446,434314,0
06075016802,Census Tract 168.02,075,3943,677,215267,0
06019001201,Census Tract 12.01,019,5627,1425,5741366,29829
06037482503,Census Tract 4825.03,037,3980,635,729678,0
06075017101,Census Tract 171.01,075,4003,561,313368,0
06075017801,Census Tract 178.01,075,3019,383,214051,0
06075022704,Census Tract 227.04,075,4026,527,544609,0
06075025701,Census Tract 257.01,075,4604,929,612500,0
06075025702,Census Tract 257.02,075,4545,570,533458,0
06075031201,Census Tract 312.01,075,6176,1173,512854,0
06075031202,Census Tract 312.02,075,2869,408,309420,0
06075032602,Census Tract 326.02,075,4118,522,472116,0
06075032801,Census Tract 328.01,075,4021,778,585365,0
06075032802,Census Tract 328.02,075,4268,750,548900,97204
06075032901,Census Tract 329.01,075,6013,770,671900,0
06041119202,Census Tract 1192.02,041,3759,378,2002172,11998
06037433402,Census Tract 4334.02,037,4737,759,557892,0
06037480011,Census Tract 4800.11,037,5084,535,1091246,35252
06037481711,Census Tract 4817.11,037,4388,654,447340,0
06037501700,Census Tract 5017,037,3828,460,1392280,0
06037531101,Census Tract 5311.01,037,4676,1019,699592,0
06037533105,Census Tract 5331.05,037,2267,457,190891,0
06037533701,Census Tract 5337.01,037,2983,542,400466,0
06037541500,Census Tract 5415,037,5199,733,842316,0
06037552601,Census Tract 5526.01,037,5198,1111,711380,0
06037554517,Census Tract 5545.17,037,4513,355,1321870,0
06037117302,Census Tract 1173.02,037,4698,621,2051819,0
06037117303,Census Tract 1173.03,037,4219,1072,1800594,0
06037117520,Census Tract 1175.20,037,3955,692,321687,4030
06037482600,Census Tract 4826,037,6611,900,2714345,130227
06037482701,Census Tract 4827.01,037,3827,466,1229384,0
06041119201,Census Tract 1192.01,041,3655,351,902124,118706
06061020908,Census Tract 209.08,061,7651,983,10692299,0
06061021046,Census Tract 210.46,061,5001,612,1668079,0
06061021034,Census Tract 210.34,061,4266,473,2834380,0
06061021044,Census Tract 210.44,061,5574,511,2406253,0
06037572500,Census Tract 5725,037,4011,742,592705,0
06037132102,Census Tract 1321.02,037,5143,796,1371494,0
06037132501,Census Tract 1325.01,037,5052,897,700497,4303
06037132502,Census Tract 1325.02,037,3495,450,614444,10361
06037134002,Census Tract 1340.02,037,4020,712,740801,12734
06037134423,Census Tract 1344.23,037,3560,443,1560693,6351
06037134904,Census Tract 1349.04,037,4581,1059,1031886,7874
06037137104,Census Tract 1371.04,037,2350,328,2564757,0
06037139001,Census Tract 1390.01,037,5592,674,1239789,0
06037139402,Census Tract 1394.02,037,2749,400,2443891,0
06037480303,Census Tract 4803.03,037,4326,468,451631,0
06037910210,Census Tract 9102.10,037,7176,1217,3169406,0
06037910712,Census Tract 9107.12,037,3211,632,2061615,9189
06037910713,Census Tract 9107.13,037,6801,1236,1976093,1602
06037920045,Census Tract 9200.45,037,4554,520,1869924,0
06037980001,Census Tract 9800.01,037,0,14,2315122,0
06037980002,Census Tract 9800.02,037,0,14,6769284,208610
06037980004,Census Tract 9800.04,037,0,14,35787632,83850
06037575103,Census Tract 5751.03,037,4632,601,480128,0
06037575202,Census Tract 5752.02,037,3647,405,404093,0
06037601002,Census Tract 6010.02,037,5222,706,633250,0
06037603102,Census Tract 6031.02,037,3420,574,745751,0
06037620521,Census Tract 6205.21,037,4414,754,644213,0
06037900701,Census Tract 9007.01,037,4716,669,2093985,0
06037910709,Census Tract 9107.09,037,1682,236,14354731,132856
06037910810,Census Tract 9108.10,037,2914,618,22136796,0
06037920043,Census Tract 9200.43,037,8892,885,18679080,11223
06037920104,Census Tract 9201.04,037,2987,417,158059994,34125
06037920303,Census Tract 9203.03,037,1704,224,51557490,11077
06019003805,Census Tract 38.05,019,7635,1216,2249656,0
06037433307,Census Tract 4333.07,037,2909,323,421859,0
06037269907,Census Tract 2699.07,037,2704,262,276794,0
06037120300,Census Tract 1203,037,5464,761,1718660,0
06037120400,Census Tract 1204,037,6168,832,1065823,0
06037121010,Census Tract 1210.10,037,4951,631,2036700,538
06037121020,Census Tract 1210.20,037,3671,566,824528,0
06037293306,Census Tract 2933.06,037,2420,366,613552,1884
06037570404,Census Tract 5704.04,037,3973,787,816724,48845
06037571504,Census Tract 5715.04,037,5120,925,1511673,0
06075033203,Census Tract 332.03,075,2895,490,436409,0
06075033204,Census Tract 332.04,075,3816,702,387903,0
06075042601,Census Tract 426.01,075,4342,786,293133,0
06075042602,Census Tract 426.02,075,3202,389,332057,0
06075047801,Census Tract 478.01,075,4132,426,476606,0
06075061200,Census Tract 612,075,4086,803,434957,0
06037121210,Census Tract 1212.10,037,3233,534,1997365,29714
06037121600,Census Tract 1216,037,2580,357,1139500,0
06037124000,Census Tract 1240,037,4291,602,1333419,16656
06037124102,Census Tract 1241.02,037,3715,736,649213,0
06037124201,Census Tract 1242.01,037,3560,861,972597,0
06037124300,Census Tract 1243,037,3052,405,890999,0
06037124400,Census Tract 1244,037,4397,894,961443,14163
06037124600,Census Tract 1246,037,2996,441,1120028,0
06087101100,Census Tract 1011,087,5274,874,1915936,1155268
06087120200,Census Tract 1202,087,4237,560,291485447,12756439
06087120400,Census Tract 1204,087,4213,617,26878159,0
06087120700,Census Tract 1207,087,4040,566,20951134,32681
06087121200,Census Tract 1212,087,6913,809,32592375,0
06087121401,Census Tract 1214.01,087,2963,440,1174593,0
06087121403,Census Tract 1214.03,087,3382,327,1188904,0
06075980300,Census Tract 9803,075,58,29,4337505,409466
06075980401,Census Tract 9804.01,075,0,14,419323,247501289
06075012502,Census Tract 125.02,075,4517,696,61275,0
06075980200,Census Tract 9802,075,160,12,998273,763677
06061021039,Census Tract 210.39,061,1602,139,1850904,0
06061021403,Census Tract 214.03,061,5857,567,2654836,0
06061021037,Census Tract 210.37,061,2408,382,1035713,0
06037482702,Census Tract 4827.02,037,2669,306,718250,0
06037500202,Census Tract 5002.02,037,4898,1058,6345540,11705
06061020401,Census Tract 204.01,061,2113,355,2632079,0
06037141102,Census Tract 1411.02,037,2649,414,766382,12522
06037141201,Census Tract 1412.01,037,3978,313,693121,7927
06037141202,Census Tract 1412.02,037,3132,539,700175,0
06037141304,Census Tract 1413.04,037,3028,618,712236,0
06037143603,Census Tract 1436.03,037,2522,291,491491,33973
06037183221,Census Tract 1832.21,037,3133,592,706755,0
06037183222,Census Tract 1832.22,037,3485,557,928685,0
06037183401,Census Tract 1834.01,037,2276,419,485332,0
06037910606,Census Tract 9106.06,037,3120,432,1365453,0
06095251100,Census Tract 2511,095,2505,413,1056361,0
06095253108,Census Tract 2531.08,095,3854,427,7926484,373456
06095253300,Census Tract 2533,095,3680,547,442728074,2198910
06037121900,Census Tract 1219,037,2797,548,1687532,0
06059021903,Census Tract 219.03,059,4592,744,2620184,0
06059021914,Census Tract 219.14,059,3889,385,1708130,0
06059021919,Census Tract 219.19,059,3150,545,2174324,0
06059021922,Census Tract 219.22,059,5413,958,2167379,0
06059052408,Census Tract 524.08,059,5420,765,3794766,129715
06059052415,Census Tract 524.15,059,4156,599,1594731,0
06037122000,Census Tract 1220,037,5131,793,3217927,47179
06097150602,Census Tract 1506.02,097,4783,605,1670109,0
06097151203,Census Tract 1512.03,097,5156,517,2440505,0
06037122120,Census Tract 1221.20,037,4394,599,719822,0
06037122200,Census Tract 1222,037,3729,450,1704850,0
06037123020,Census Tract 1230.20,037,2836,438,565646,0
06037123103,Census Tract 1231.03,037,4134,613,900961,1374
06037980005,Census Tract 9800.05,037,0,14,4051700,1644
06059052416,Census Tract 524.16,059,4282,716,1317271,0
06059052417,Census Tract 524.17,059,7519,1836,2113116,0
06059074106,Census Tract 741.06,059,7356,869,3822275,0
06059074107,Census Tract 741.07,059,6308,708,1551803,12444
06013322000,Census Tract 3220,013,6822,798,4377217,3158
06013314103,Census Tract 3141.03,013,5524,593,5684892,1579240
06013356002,Census Tract 3560.02,013,5612,685,106020814,5849870
06013354002,Census Tract 3540.02,013,6858,576,14559357,38563
06013321103,Census Tract 3211.03,013,4642,458,5254112,0
06013353001,Census Tract 3530.01,013,4718,638,13697858,1967
06013309000,Census Tract 3090,013,3894,501,9905665,8624531
06013323000,Census Tract 3230,013,4392,608,1916508,0
06013359203,Census Tract 3592.03,013,7058,670,3706994,6908
06097151301,Census Tract 1513.01,097,3730,362,1170571,0
06097151305,Census Tract 1513.05,097,6713,1129,1765260,0
06097151306,Census Tract 1513.06,097,3902,494,1115202,0
06037101110,Census Tract 1011.10,037,4294,436,1142401,0
06037101220,Census Tract 1012.20,037,3467,423,698886,0
06097151310,Census Tract 1513.10,097,5945,484,2444726,0
06013369001,Census Tract 3690.01,013,7676,923,1617204,0
06001408200,Census Tract 4082,001,4504,683,901140,0
06037113301,Census Tract 1133.01,037,4300,621,2254327,0
06037113303,Census Tract 1133.03,037,4012,267,4088551,7269
06037113322,Census Tract 1133.22,037,4919,768,1786815,0
06001408400,Census Tract 4084,001,3965,640,542834,0
06001408500,Census Tract 4085,001,5263,944,831360,0
06001408600,Census Tract 4086,001,5925,856,1059985,0
06001408700,Census Tract 4087,001,7280,1191,1133375,0
06037106020,Census Tract 1060.20,037,5176,970,2010764,7144
06037106111,Census Tract 1061.11,037,4920,661,2774241,12394
06089010100,Census Tract 101,089,1842,321,1330990,27692
06097151504,Census Tract 1515.04,097,4126,778,1548450,0
06097151311,Census Tract 1513.11,097,7596,1020,4194569,0
06059099239,Census Tract 992.39,059,3303,382,2015035,252326
06059099305,Census Tract 993.05,059,7311,747,1406277,0
06059099306,Census Tract 993.06,059,6240,1024,1105041,0
06059099251,Census Tract 992.51,059,5208,670,1323517,0
06059099307,Census Tract 993.07,059,2379,339,1151050,1011772
06059099903,Census Tract 999.03,059,5177,1095,1341700,0
06059099905,Census Tract 999.05,059,3267,395,1004698,0
06059099906,Census Tract 999.06,059,5442,482,1742388,0
06001408800,Census Tract 4088,001,7461,1134,1179466,0
06001408900,Census Tract 4089,001,3958,621,827293,0
06001409100,Census Tract 4091,001,2455,300,490550,0
06001409200,Census Tract 4092,001,3785,505,706471,0
06001409300,Census Tract 4093,001,5832,829,1076042,0
06059110007,Census Tract 1100.07,059,4917,725,2402147,60360
06059032002,Census Tract 320.02,059,5592,698,2185120,0
06037115101,Census Tract 1151.01,037,5010,529,3882382,0
06037115202,Census Tract 1152.02,037,6118,1156,1737515,3837
06037115301,Census Tract 1153.01,037,4418,673,1621785,19448
06059110003,Census Tract 1100.03,059,2695,254,1317825,0
06059099904,Census Tract 999.04,059,5580,674,1328036,0
06059032003,Census Tract 320.03,059,4770,751,2228428,0
06059032012,Census Tract 320.12,059,3238,312,2330371,0
06059032013,Census Tract 320.13,059,4575,600,2701551,5648
06059052424,Census Tract 524.24,059,5026,760,1548897,0
06059052425,Census Tract 524.25,059,7215,1092,2607040,0
06059052427,Census Tract 524.27,059,4957,608,5604554,0
06095252702,Census Tract 2527.02,095,7119,951,212284392,78862217
06013306002,Census Tract 3060.02,013,4612,1089,7511883,1806211
06013326000,Census Tract 3260,013,3278,356,2382765,0
06013340001,Census Tract 3400.01,013,5829,862,2713062,0
06013301000,Census Tract 3010,013,5294,833,91144510,30622838
06013361000,Census Tract 3610,013,5019,519,15994039,0
06013352102,Census Tract 3521.02,013,5146,452,22596611,247152
06013338302,Census Tract 3383.02,013,5667,643,6912890,0
06013346101,Census Tract 3461.01,013,3281,336,9007744,0
06013378000,Census Tract 3780,013,4342,591,16929796,10761640
06013349000,Census Tract 3490,013,5022,576,3532773,0
06013369002,Census Tract 3690.02,013,2805,435,1509352,0
06013345105,Census Tract 3451.05,013,6373,535,3673802,0
06013337300,Census Tract 3373,013,6205,757,4373704,0
06013343003,Census Tract 3430.03,013,3802,248,5438269,0
06013345103,Census Tract 3451.03,013,5335,524,3249661,0
06013352202,Census Tract 3522.02,013,2575,343,13722947,0
06013346102,Census Tract 3461.02,013,5478,933,20268412,0
06013321200,Census Tract 3212,013,5629,688,2295589,0
06013325000,Census Tract 3250,013,6224,701,2937535,0
06013343001,Census Tract 3430.01,013,5759,1059,2611930,0
06013321102,Census Tract 3211.02,013,5830,528,5326109,0
06013307204,Census Tract 3072.04,013,4704,565,1499997,0
06013367100,Census Tract 3671,013,5780,737,1740741,32931
06001409400,Census Tract 4094,001,4983,796,1253618,0
06001409500,Census Tract 4095,001,4548,720,836611,0
06001409600,Census Tract 4096,001,5442,646,747478,0
06001409700,Census Tract 4097,001,5543,776,810928,0
06001410100,Census Tract 4101,001,2833,378,808994,0
06059052428,Census Tract 524.28,059,7201,807,5795625,0
06095250900,Census Tract 2509,095,2906,465,812796,158294
06095252104,Census Tract 2521.04,095,5762,628,9776470,434254
06095252102,Census Tract 2521.02,095,4224,593,46270004,32100065
06095252604,Census Tract 2526.04,095,4010,523,1569705,0
06095251902,Census Tract 2519.02,095,5127,727,2061240,0
06095252910,Census Tract 2529.10,095,4847,537,1657070,0
06037115401,Census Tract 1154.01,037,5755,791,1905167,0
06077004104,Census Tract 41.04,077,4459,581,8096044,0
06077004203,Census Tract 42.03,077,4452,778,1066510,0
06001410200,Census Tract 4102,001,3409,613,585837,0
06001410400,Census Tract 4104,001,4131,801,706611,0
06001420100,Census Tract 4201,001,2636,283,562477,0
06001420200,Census Tract 4202,001,3131,392,449142,0
06059087001,Census Tract 870.01,059,5525,1088,1314667,0
06059087002,Census Tract 870.02,059,6923,1023,1246020,0
06111001402,Census Tract 14.02,111,5500,1126,3843271,384019
06111001506,Census Tract 15.06,111,4868,509,2767460,0
06029003217,Census Tract 32.17,029,3303,1044,1294741,0
06029000913,Census Tract 9.13,029,3965,558,5413192,0
06029003208,Census Tract 32.08,029,7263,994,3889216,0
06029003207,Census Tract 32.07,029,4115,318,2469460,0
06029003216,Census Tract 32.16,029,3441,808,1489345,0
06029003211,Census Tract 32.11,029,5816,1489,2051414,0
06029004305,Census Tract 43.05,029,1493,504,90589624,0
06029000914,Census Tract 9.14,029,4613,1076,25630244,0
06029003129,Census Tract 31.29,029,4114,1537,2619961,0
06029001003,Census Tract 10.03,029,3569,532,2214125,0
06029003215,Census Tract 32.15,029,4130,1059,12005998,0
06029003214,Census Tract 32.14,029,2075,296,1678445,0
06029002201,Census Tract 22.01,029,2731,521,791718,0
06029003001,Census Tract 30.01,029,4626,984,1331284,0
06029003126,Census Tract 31.26,029,5613,1135,1331482,0
06029003137,Census Tract 31.37,029,3392,640,1064048,0
06029006406,Census Tract 64.06,029,3692,647,1176846,0
06029006405,Census Tract 64.05,029,2372,397,6495739,66020
06029003823,Census Tract 38.23,029,4713,1144,22172853,0
06029003136,Census Tract 31.36,029,1388,200,599220,0
06029003213,Census Tract 32.13,029,2932,356,26786249,1056087
06029002502,Census Tract 25.02,029,1983,458,546497,0
06029005208,Census Tract 52.08,029,3132,599,1403207459,468195
06029005805,Census Tract 58.05,029,2453,230,5178465,0
06029003821,Census Tract 38.21,029,4356,1002,3903507,0
06029000912,Census Tract 9.12,029,4301,2042,6255106,0
06029000510,Census Tract 5.10,029,4891,911,2809119,0
06029004001,Census Tract 40.01,029,4167,800,30821244,0
06029003825,Census Tract 38.25,029,2786,294,1770928,0
06029000911,Census Tract 9.11,029,2415,585,1059172,0
06029000603,Census Tract 6.03,029,2364,767,2189740,128202
06029001402,Census Tract 14.02,029,2620,733,1107133,0
06029005510,Census Tract 55.10,029,1707,313,597200259,825446
06029003221,Census Tract 32.21,029,5954,501,75120809,0
06029003822,Census Tract 38.22,029,2880,417,3895828,0
06029005205,Census Tract 52.05,029,4038,1114,22268062,5951126
06029001302,Census Tract 13.02,029,2313,337,935856,0
06029000701,Census Tract 7.01,029,2807,472,1105424,0
06029001401,Census Tract 14.01,029,4696,1283,1242969,0
06029000106,Census Tract 1.06,029,2382,350,15998656,0
06029000105,Census Tract 1.05,029,4853,473,2056891,0
06029000508,Census Tract 5.08,029,1784,271,3599349,35845
06029000509,Census Tract 5.09,029,3042,369,3869220,0
06029003820,Census Tract 38.20,029,3120,331,3280505,62
06111001507,Census Tract 15.07,111,4949,668,1836726,0
06111001602,Census Tract 16.02,111,2453,264,1328086,0
06111002000,Census Tract 20,111,2462,311,3494738,0
06001420500,Census Tract 4205,001,2462,259,420968,0
06059099240,Census Tract 992.40,059,5039,875,2393250,386938
06059099308,Census Tract 993.08,059,5727,1373,3060686,897184
06001421100,Census Tract 4211,001,2214,253,745511,0
06001421400,Census Tract 4214,001,1739,252,474778,0
06001421700,Census Tract 4217,001,3346,466,573819,0
06001421800,Census Tract 4218,001,2173,236,528482,0
06001421900,Census Tract 4219,001,4110,494,845060,0
06059099309,Census Tract 993.09,059,4644,598,2042804,0
06059099310,Census Tract 993.10,059,4264,525,854921,963817
06059099402,Census Tract 994.02,059,7633,1067,2599551,0
06059099404,Census Tract 994.04,059,4330,625,1406949,0
06059110004,Census Tract 1100.04,059,4596,445,1788783,0
06059110005,Census Tract 1100.05,059,3463,314,1091679,0
06001420600,Census Tract 4206,001,3480,298,797567,0
06059032046,Census Tract 320.46,059,6030,741,6862511,0
06059001901,Census Tract 19.01,059,2801,482,822794,0
06111000903,Census Tract 9.03,111,5579,611,134482599,55345
06111001101,Census Tract 11.01,111,4764,763,4119906,1254
06111001201,Census Tract 12.01,111,5811,695,6640904,3104
06111001202,Census Tract 12.02,111,6900,769,2968350,487
06059052528,Census Tract 525.28,059,3696,706,1038313,0
06059032043,Census Tract 320.43,059,3109,242,10417388,0
06059042205,Census Tract 422.05,059,5336,571,6826614,21834
06059089107,Census Tract 891.07,059,5914,1005,1422643,0
06059042324,Census Tract 423.24,059,3769,489,4204983,0
06059052423,Census Tract 524.23,059,5944,595,3791406,0
06059052506,Census Tract 525.06,059,2536,295,940311,0
06059001706,Census Tract 17.06,059,3832,433,3789149,20879
06059021802,Census Tract 218.02,059,8939,1165,4306306,0
06059086405,Census Tract 864.05,059,6049,695,1220010,0
06059074501,Census Tract 745.01,059,6110,723,540721,0
06059032011,Census Tract 320.11,059,1759,331,118054506,11213
06059021821,Census Tract 218.21,059,7652,772,2192371,0
06059075605,Census Tract 756.05,059,5739,976,4194078,184104
06059032014,Census Tract 320.14,059,5648,762,1800968,0
06059032015,Census Tract 320.15,059,6827,629,2541825,0
06111001302,Census Tract 13.02,111,2861,790,3548566,134000
06059032020,Census Tract 320.20,059,6181,895,2681895,0
06059032022,Census Tract 320.22,059,6775,939,4626461,24181
06059052502,Census Tract 525.02,059,5675,549,3034914,0
06059052505,Census Tract 525.05,059,4274,389,1190674,0
06059052511,Census Tract 525.11,059,6264,984,1818571,67581
06059052514,Census Tract 525.14,059,5460,886,1481785,35849
06059087101,Census Tract 871.01,059,4652,488,1318975,0
06059087102,Census Tract 871.02,059,6769,949,1445775,13757
06059087103,Census Tract 871.03,059,8107,1090,1976427,0
06059087105,Census Tract 871.05,059,5438,1273,1727719,0
06059087106,Census Tract 871.06,059,4549,1029,923805,0
06105000200,Census Tract 2,105,2708,543,1940986184,845419
06023990100,Census Tract 9901,023,0,14,0,1061851402
06023010901,Census Tract 109.01,023,4729,512,7120018,0
06023010902,Census Tract 109.02,023,4141,462,1048724024,1050071
06023011600,Census Tract 116,023,3547,618,1017866024,3425752
06023001300,Census Tract 13,023,1695,293,41378690,41306506
06023010504,Census Tract 105.04,023,3613,580,6126318,765826
06023010503,Census Tract 105.03,023,4025,518,3500452,2345
06023011502,Census Tract 115.02,023,976,270,564744955,8966860
06023011501,Census Tract 115.01,023,1719,595,319200024,183588
06023010701,Census Tract 107.01,023,4601,617,18010426,77589
06023010702,Census Tract 107.02,023,2764,875,93625576,11824934
06023001103,Census Tract 11.03,023,2232,666,2293960,0
06023001001,Census Tract 10.01,023,3137,738,2109365,41594
06023001002,Census Tract 10.02,023,3006,388,3364309,132
06023001102,Census Tract 11.02,023,4762,627,7339176,0
06093001003,Census Tract 10.03,093,4549,483,255338512,14636
06093000901,Census Tract 9.01,093,3756,327,308670995,1517620
06093001002,Census Tract 10.02,093,1548,236,15068986,143711
06093001001,Census Tract 10.01,093,1311,262,136276248,1930955
06077004600,Census Tract 46,077,6663,870,136907224,2007835
06077004800,Census Tract 48,077,5333,791,363693413,899075
06077005127,Census Tract 51.27,077,7077,1060,1960015,0
06059001402,Census Tract 14.02,059,4845,431,1241149,0
06059001403,Census Tract 14.03,059,3718,1057,1328825,0
06059001404,Census Tract 14.04,059,3648,532,2926333,0
06059001501,Census Tract 15.01,059,6259,778,3201796,25307
06059001503,Census Tract 15.03,059,5024,805,3066572,0
06059032027,Census Tract 320.27,059,6001,710,1758442,0
06059032028,Census Tract 320.28,059,4230,1435,2016658,104604
06059032029,Census Tract 320.29,059,4109,470,1455566,0
06059032030,Census Tract 320.30,059,3447,270,1840198,0
06075023102,Census Tract 231.02,075,3231,709,487258,0
06075023200,Census Tract 232,075,3570,739,856567,0
06059052518,Census Tract 525.18,059,8242,637,5807267,0
06059052519,Census Tract 525.19,059,4081,436,979545,0
06059052520,Census Tract 525.20,059,3284,557,1183540,57279
06059052521,Census Tract 525.21,059,6135,913,1328748,19390
06075023300,Census Tract 233,075,3818,517,633256,0
06075022901,Census Tract 229.01,075,4542,646,248905,0
06001407000,Census Tract 4070,001,6290,871,862936,0
06001407200,Census Tract 4072,001,6672,914,715073,0
06085504316,Census Tract 5043.16,085,5403,817,1128524,0
06001407300,Census Tract 4073,001,2513,377,2370917,209253
06001407400,Census Tract 4074,001,4311,639,511491,0
06001407600,Census Tract 4076,001,6771,879,1022710,0
06001407700,Census Tract 4077,001,4271,419,914283,0
06001407800,Census Tract 4078,001,2523,373,1221764,0
06071007105,Census Tract 71.05,071,2933,443,4405013,0
06071002204,Census Tract 22.04,071,5863,904,19288641,0
06071009717,Census Tract 97.17,071,4281,500,8093418,0
06071940100,Census Tract 9401,071,1359,191,112508429,2592840
06071008705,Census Tract 87.05,071,5356,1076,4575669,0
06071008302,Census Tract 83.02,071,2783,300,4709501,0
06071004601,Census Tract 46.01,071,9192,1088,3854945,0
06085503324,Census Tract 5033.24,085,3333,390,827970,0
06071004503,Census Tract 45.03,071,4692,717,13623664,0
06071007800,Census Tract 78,071,7528,917,17917356,0
06071001600,Census Tract 16,071,4773,902,12421088,0
06071011300,Census Tract 113,071,1123,195,247709907,11059367
06071000111,Census Tract 1.11,071,2865,433,10807945,0
06071010023,Census Tract 100.23,071,6696,870,6366298,0
06071007407,Census Tract 74.07,071,3043,326,1297666,0
06001423700,Census Tract 4237,001,3381,586,728688,0
06001423800,Census Tract 4238,001,3397,344,1084721,0
06059001504,Census Tract 15.04,059,4890,439,2059550,0
06085503509,Census Tract 5035.09,085,3990,785,1078698,0
06071004800,Census Tract 48,071,3410,572,866044,0
06001423901,Census Tract 4239.01,001,2227,298,394493,0
06001427700,Census Tract 4277,001,4963,869,999701,708894
06059001506,Census Tract 15.06,059,4119,462,4508285,27603
06059001507,Census Tract 15.07,059,5896,610,1899383,0
06059001705,Census Tract 17.05,059,4394,665,1595532,0
06059032031,Census Tract 320.31,059,3265,405,1581133,0
06059032032,Census Tract 320.32,059,2732,328,1811843,0
06109003102,Census Tract 31.02,109,2696,752,20972583,23047
06109004101,Census Tract 41.01,109,2402,521,72727200,996273
06109003103,Census Tract 31.03,109,819,143,1458266353,21094091
06109004102,Census Tract 41.02,109,2651,453,8199384,14844
06109005102,Census Tract 51.02,109,3121,683,54022679,20408194
06109004202,Census Tract 42.02,109,2217,375,106463600,541376
06109005101,Census Tract 51.01,109,5371,622,106047101,4488098
06109002101,Census Tract 21.01,109,2690,433,48368981,3992010
06109002102,Census Tract 21.02,109,1564,266,833421622,8152461
06109003101,Census Tract 31.01,109,2406,416,11550605,81827
06059032034,Census Tract 320.34,059,5180,429,2557046,0
06059032035,Census Tract 320.35,059,2221,380,1189413,501151
06059032036,Census Tract 320.36,059,3221,468,1701661,0
06059052523,Census Tract 525.23,059,4004,588,1190209,6981
06059052524,Census Tract 525.24,059,7434,851,2395140,0
06059052526,Census Tract 525.26,059,3706,456,1643645,13659
06059052527,Census Tract 525.27,059,7619,1019,3379658,0
06059062605,Census Tract 626.05,059,3107,343,1047119,845383
06071004700,Census Tract 47,071,6082,822,1994953,0
06085503510,Census Tract 5035.10,085,4270,651,1032932,0
06001427800,Census Tract 4278,001,4652,533,831152,0
06085504317,Census Tract 5043.17,085,3639,469,1191011,0
06085504319,Census Tract 5043.19,085,5980,460,2088417,0
06085504320,Census Tract 5043.20,085,2990,396,923882,0
06071009712,Census Tract 97.12,071,6504,863,15037627,0
06071009713,Census Tract 97.13,071,6267,970,20049137,0
06071010700,Census Tract 107,071,3621,260,139334719,0
06071010024,Census Tract 100.24,071,5337,686,98919697,315381
06071008301,Census Tract 83.01,071,6780,1225,4044556,0
06071000109,Census Tract 1.09,071,7334,913,3251828,0
06071008901,Census Tract 89.01,071,2093,356,3518210250,10891060
06071009400,Census Tract 94,071,4138,785,11159703,0
06071010300,Census Tract 103,071,2854,571,18005085257,6351750
06071010022,Census Tract 100.22,071,4674,514,4719878,0
06071000812,Census Tract 8.12,071,4520,497,2812353,0
06071000104,Census Tract 1.04,071,6292,753,4153781,0
06071010413,Census Tract 104.13,071,6695,662,57792876,0
06071010415,Census Tract 104.15,071,5139,853,19526164,0
06071009708,Census Tract 97.08,071,5896,868,217746470,638023
06071010410,Census Tract 104.10,071,2909,567,57127609,0
06001424001,Census Tract 4240.01,001,4000,515,507530,0
06001428100,Census Tract 4281,001,4685,793,994804,38328
06001428200,Census Tract 4282,001,6385,678,1362067,804742
06085503511,Census Tract 5035.11,085,3560,477,829161,0
06085503601,Census Tract 5036.01,085,3524,699,1372315,0
06085504321,Census Tract 5043.21,085,5556,502,1450237,0
06085504410,Census Tract 5044.10,085,3960,509,1102136,0
06085507003,Census Tract 5070.03,085,2895,442,9531457,0
06085507004,Census Tract 5070.04,085,3844,421,2423646,0
06085502204,Census Tract 5022.04,085,3394,698,331145,0
06085502203,Census Tract 5022.03,085,3875,602,643887,0
06085501902,Census Tract 5019.02,085,3619,656,1064609,0
06085502104,Census Tract 5021.04,085,2459,314,770515,0
06085502103,Census Tract 5021.03,085,4225,559,1029808,0
06085504424,Census Tract 5044.24,085,4974,711,25455453,119350
06085505015,Census Tract 5050.15,085,5169,1019,2260681,0
06085505012,Census Tract 5050.12,085,2659,415,1062823,0
06085505014,Census Tract 5050.14,085,6478,806,1127742,0
06085505010,Census Tract 5050.10,085,4756,782,7795130,0
06085501901,Census Tract 5019.01,085,3126,511,597771,0
06085511502,Census Tract 5115.02,085,3022,468,1938359,0
06085504903,Census Tract 5049.03,085,5228,676,593373,0
06085504808,Census Tract 5048.08,085,2111,883,504594,0
06085511501,Census Tract 5115.01,085,4680,536,1524240,0
06085512057,Census Tract 5120.57,085,4385,886,1371513,0
06085512059,Census Tract 5120.59,085,7000,908,2359778,0
06085503339,Census Tract 5033.39,085,3827,551,3752155,0
06085503338,Census Tract 5033.38,085,3972,474,9400706,0
06085512056,Census Tract 5120.56,085,3807,492,945063,0
06085503219,Census Tract 5032.19,085,2738,675,484157,0
06085503222,Census Tract 5032.22,085,5434,1144,751197,0
06085509111,Census Tract 5091.11,085,4643,550,970447,0
06085507705,Census Tract 5077.05,085,3953,421,5238600,82312
06085507704,Census Tract 5077.04,085,3367,343,1325636,0
06085512058,Census Tract 5120.58,085,5561,478,1534463,0
06085504807,Census Tract 5048.07,085,5920,839,948372,0
06085508205,Census Tract 5082.05,085,4334,511,1237974,0
06085508510,Census Tract 5085.10,085,3606,720,736752,0
06085508206,Census Tract 5082.06,085,4048,429,1374759,0
06085512513,Census Tract 5125.13,085,4003,656,1279370,0
06085512512,Census Tract 5125.12,085,3406,463,979398,0
06085512514,Census Tract 5125.14,085,2899,349,783270,0
06085512516,Census Tract 5125.16,085,4322,979,3272718,3754
06085508305,Census Tract 5083.05,085,5284,1165,426121,0
06085504509,Census Tract 5045.09,085,4921,605,3421344,0
06085501601,Census Tract 5016.01,085,3558,575,781837,0
06085501602,Census Tract 5016.02,085,2911,522,436247,0
06085506505,Census Tract 5065.05,085,4187,538,657483,0
06085504510,Census Tract 5045.10,085,3900,623,1709035,0
06085508708,Census Tract 5087.08,085,6682,906,4892338,0
06085505902,Census Tract 5059.02,085,3893,443,882189,0
06085503127,Census Tract 5031.27,085,5300,594,2926721,0
06085503126,Census Tract 5031.26,085,3964,883,1545159,0
06085503124,Census Tract 5031.24,085,6075,1036,1572583,0
06085503125,Census Tract 5031.25,085,4082,862,742589,0
06085512055,Census Tract 5120.55,085,3595,1000,677228,0
06085509002,Census Tract 5090.02,085,4097,891,673032,0
06085509001,Census Tract 5090.01,085,3031,303,863575,0
06085508306,Census Tract 5083.06,085,2980,452,869531,0
06085502704,Census Tract 5027.04,085,4265,549,1631370,0
06059062651,Census Tract 626.51,059,3269,584,860526,0
06059062650,Census Tract 626.50,059,4789,711,1647622,0
06059062654,Census Tract 626.54,059,7196,1517,2879058,0
06059052531,Census Tract 525.31,059,4096,897,1074083,0
06059052532,Census Tract 525.32,059,5904,627,4117036,0
06059032063,Census Tract 320.63,059,7205,876,6046850,5335
06059062658,Census Tract 626.58,059,5078,593,2884301,72185
06059042341,Census Tract 423.41,059,6229,694,1867509,0
06059042115,Census Tract 421.15,059,984,130,1201837,884678
06059075517,Census Tract 755.17,059,5636,1279,2200473,0
06059052437,Census Tract 524.37,059,7153,759,26335556,142637
06059052534,Census Tract 525.34,059,2205,654,695418,0
06059052430,Census Tract 524.30,059,17078,1914,45927450,95195
06059052434,Census Tract 524.34,059,6663,860,1738280,0
06059075516,Census Tract 755.16,059,11338,1635,10107226,26247
06059075518,Census Tract 755.18,059,11153,1527,6668668,0
06059052435,Census Tract 524.35,059,7147,1555,1715994,0
06059052438,Census Tract 524.38,059,8068,797,8745563,0
06059052436,Census Tract 524.36,059,5117,614,1680560,0
06059052535,Census Tract 525.35,059,5093,798,1803443,0
06059052533,Census Tract 525.33,059,7170,760,2011528,0
06059052529,Census Tract 525.29,059,2984,696,850375,0
06059052439,Census Tract 524.39,059,13687,1187,15019714,0
06059052433,Census Tract 524.33,059,16295,1915,3370676,0
06059052431,Census Tract 524.31,059,4873,743,1349326,0
06001428301,Census Tract 4283.01,001,6618,868,4300902,1597298
06001428302,Census Tract 4283.02,001,6812,757,2231409,474770
06059001801,Census Tract 18.01,059,5783,946,1722745,0
06059001802,Census Tract 18.02,059,7817,1161,1176742,0
06059063910,Census Tract 639.10,059,4917,750,4198992,0
06059052530,Census Tract 525.30,059,6285,1256,1014495,0
06059063909,Census Tract 639.09,059,3484,471,1142800,0
06059042340,Census Tract 423.40,059,2636,665,932440,0
06059032062,Census Tract 320.62,059,4502,492,4207189,0
06059076001,Census Tract 760.01,059,8316,1080,2305049,0
06059032064,Census Tract 320.64,059,2712,457,97753255,0
06059042116,Census Tract 421.16,059,5672,1123,2171029,818123
06059032065,Census Tract 320.65,059,5372,532,9121264,0
06059032066,Census Tract 320.66,059,9328,850,29116125,0
06059062655,Census Tract 626.55,059,3741,470,18652344,0
06059052432,Census Tract 524.32,059,7454,652,1682696,0
06059052429,Census Tract 524.29,059,9027,913,2042755,0
06059062653,Census Tract 626.53,059,7882,834,7046994,0
06059099418,Census Tract 994.18,059,4341,645,917375,0
06059001603,Census Tract 16.03,059,4064,647,2740517,0
06059021831,Census Tract 218.31,059,5654,668,5169797,11694
06059021832,Census Tract 218.32,059,6741,877,32045415,36335
06059087302,Census Tract 873.02,059,7285,1481,933231,0
06059062656,Census Tract 626.56,059,3534,466,30821713,2569381
06059062657,Census Tract 626.57,059,3302,702,1393696,0
06059062652,Census Tract 626.52,059,4657,394,3266431,70522
06059001710,Census Tract 17.10,059,4610,760,3166634,0
06059076105,Census Tract 761.05,059,4142,672,2118872,0
06059076104,Census Tract 761.04,059,5792,758,1829634,0
06059076002,Census Tract 760.02,059,2641,362,916450,0
06059099419,Census Tract 994.19,059,3913,587,2581863,29673
06059001604,Census Tract 16.04,059,4399,774,2317302,0
06059087301,Census Tract 873.01,059,4478,702,695446,0
06059001709,Census Tract 17.09,059,2603,375,1986688,0
06059001903,Census Tract 19.03,059,3171,314,919541,0
06059011000,Census Tract 110,059,6132,883,3040244,0
06059011101,Census Tract 111.01,059,4173,611,1030837,0
06059011102,Census Tract 111.02,059,4461,448,1105853,0
06059032037,Census Tract 320.37,059,5737,2076,3640834,0
06059032038,Census Tract 320.38,059,6550,917,2938921,0
06059032039,Census Tract 320.39,059,6262,771,1923950,0
06029001301,Census Tract 13.01,029,5548,1036,1027441,0
06029003135,Census Tract 31.35,029,4194,906,1385084,0
06029001107,Census Tract 11.07,029,2690,524,550527,0
06029003212,Census Tract 32.12,029,6521,740,4333818,190217
06029005509,Census Tract 55.09,029,4737,898,120534842,5245
06029001804,Census Tract 18.04,029,3641,636,3340772,377062
06029003816,Census Tract 38.16,029,2730,528,2670629,0
06029006101,Census Tract 61.01,029,3804,594,7280787,186674
06071007404,Census Tract 74.04,071,5441,1111,3211291,0
06029004605,Census Tract 46.05,029,3674,978,479143515,1680457
06029002701,Census Tract 27.01,029,3250,660,1357176,0
06029004304,Census Tract 43.04,029,3117,619,3947504,0
06029001803,Census Tract 18.03,029,2878,473,1274525,0
06029003308,Census Tract 33.08,029,1573,573,76355354,30155
06029002824,Census Tract 28.24,029,2542,370,397484,0
06029002823,Census Tract 28.23,029,4828,1114,1377652,0
06029002822,Census Tract 28.22,029,3289,697,2251088,0
06029003817,Census Tract 38.17,029,3940,552,2052860,0
06029005006,Census Tract 50.06,029,4066,722,1285682,0
06029005005,Census Tract 50.05,029,3645,772,1519548,0
06029004903,Census Tract 49.03,029,4649,600,1300974,0
06029004904,Census Tract 49.04,029,3298,989,1344648,0
06029004802,Census Tract 48.02,029,7449,975,2944552,0
06029000702,Census Tract 7.02,029,2609,504,1605284,0
06029004801,Census Tract 48.01,029,3939,706,1737977,0
06029004703,Census Tract 47.03,029,4636,788,4941079,0
06029004704,Census Tract 47.04,029,6271,741,4407797,0
06029000601,Census Tract 6.01,029,2322,494,1510841,144124
06029004404,Census Tract 44.04,029,4535,620,1622063,0
06029004403,Census Tract 44.03,029,2675,316,1457784,0
06029000201,Census Tract 2.01,029,4010,474,1399082,0
06029004303,Census Tract 43.03,029,5811,921,1296256,0
06029000104,Census Tract 1.04,029,1321,321,1102840,0
06059032040,Census Tract 320.40,059,2371,224,1046489,0
06059042323,Census Tract 423.23,059,4388,568,3344909,1109982
06059062632,Census Tract 626.32,059,3932,478,14191838,613120
06059062611,Census Tract 626.11,059,4017,542,1665709,82580
06059062614,Census Tract 626.14,059,24017,1501,6206307,62414
06001428400,Census Tract 4284,001,4864,504,810521,1168052
06001430900,Census Tract 4309,001,5539,843,1096550,0
06059062622,Census Tract 626.22,059,4340,388,2904075,26675
06055201102,Census Tract 2011.02,055,1838,313,150657871,5073548
06017030810,Census Tract 308.10,017,3467,488,2541866,148357
06017030301,Census Tract 303.01,017,2910,474,1183498,0
06017030302,Census Tract 303.02,017,2557,431,3227507,367755
06017030808,Census Tract 308.08,017,7023,779,5802114,61992
06017030809,Census Tract 308.09,017,2611,345,2205969,0
06075022803,Census Tract 228.03,075,4117,627,282080,0
06075047702,Census Tract 477.02,075,3135,497,352786,0
06075035202,Census Tract 352.02,075,4188,677,372758,0
06075013300,Census Tract 133,075,3952,451,581305,0
06075025403,Census Tract 254.03,075,4410,649,515731,0
06075022702,Census Tract 227.02,075,1960,374,295531,0
06001431000,Census Tract 4310,001,3191,392,954210,0
06001432100,Census Tract 4321,001,3820,540,1105772,0
06085503325,Census Tract 5033.25,085,4478,529,1138412,0
06053013200,Census Tract 132,053,3605,537,48405615,34615
06053013600,Census Tract 136,053,4247,769,950615,0
06053011700,Census Tract 117,053,3623,521,5290270,652757
06053010606,Census Tract 106.06,053,7487,884,286503913,849953
06053010305,Census Tract 103.05,053,5344,799,15689047,17079
06053001200,Census Tract 12,053,3313,460,1231337,0
06053010501,Census Tract 105.01,053,7608,1844,67098679,167219
06085503602,Census Tract 5036.02,085,4876,626,1223265,0
06059011200,Census Tract 112,059,5031,721,1685999,0
06085503703,Census Tract 5037.03,085,3858,732,655029,0
06085503712,Census Tract 5037.12,085,3770,917,664170,0
06001428000,Census Tract 4280,001,2706,591,525761,0
06001428500,Census Tract 4285,001,3443,384,624197,383522
06001428600,Census Tract 4286,001,3298,466,898967,1080420
06059011401,Census Tract 114.01,059,2063,251,1422755,0
06059011402,Census Tract 114.02,059,3075,455,1136419,0
06059011403,Census Tract 114.03,059,5974,646,1485009,0
06059011502,Census Tract 115.02,059,4776,865,1347699,0
06059032042,Census Tract 320.42,059,6074,758,4448964,0
06059032045,Census Tract 320.45,059,3306,542,3607972,0
06059032047,Census Tract 320.47,059,4613,573,1147328,0
06059032050,Census Tract 320.50,059,4629,546,2302606,0
06053001600,Census Tract 16,053,2747,424,864843,0
06053011400,Census Tract 114,053,4951,511,3667519248,49218275
06001430300,Census Tract 4303,001,4028,727,2551932,9638
06001430400,Census Tract 4304,001,2160,231,2433270,481854
06001430700,Census Tract 4307,001,4132,405,1322603,0
06059062625,Census Tract 626.25,059,4617,842,1489583,0
06059062627,Census Tract 626.27,059,3574,683,959152,36787
06059062629,Census Tract 626.29,059,2318,203,1070705,0
06053000600,Census Tract 6,053,7000,1003,1078836,0
06053010702,Census Tract 107.02,053,3520,470,142047630,2121462
06053013100,Census Tract 131,053,2151,382,1275541,0
06053010102,Census Tract 101.02,053,2509,383,30988350,65950
06085503708,Census Tract 5037.08,085,2530,346,1219639,0
06059062635,Census Tract 626.35,059,4739,850,1086109,0
06059062636,Census Tract 626.36,059,3660,747,1177784,0
06059032048,Census Tract 320.48,059,4924,444,1915511,0
06013304006,Census Tract 3040.06,013,3843,385,38505591,2625505
06013392202,Census Tract 3922.02,013,4814,1222,1677841,974792
06013392201,Census Tract 3922.01,013,5257,608,9689193,5148611
06013303210,Census Tract 3032.10,013,3400,365,3289685,0
06013355121,Census Tract 3551.21,013,6121,627,4857897,0
06013355124,Census Tract 3551.24,013,4480,574,1996225,0
06013345205,Census Tract 3452.05,013,5741,663,4062366,0
06013355126,Census Tract 3551.26,013,5636,621,13731893,0
06037137000,Census Tract 1370,037,4562,593,3006590,4374
06001422500,Census Tract 4225,001,4481,574,465527,0
06001422700,Census Tract 4227,001,5154,464,346821,0
06029000103,Census Tract 1.03,029,4644,1694,1261429,0
06001423000,Census Tract 4230,001,4478,824,730083,0
06001423100,Census Tract 4231,001,4286,569,748653,0
06001424002,Census Tract 4240.02,001,2524,319,326768,0
06075030202,Census Tract 302.02,075,4082,614,356618,0
06075026001,Census Tract 260.01,075,5625,945,407294,0
06075026003,Census Tract 260.03,075,4639,639,407434,0
06075026404,Census Tract 264.04,075,2422,294,186639,0
06001426200,Census Tract 4262,001,4843,539,1358213,0
06001427100,Census Tract 4271,001,4036,417,1025446,168200
06001427200,Census Tract 4272,001,4138,669,1329667,625070
06085503401,Census Tract 5034.01,085,4073,525,902364,0
06013314106,Census Tract 3141.06,013,4288,1746,1011860,0
06013302011,Census Tract 3020.11,013,6305,724,15847659,625026
06013340003,Census Tract 3400.03,013,3318,408,2520119,0
06013355307,Census Tract 3553.07,013,4526,657,6142390,0
06013355120,Census Tract 3551.20,013,4193,612,1525605,0
06013313106,Census Tract 3131.06,013,6890,1256,12901293,0
06013355119,Census Tract 3551.19,013,5063,799,17449461,0
06013303206,Census Tract 3032.06,013,5018,878,7627834,0
06013303207,Census Tract 3032.07,013,9770,1643,5573574,0
06013302014,Census Tract 3020.14,013,8261,1008,3840981,0
06013303104,Census Tract 3031.04,013,6534,816,4337501,0
06013303106,Census Tract 3031.06,013,9221,1251,30147193,38528
06075025401,Census Tract 254.01,075,3567,674,363722,12207
06075060502,Census Tract 605.02,075,2595,526,328175,0
06075045100,Census Tract 451,075,4713,876,384459,0
06075016500,Census Tract 165,075,5206,674,370446,0
06075015300,Census Tract 153,075,2377,414,233721,0
06075013500,Census Tract 135,075,2807,331,235184,0
06075023103,Census Tract 231.03,075,4545,645,1246230,454763
06075022801,Census Tract 228.01,075,4765,944,578057,0
06075018000,Census Tract 180,075,3492,639,933506,0
06085503402,Census Tract 5034.02,085,4279,868,728586,0
06085503507,Census Tract 5035.07,085,2290,446,388539,0
06085508004,Census Tract 5080.04,085,6131,672,1446535,0
06001427300,Census Tract 4273,001,5556,857,1950569,821461
06059011503,Census Tract 115.03,059,1786,233,860639,0
06059011504,Census Tract 115.04,059,5317,503,1970372,0
06059011601,Census Tract 116.01,059,7537,1374,1169192,0
06059011602,Census Tract 116.02,059,5590,1007,5641946,28076
06077000300,Census Tract 3,077,2392,495,1396838,190338
06077000401,Census Tract 4.01,077,2778,533,1045658,0
06077000402,Census Tract 4.02,077,5195,1145,1459855,0
06077000500,Census Tract 5,077,2819,543,983998,0
06077000600,Census Tract 6,077,2209,344,912537,0
06059032051,Census Tract 320.51,059,4258,671,834656,49350
06059032054,Census Tract 320.54,059,5239,819,1548521,0
06059032055,Census Tract 320.55,059,3453,442,1240703,0
06059062638,Census Tract 626.38,059,6051,560,1308167,0
06085504411,Census Tract 5044.11,085,5553,955,1364912,0
06071005200,Census Tract 52,071,4346,775,1979874,0
06077000700,Census Tract 7,077,4892,707,1803882,25674
06077000900,Census Tract 9,077,5944,1037,2976611,407564
06059062640,Census Tract 626.40,059,3071,350,1473841,0
06059062641,Census Tract 626.41,059,5852,637,2191894,0
06059062642,Census Tract 626.42,059,2919,437,2040135,0
06059062646,Census Tract 626.46,059,3231,360,1283705,0
06071980100,Census Tract 9801,071,3,4,8043928,0
06071008001,Census Tract 80.01,071,9533,1738,4890525,0
06085503322,Census Tract 5033.22,085,4506,882,1443922,0
06075010300,Census Tract 103,075,3824,551,268261,0
06075010500,Census Tract 105,075,3473,506,676089,501830
06075010600,Census Tract 106,075,2957,407,187223,0
06075010800,Census Tract 108,075,4047,537,226072,0
06075011200,Census Tract 112,075,2676,392,177415,0
06075011300,Census Tract 113,075,2589,473,102298,0
06075011700,Census Tract 117,075,1914,315,551749,0
06075011800,Census Tract 118,075,1376,260,56564,0
06071005300,Census Tract 53,071,5246,995,1773550,0
06085503508,Census Tract 5035.08,085,5979,747,1008144,0
06001423300,Census Tract 4233,001,3623,584,726625,0
06085503709,Census Tract 5037.09,085,5862,762,884967,0
06085503804,Census Tract 5038.04,085,6231,660,1509505,0
06085503212,Census Tract 5032.12,085,4226,643,1671358,0
06085503213,Census Tract 5032.13,085,4920,901,1099444,0
06085503217,Census Tract 5032.17,085,3669,578,601903,0
06071005400,Census Tract 54,071,6529,880,1810776,0
06059011707,Census Tract 117.07,059,6529,1286,2129000,0
06059011708,Census Tract 117.08,059,5299,670,929939,0
06059011709,Census Tract 117.09,059,4172,445,2069610,37381
06085504001,Census Tract 5040.01,085,4873,510,1137359,0
06085504002,Census Tract 5040.02,085,6376,1170,1026358,0
06085504101,Census Tract 5041.01,085,3628,591,992972,0
06085503218,Census Tract 5032.18,085,4227,694,590505,0
06085503304,Census Tract 5033.04,085,6566,1448,1487588,0
06077001000,Census Tract 10,077,5546,797,3411412,419168
06077001101,Census Tract 11.01,077,5311,682,1931199,102578
06077001102,Census Tract 11.02,077,5320,920,1649877,0
06077001200,Census Tract 12,077,4904,455,2218740,70070
06059011710,Census Tract 117.10,059,4047,983,1376192,0
06059042106,Census Tract 421.06,059,2074,419,2555644,766370
06059042107,Census Tract 421.07,059,3738,489,1026049,0
06059042108,Census Tract 421.08,059,5750,933,1187379,637999
06059042109,Census Tract 421.09,059,4644,527,5606662,0
06085503305,Census Tract 5033.05,085,5874,474,2324266,0
06085503306,Census Tract 5033.06,085,3852,592,1667566,0
06077001300,Census Tract 13,077,5886,774,2310524,0
06077001400,Census Tract 14,077,4818,528,1949841,141296
06059062701,Census Tract 627.01,059,2552,381,1201155,177104
06059062702,Census Tract 627.02,059,4355,939,1488077,659313
06059062800,Census Tract 628,059,3464,630,1813934,3321823
06059063005,Census Tract 630.05,059,1614,195,540556,370319
06059063006,Census Tract 630.06,059,2294,467,539404,498444
06059063008,Census Tract 630.08,059,2296,725,2512064,0
06059110001,Census Tract 1100.01,059,4687,685,1260965,0
06071006201,Census Tract 62.01,071,4043,635,1578594,0
06071006301,Census Tract 63.01,071,4732,680,2636570,0
06071006401,Census Tract 64.01,071,3210,464,2024263,0
06071006402,Census Tract 64.02,071,5525,831,1970757,0
06085504102,Census Tract 5041.02,085,5273,740,1342541,0
06085503313,Census Tract 5033.13,085,4449,524,1606057,0
06085503315,Census Tract 5033.15,085,7822,1146,1647150,0
06075012700,Census Tract 127,075,4027,674,429259,250510
06075013200,Census Tract 132,075,3481,557,546674,0
06071007408,Census Tract 74.08,071,3885,497,1299414,0
06085503323,Census Tract 5033.23,085,3809,347,1131863,0
06075012100,Census Tract 121,075,3203,399,123394,0
06075015100,Census Tract 151,075,2641,423,171998,0
06071006700,Census Tract 67,071,4378,678,1903167,0
06085503321,Census Tract 5033.21,085,4351,554,1753664,246839
06071007106,Census Tract 71.06,071,4302,626,2813709,0
06071007107,Census Tract 71.07,071,2785,424,2364324,19737
06071007108,Census Tract 71.08,071,2406,333,2696920,168572
06077001600,Census Tract 16,077,2505,533,1489135,0
06077001700,Census Tract 17,077,3893,755,1685934,0
06077001900,Census Tract 19,077,6107,820,2883764,0
06085504311,Census Tract 5043.11,085,8850,1041,2176515,0
06085504314,Census Tract 5043.14,085,4425,524,1475544,0
06085504315,Census Tract 5043.15,085,6475,1233,1586749,0
06077002000,Census Tract 20,077,3818,576,2008033,0
06077002100,Census Tract 21,077,5796,881,3311984,0
06077002300,Census Tract 23,077,4985,993,2082724,0
06059011711,Census Tract 117.11,059,5988,711,1131328,0
06059011712,Census Tract 117.12,059,4896,555,1431779,0
06059011715,Census Tract 117.15,059,6818,1061,2476271,0
06059011716,Census Tract 117.16,059,5395,786,1550819,0
06059042114,Census Tract 421.14,059,3942,528,3914579,0
06001423400,Census Tract 4234,001,5218,807,755441,0
06059042305,Census Tract 423.05,059,3481,416,2566765,2173631
06059042307,Census Tract 423.07,059,7272,905,2477592,0
06059063010,Census Tract 630.10,059,7116,992,2724784,333446
06059063101,Census Tract 631.01,059,2705,419,1892113,66411
06059063102,Census Tract 631.02,059,5884,514,1515561,0
06071004201,Census Tract 42.01,071,7316,1057,3227623,179601
06071004202,Census Tract 42.02,071,5197,635,1814584,0
06071004401,Census Tract 44.01,071,4301,669,1783274,0
06001423500,Census Tract 4235,001,3768,514,635744,0
06001423602,Census Tract 4236.02,001,5621,1270,404545,0
06001427600,Census Tract 4276,001,4774,561,582864,0
06059063103,Census Tract 631.03,059,3502,873,971190,0
06059063201,Census Tract 632.01,059,3686,518,1017665,0
06075015900,Census Tract 159,075,4861,853,295577,0
06075016000,Census Tract 160,075,2892,538,157523,0
06075016200,Census Tract 162,075,3209,583,273260,0
06075016300,Census Tract 163,075,3925,583,245866,0
06075016400,Census Tract 164,075,3571,656,309099,0
06075015500,Census Tract 155,075,4011,517,312148,0
06075015600,Census Tract 156,075,2964,501,293931,0
06075016700,Census Tract 167,075,4852,761,490697,0
06029000202,Census Tract 2.02,029,4267,870,1538674,0
06029004002,Census Tract 40.02,029,3792,420,2464123,0
06029003814,Census Tract 38.14,029,7410,1475,6864788,0
06029006102,Census Tract 61.02,029,4674,636,7866288,36711
06029005511,Census Tract 55.11,029,3830,616,9024843,0
06029003827,Census Tract 38.27,029,2983,611,43753256,0
06029000602,Census Tract 6.02,029,2528,755,633784,0
06029003819,Census Tract 38.19,029,4367,981,2602382,0
06001433000,Census Tract 4330,001,3739,498,1316548,0
06001433200,Census Tract 4332,001,7991,1202,3173333,0
06001433300,Census Tract 4333,001,7287,922,2520122,0
06001433400,Census Tract 4334,001,6008,843,5417052,3744232
06001433500,Census Tract 4335,001,3951,686,1234041,0
06001433102,Census Tract 4331.02,001,4069,755,1504293,0
06077002701,Census Tract 27.01,077,6891,1021,4137644,0
06077002702,Census Tract 27.02,077,3776,711,2556130,0
06077003106,Census Tract 31.06,077,4526,591,1633788,254018
06001440307,Census Tract 4403.07,001,4441,942,1404956,0
06001440308,Census Tract 4403.08,001,6017,699,1838208,0
06001441200,Census Tract 4412,001,7569,947,3248021,11692
06001441301,Census Tract 4413.01,001,3166,345,3239687,0
06001441302,Census Tract 4413.02,001,5747,560,1994662,0
06077003108,Census Tract 31.08,077,4973,994,1365815,254905
06077003111,Census Tract 31.11,077,4747,652,2131502,9229
06077003112,Census Tract 31.12,077,2878,593,1406358,376199
06077003203,Census Tract 32.03,077,4100,407,1940510,15821
06001440331,Census Tract 4403.31,001,3190,364,1761655,0
06001433900,Census Tract 4339,001,6482,832,816590,0
06077003205,Census Tract 32.05,077,4823,762,1566435,23545
06001434000,Census Tract 4340,001,5561,619,1217965,0
06001435500,Census Tract 4355,001,4108,620,1012334,0
06001435800,Census Tract 4358,001,5725,544,1310022,0
06077003209,Census Tract 32.09,077,5234,1315,1285786,3688
06077003210,Census Tract 32.10,077,2741,404,1271027,829
06077003213,Census Tract 32.13,077,5243,611,1160164,0
06077003214,Census Tract 32.14,077,2984,192,1072845,0
06001435900,Census Tract 4359,001,4985,758,2413826,53278
06001436000,Census Tract 4360,001,5298,742,1345104,0
06029005513,Census Tract 55.13,029,2353,407,22793864,418817
06029005405,Census Tract 54.05,029,2747,574,2016800,0
06029003134,Census Tract 31.34,029,3571,664,1304888,0
06029005407,Census Tract 54.07,029,3816,529,5177903,0
06001436100,Census Tract 4361,001,5454,979,1261383,0
06001436200,Census Tract 4362,001,3989,627,644516,0
06001436602,Census Tract 4366.02,001,5115,636,894284,0
06001436700,Census Tract 4367,001,3360,416,798269,0
06001436800,Census Tract 4368,001,4052,606,1025366,0
06075016900,Census Tract 169,075,2889,469,294789,0
06075017000,Census Tract 170,075,4061,536,469563,0
06113010511,Census Tract 105.11,113,3476,489,870773,0
06113010512,Census Tract 105.12,113,3146,412,1190643,0
06001436900,Census Tract 4369,001,6768,710,1207092,0
06001437000,Census Tract 4370,001,3378,506,1597254,0
06001437200,Census Tract 4372,001,8968,1235,2554603,0
06001437300,Census Tract 4373,001,2844,334,1027863,0
06001437400,Census Tract 4374,001,3755,460,858407,0
06001437600,Census Tract 4376,001,3381,498,818977,0
06077003306,Census Tract 33.06,077,4852,809,1160594,0
06077003311,Census Tract 33.11,077,4202,510,1362657,5192
06077003403,Census Tract 34.03,077,5381,818,2592731,0
06077003404,Census Tract 34.04,077,6802,962,1337828,0
06077003405,Census Tract 34.05,077,3914,752,1107657,13632
06077003307,Census Tract 33.07,077,4672,510,1601594,0
06077003310,Census Tract 33.10,077,4356,817,1113999,12123
06077003601,Census Tract 36.01,077,2748,517,30710313,296476
06013327002,Census Tract 3270.02,013,3953,460,1679176,0
06013346206,Census Tract 3462.06,013,3304,364,6555824,0
06013319001,Census Tract 3190.01,013,4060,687,1460376,0
06013302013,Census Tract 3020.13,013,2924,451,3077789,0
06013345206,Census Tract 3452.06,013,3687,591,2873085,0
06013302012,Census Tract 3020.12,013,5689,958,2965573,0
06013355308,Census Tract 3553.08,013,3521,499,3671747,0
06013355118,Census Tract 3551.18,013,3741,501,2873028,0
06013314105,Census Tract 3141.05,013,3692,751,1313743,0
06013319002,Census Tract 3190.02,013,3819,420,1666486,0
06013345117,Census Tract 3451.17,013,4752,954,2229310,41682
06013303208,Census Tract 3032.08,013,4346,711,2365603,0
06013304007,Census Tract 3040.07,013,4919,888,7617335,125667
06013303107,Census Tract 3031.07,013,7992,951,3471662,0
06013355201,Census Tract 3552.01,013,8798,1448,4655178,785
06013313105,Census Tract 3131.05,013,5733,704,2178666,0
06013303209,Census Tract 3032.09,013,5541,842,3959558,0
06013303211,Census Tract 3032.11,013,4298,730,10244289,0
06013355310,Census Tract 3553.10,013,2837,264,1312942,0
06013355309,Census Tract 3553.09,013,4603,805,7710467,0
06013324004,Census Tract 3240.04,013,2563,290,1223400,0
06013355122,Census Tract 3551.22,013,5410,1159,3007717,0
06013339003,Census Tract 3390.03,013,4519,561,1135902,0
06013336103,Census Tract 3361.03,013,5013,1082,468054,0
06013337201,Census Tract 3372.01,013,2919,483,1472298,0
06013355202,Census Tract 3552.02,013,3803,425,25942993,0
06013327001,Census Tract 3270.01,013,3572,600,6678478,0
06001437900,Census Tract 4379,001,2486,299,674755,0
06001438100,Census Tract 4381,001,7317,1287,2001857,0
06001438201,Census Tract 4382.01,001,4432,615,983499,0
06001438400,Census Tract 4384,001,2600,427,1723691,0
06001437800,Census Tract 4378,001,4817,797,1275626,0
06113010513,Census Tract 105.13,113,2844,447,650535,0
06001440200,Census Tract 4402,001,5623,660,1160876,0
06001440304,Census Tract 4403.04,001,4488,564,977965,0
06001432200,Census Tract 4322,001,3904,624,1023815,0
06001432300,Census Tract 4323,001,4700,468,1044920,0
06001440305,Census Tract 4403.05,001,3971,480,929238,0
06001432700,Census Tract 4327,001,2509,597,828635,0
06001432502,Census Tract 4325.02,001,5104,754,823638,0
06001433103,Census Tract 4331.03,001,3667,536,693343,0
06065041912,Census Tract 419.12,065,6207,1021,4446211,0
06081608013,Census Tract 6080.13,081,3744,338,1167660,266478
06073017050,Census Tract 170.50,073,2971,421,4973504,0
06037275500,Census Tract 2755,037,5086,899,762034,25717
06037462001,Census Tract 4620.01,037,4491,912,511707,0
06037463601,Census Tract 4636.01,037,6416,679,928141,0
06037920116,Census Tract 9201.16,037,4606,407,7423211,1353
06037920119,Census Tract 9201.19,037,1902,219,4989691,1082
06037920338,Census Tract 9203.38,037,5594,743,3723669,0
06013346204,Census Tract 3462.04,013,7702,997,13031487,0
06013346203,Census Tract 3462.03,013,4072,493,2857319,0
06013360101,Census Tract 3601.01,013,4194,504,3924515,0
06013355109,Census Tract 3551.09,013,7037,927,2982058,0
06013355113,Census Tract 3551.13,013,5453,750,5326315,6550
06013334006,Census Tract 3340.06,013,4766,458,1685118,0
06013334200,Census Tract 3342,013,7522,669,6788232,0
06013355306,Census Tract 3553.06,013,4562,413,67327449,5020
06013355112,Census Tract 3551.12,013,5544,764,253950358,6951305
06095252317,Census Tract 2523.17,095,14017,1725,31367220,300693
06095252316,Census Tract 2523.16,095,4246,642,1288708,0
06095253206,Census Tract 2532.06,095,3957,569,3446943,17068
06095253205,Census Tract 2532.05,095,3286,679,2583619,3113
06037221601,Census Tract 2216.01,037,3641,568,369898,0
06037222001,Census Tract 2220.01,037,2756,396,474298,0
06037237201,Census Tract 2372.01,037,3781,543,453406,0
06037239201,Census Tract 2392.01,037,3455,400,449869,0
06037239601,Census Tract 2396.01,037,3957,572,422289,0
06037980019,Census Tract 9800.19,037,133,67,44210349,31076
06013304001,Census Tract 3040.01,013,5903,684,28917476,100203
06013355111,Census Tract 3551.11,013,6581,731,2431710,0
06013360102,Census Tract 3601.02,013,5339,925,6229696,0
06013302007,Census Tract 3020.07,013,7337,1085,4334241,0
06013302009,Census Tract 3020.09,013,6891,817,5277016,0
06085504700,Census Tract 5047,085,845,271,6713013,0
06081601902,Census Tract 6019.02,081,4960,817,1308378,0
06081990100,Census Tract 9901,081,0,14,0,677709738
06083000301,Census Tract 3.01,083,3440,823,509983,0
06083001306,Census Tract 13.06,083,3247,534,4131638,106193
06083001706,Census Tract 17.06,083,4522,502,121851633,429762
06033000100,Census Tract 1,033,3708,568,1193737730,10964657
06013324003,Census Tract 3240.03,013,3266,494,399450,0
06013313107,Census Tract 3131.07,013,2728,404,1106545,0
06013351105,Census Tract 3511.05,013,1721,357,814312,0
06001441927,Census Tract 4419.27,001,4369,606,650133,0
06013980000,Census Tract 9800,013,475,17,219916,0
06013351104,Census Tract 3511.04,013,1599,205,1405602,0
06013346205,Census Tract 3462.05,013,3769,559,9636412,0
06013336104,Census Tract 3361.04,013,2541,428,195668,0
06013345118,Census Tract 3451.18,013,3551,375,4967064,46707
06013339004,Census Tract 3390.04,013,3701,482,1057980,0
06013303105,Census Tract 3031.05,013,3446,589,2166804,0
06013313104,Census Tract 3131.04,013,3024,790,1405381,0
06037132700,Census Tract 1327,037,5150,636,1310875,10477
06037132900,Census Tract 1329,037,4026,723,1184831,9256
06037133000,Census Tract 1330,037,3979,555,997188,5043
06037134103,Census Tract 1341.03,037,4132,941,1040917,9622
06037134104,Census Tract 1341.04,037,4220,530,647979,0
06037134201,Census Tract 1342.01,037,4149,675,1459411,7345
06059110015,Census Tract 1100.15,059,3468,375,7199323,0
06039000106,Census Tract 1.06,039,5288,581,56732823,250537
06039000109,Census Tract 1.09,039,2327,399,715316856,11722297
06039000201,Census Tract 2.01,039,6567,347,104884919,256763
06039000604,Census Tract 6.04,039,5438,862,1766714,0
06013313203,Census Tract 3132.03,013,3209,573,3120763,0
06059021812,Census Tract 218.12,059,5832,902,3040972,0
06059021905,Census Tract 219.05,059,5632,622,3537491,0
06059089106,Census Tract 891.06,059,4023,626,738000,0
06059021916,Census Tract 219.16,059,3804,334,2174278,0
06059021825,Census Tract 218.25,059,3185,502,6653967,0
06059001708,Census Tract 17.08,059,3867,519,3008606,0
06059062634,Census Tract 626.34,059,4637,459,3052135,0
06059042325,Census Tract 423.25,059,3773,372,6474338,0
06059042113,Census Tract 421.13,059,4235,519,3498861,0
06059021918,Census Tract 219.18,059,4881,456,2518669,0
06059021816,Census Tract 218.16,059,5514,818,2877650,0
06059001704,Census Tract 17.04,059,7965,839,3038415,0
06059110118,Census Tract 1101.18,059,2279,316,670994,0
06059062633,Census Tract 626.33,059,6308,594,6750498,0
06059062630,Census Tract 626.30,059,1624,244,4557921,54671
06059052513,Census Tract 525.13,059,5343,624,1581306,53715
06039000603,Census Tract 6.03,039,5563,896,1206631,0
06013355107,Census Tract 3551.07,013,5885,781,82054530,498136
06013345115,Census Tract 3451.15,013,6220,918,15699092,0
06071011404,Census Tract 114.04,071,3213,587,147174939,35603
06001404101,Census Tract 4041.01,001,3267,352,569281,0
06001405302,Census Tract 4053.02,001,2501,327,205566,0
06059042315,Census Tract 423.15,059,6525,744,5638626,0
06059075813,Census Tract 758.13,059,4695,430,2964022,24009
06059099311,Census Tract 993.11,059,3543,428,968402,0
06059086303,Census Tract 863.03,059,13930,1770,6603507,0
06059021921,Census Tract 219.21,059,4618,665,3965507,0
06059001902,Census Tract 19.02,059,3129,768,857688,0
06059063004,Census Tract 630.04,059,5617,633,3870275,1016901
06059062626,Census Tract 626.26,059,2368,344,471210,0
06059042339,Census Tract 423.39,059,3032,512,1108435,0
06059042336,Census Tract 423.36,059,4089,395,2004216,0
06059042319,Census Tract 423.19,059,3627,520,3342421,133550
06059074407,Census Tract 744.07,059,6803,1079,461789,0
06059032044,Census Tract 320.44,059,5854,906,15526205,60610
06059042206,Census Tract 422.06,059,3345,424,1331508,0
06059042112,Census Tract 421.12,059,8031,1347,6384652,0
06059021923,Census Tract 219.23,059,7018,882,10923304,0
06059021920,Census Tract 219.20,059,7003,822,4760867,171075
06059021822,Census Tract 218.22,059,9475,1086,11437131,0
06001405600,Census Tract 4056,001,3277,480,428774,0
06001406400,Census Tract 4064,001,2370,594,487977,77536
06059032041,Census Tract 320.41,059,1003,161,169856569,13484
06059075814,Census Tract 758.14,059,3100,394,1868426,0
06059099416,Census Tract 994.16,059,5952,1156,648903,0
06059001505,Census Tract 15.05,059,7042,1747,3122129,11946
06059011714,Census Tract 117.14,059,941,140,5826780,421058
06059042311,Census Tract 423.11,059,6413,726,4660065,0
06059042329,Census Tract 423.29,059,3579,334,2280689,0
06059063007,Census Tract 630.07,059,6705,857,4395805,26291
06059052422,Census Tract 524.22,059,12295,1145,6706359,0
06059032033,Census Tract 320.33,059,3995,765,914503,0
06059042201,Census Tract 422.01,059,5766,740,4400730,2340792
06059052522,Census Tract 525.22,059,3794,366,935841,0
06059052410,Census Tract 524.10,059,5010,818,5229302,73214
06059021917,Census Tract 219.17,059,3044,291,4721919,7549
06059075703,Census Tract 757.03,059,4094,581,2479278,0
06059075512,Census Tract 755.12,059,3282,449,627957,0
06059052419,Census Tract 524.19,059,3051,376,1776285,0
06059052421,Census Tract 524.21,059,9399,910,2503263,0
06059032049,Census Tract 320.49,059,10469,1194,10046266,383934
06059032053,Census Tract 320.53,059,8654,1018,8403553,0
06001405700,Census Tract 4057,001,3927,672,546860,0
06001405800,Census Tract 4058,001,4590,567,519053,0
06085511608,Census Tract 5116.08,085,3316,144,2455987,117653
06059075702,Census Tract 757.02,059,2935,336,1851729,0
06059074805,Census Tract 748.05,059,4822,880,472208,0
06059042317,Census Tract 423.17,059,3330,539,3142484,0
06059062647,Census Tract 626.47,059,4839,621,1732495,0
06059052411,Census Tract 524.11,059,5126,744,1787956,0
06059021913,Census Tract 219.13,059,7990,965,2385617,458743
06059075604,Census Tract 756.04,059,7115,624,6272518,0
06059042111,Census Tract 421.11,059,5749,631,5887601,0
06059021924,Census Tract 219.24,059,4502,375,77509066,1874512
06059099603,Census Tract 996.03,059,6009,446,5348809,9734
06059099406,Census Tract 994.06,059,4743,619,1295709,0
06059087403,Census Tract 874.03,059,2631,381,630332,0
06001444301,Census Tract 4443.01,001,3659,517,2576475,0
06059062900,Census Tract 629,059,1624,204,460012,615908
06059062619,Census Tract 626.19,059,3783,482,2226283,343273
06059062620,Census Tract 626.20,059,4975,577,3104700,665948
06059074110,Census Tract 741.10,059,3878,415,816884,0
06059062610,Census Tract 626.10,059,13289,1389,11691641,144578
06059042203,Census Tract 422.03,059,9842,1098,11224964,0
06019004404,Census Tract 44.04,019,3357,503,2750390,0
06059110113,Census Tract 1101.13,059,2518,248,3814447,0
06059087902,Census Tract 879.02,059,5033,678,1122813,0
06059021912,Census Tract 219.12,059,4780,800,20447829,4460
06059099415,Census Tract 994.15,059,4678,411,7429068,2315255
06059021915,Census Tract 219.15,059,3586,393,3674874,0
06059021820,Census Tract 218.20,059,4853,776,1998711,0
06059001602,Census Tract 16.02,059,4949,409,4248359,0
06059062643,Census Tract 626.43,059,6794,613,18818901,1549909
06059042320,Census Tract 423.20,059,6054,739,3042794,0
06037141303,Census Tract 1413.03,037,3236,354,262757,0
06037186202,Census Tract 1862.02,037,1738,287,408258,0
06037188202,Census Tract 1882.02,037,3093,527,759725,0
06037189905,Census Tract 1899.05,037,2446,597,258366,0
06001404700,Census Tract 4047,001,2211,258,1195709,0
06001404800,Census Tract 4048,001,2755,368,628406,0
06001405200,Census Tract 4052,001,5254,945,857818,0
06001405500,Census Tract 4055,001,3674,518,411721,0
06001450750,Census Tract 4507.50,001,6794,741,1682950,0
06001451403,Census Tract 4514.03,001,2125,245,679556,0
06019004405,Census Tract 44.05,019,3814,424,2369660,54706
06037602504,Census Tract 6025.04,037,4681,519,321450,0
06037241002,Census Tract 2410.02,037,4104,590,707342,0
06037262604,Census Tract 2626.04,037,6106,1143,5670210,335774
06037262802,Census Tract 2628.02,037,3522,439,3327032,76803
06037267403,Census Tract 2674.03,037,3677,1132,234224,0
06019005301,Census Tract 53.01,019,6386,839,1940426,0
06019005302,Census Tract 53.02,019,5856,851,1949856,0
06019005304,Census Tract 53.04,019,5113,838,1611088,0
06019005305,Census Tract 53.05,019,4024,814,1471714,102661
06001405100,Census Tract 4051,001,4476,407,1256520,0
06001404900,Census Tract 4049,001,4929,647,1011184,0
06037980003,Census Tract 9800.03,037,0,14,192080038,977413
06037980007,Census Tract 9800.07,037,0,14,2401775,303691
06037980009,Census Tract 9800.09,037,5,6,20893446,356889
06037296901,Census Tract 2969.01,037,4661,881,617328,0
06037123902,Census Tract 1239.02,037,2664,394,664411,0
06037134522,Census Tract 1345.22,037,4146,808,615291,0
06037192001,Census Tract 1920.01,037,2364,276,530779,0
06037211122,Census Tract 2111.22,037,2228,372,365557,0
06037104822,Census Tract 1048.22,037,2171,365,604352,0
06059063808,Census Tract 638.08,059,4790,490,736594,0
06059062645,Census Tract 626.45,059,6023,784,5604300,167243
06059088702,Census Tract 887.02,059,5789,603,1413869,0
06097151602,Census Tract 1516.02,097,3229,608,33010100,228016
06097150607,Census Tract 1506.07,097,4334,317,11093828,0
06097150610,Census Tract 1506.10,097,3647,396,1349442,0
06097153809,Census Tract 1538.09,097,5074,589,4088672,0
06097153104,Census Tract 1531.04,097,4211,552,1711349,0
06001405401,Census Tract 4054.01,001,3796,500,313930,0
06065043822,Census Tract 438.22,065,3607,345,110232113,0
06065043823,Census Tract 438.23,065,14738,1431,37630098,514517
06065044517,Census Tract 445.17,065,2498,383,7915353,0
06065044520,Census Tract 445.20,065,1099,247,138673008,0
06065044606,Census Tract 446.06,065,3405,580,40953777,0
06037650604,Census Tract 6506.04,037,5438,1199,515410,0
06037901210,Census Tract 9012.10,037,1802,320,22657689,422163
06037269602,Census Tract 2696.02,037,2383,439,290591,0
06037271901,Census Tract 2719.01,037,3346,564,637161,21017
06037302003,Census Tract 3020.03,037,3715,582,237183,0
06037115103,Census Tract 1151.03,037,2647,158,1518656,0
06037127605,Census Tract 1276.05,037,3561,697,644921,3699
06037400404,Census Tract 4004.04,037,4246,551,15832137,330968
06113010402,Census Tract 104.02,113,4785,615,19259817,1217604
06007001703,Census Tract 17.03,007,1547,527,3818069,1351
06037117102,Census Tract 1171.02,037,2256,341,1032677,6067
06037119341,Census Tract 1193.41,037,2625,395,326366,0
06037120106,Census Tract 1201.06,037,3974,558,205877,415
06037122121,Census Tract 1221.21,037,2507,409,411960,0
06037124204,Census Tract 1242.04,037,2324,427,324351,0
06007001704,Census Tract 17.04,007,3024,665,325475031,3681110
06007002601,Census Tract 26.01,007,1911,284,20121275,0
06007002602,Census Tract 26.02,007,3682,609,18244927,7521121
06007003002,Census Tract 30.02,007,2685,535,16689815,294756
06007003501,Census Tract 35.01,007,4111,656,29794853,0
06007003700,Census Tract 37,007,5124,568,106677134,17510390
06073017813,Census Tract 178.13,073,4583,723,4725276,2140496
06073990100,Census Tract 9901,073,0,14,0,659521337
06073017054,Census Tract 170.54,073,5849,717,6725970,0
06073017053,Census Tract 170.53,073,3462,421,5315390,0
06001451703,Census Tract 4517.03,001,4037,392,1720327,0
06001990000,Census Tract 9900,001,0,14,0,137191025
06085503329,Census Tract 5033.29,085,3294,329,1164082,0
06085512032,Census Tract 5120.32,085,3754,470,2968624,0
06085511916,Census Tract 5119.16,085,4483,413,1762240,76460
06001442302,Census Tract 4423.02,001,6375,831,963153,0
06001406602,Census Tract 4066.02,001,2837,429,414724,0
06001407101,Census Tract 4071.01,001,3545,762,370826,0
06001407102,Census Tract 4071.02,001,3996,981,660864,0
06001432501,Census Tract 4325.01,001,4760,600,1365205,0
06065045222,Census Tract 452.22,065,3088,398,7783685,0
06065045228,Census Tract 452.28,065,7241,1689,107416096,0
06065046900,Census Tract 469,065,1804,416,9863506106,266083
06065047202,Census Tract 472.02,065,2020,382,41274559,0
06065045125,Census Tract 451.25,065,1990,371,86628563,169564
06065048100,Census Tract 481,065,7452,958,65293794,0
06065050600,Census Tract 506,065,8699,879,6047366,0
06065981000,Census Tract 9810,065,5704,164,6976415,0
06065051200,Census Tract 512,065,5109,644,63822926,3583
06065043274,Census Tract 432.74,065,2047,219,8439348,0
06065043513,Census Tract 435.13,065,2915,356,2610351,538850
06065043517,Census Tract 435.17,065,9093,1035,39753393,661117
06001406201,Census Tract 4062.01,001,5344,707,408064,0
06001406202,Census Tract 4062.02,001,5257,765,392183,0
06001406300,Census Tract 4063,001,4378,678,485715,0
06111002905,Census Tract 29.05,111,5193,844,19382158,1550659
06085503333,Census Tract 5033.33,085,4590,659,2082713,0
06037128801,Census Tract 1288.01,037,3827,581,492122,0
06037139504,Census Tract 1395.04,037,3541,469,289066,0
06001450501,Census Tract 4505.01,001,3174,358,1162383,0
06037191902,Census Tract 1919.02,037,2845,405,726301,0
06037194102,Census Tract 1941.02,037,2733,314,3500521,3009
06037195803,Census Tract 1958.03,037,2182,232,377392,0
06037102105,Census Tract 1021.05,037,1519,328,492761,0
06037104124,Census Tract 1041.24,037,3950,522,4479733,632
06037104821,Census Tract 1048.21,037,3194,505,531802,0
06037106408,Census Tract 1064.08,037,3802,487,229070,0
06019004406,Census Tract 44.06,019,6714,965,2509934,0
06019004503,Census Tract 45.03,019,5151,867,2495761,36443
06019004504,Census Tract 45.04,019,5420,675,2560410,0
06019004505,Census Tract 45.05,019,4392,703,2548870,29699
06099001002,Census Tract 10.02,099,3304,512,1952237,0
06037115104,Census Tract 1151.04,037,4306,709,1020182,0
06037119201,Census Tract 1192.01,037,3685,783,947368,4796
06037125501,Census Tract 1255.01,037,2911,396,464095,0
06037800204,Census Tract 8002.04,037,4384,452,7959823,90645
06037571703,Census Tract 5717.03,037,3363,503,397479,0
06037901209,Census Tract 9012.09,037,885,110,589498218,7874863
06067002500,Census Tract 25,067,2280,238,984315,0
06099002602,Census Tract 26.02,099,4521,489,2679721,0
06099002604,Census Tract 26.04,099,4773,777,1772220,0
06099002605,Census Tract 26.05,099,4644,638,1646280,0
06099002701,Census Tract 27.01,099,4605,754,1956625,66890
06099003803,Census Tract 38.03,099,3446,605,1764472,0
06099003904,Census Tract 39.04,099,4629,521,3699309,0
06059089001,Census Tract 890.01,059,6131,625,1305083,0
06037134422,Census Tract 1344.22,037,4956,612,2338224,9988
06037134520,Census Tract 1345.20,037,5092,682,950602,16628
06059099241,Census Tract 992.41,059,4625,476,1361172,0
06059099242,Census Tract 992.42,059,3408,630,1225244,0
06059099405,Census Tract 994.05,059,4349,481,1310245,0
06059099407,Census Tract 994.07,059,2189,157,1300591,0
06059099408,Census Tract 994.08,059,4066,438,1331052,0
06059099410,Census Tract 994.10,059,4519,763,1315749,0
06059099411,Census Tract 994.11,059,5141,780,1328457,0
06059099412,Census Tract 994.12,059,4824,771,1599605,42781
06059110201,Census Tract 1102.01,059,8159,884,1951190,0
06059110117,Census Tract 1101.17,059,7053,986,1319903,11716
06059074601,Census Tract 746.01,059,7312,1367,1173871,0
06059075100,Census Tract 751,059,8275,1287,1494885,0
06059075201,Census Tract 752.01,059,5292,621,1157461,0
06059075202,Census Tract 752.02,059,6408,1515,1168523,0
06067003900,Census Tract 39,067,3806,332,2201950,251925
06065045128,Census Tract 451.28,065,1535,327,3298105,0
06065045613,Census Tract 456.13,065,2022,331,8047925,407859
06065045127,Census Tract 451.27,065,2194,580,1776222,0
06065049101,Census Tract 491.01,065,2397,432,1973823,0
06065045614,Census Tract 456.14,065,1293,277,9502437,0
06065043824,Census Tract 438.24,065,5107,914,30320818,0
06065043524,Census Tract 435.24,065,4601,798,1981867,0
06065050901,Census Tract 509.01,065,1829,280,4472510,0
06065049002,Census Tract 490.02,065,2961,534,4654189,0
06065043521,Census Tract 435.21,065,4204,697,2263490,0
06065043522,Census Tract 435.22,065,3374,422,2608421,0
06065046502,Census Tract 465.02,065,4175,583,1034225,0
06065050902,Census Tract 509.02,065,2703,622,1208550,0
06065043523,Census Tract 435.23,065,3267,488,4669046,0
06065042629,Census Tract 426.29,065,6574,2142,1164844,0
06065049001,Census Tract 490.01,065,6763,955,6462460,0
06065042522,Census Tract 425.22,065,4069,499,1018168,0
06065042523,Census Tract 425.23,065,5193,1019,2043629,0
06065031504,Census Tract 315.04,065,4319,811,1191392,0
06065031503,Census Tract 315.03,065,4766,1148,1381983,0
06065040304,Census Tract 403.04,065,3761,615,1328065,0
06065040305,Census Tract 403.05,065,2906,377,2033679,0
06065040622,Census Tract 406.22,065,6754,894,2139941,0
06065040618,Census Tract 406.18,065,10312,1607,18620771,4765
06065044406,Census Tract 444.06,065,2682,665,167888929,250449
06065043519,Census Tract 435.19,065,1284,487,4056524,0
06065042625,Census Tract 426.25,065,6377,1171,18125010,214848
06065030605,Census Tract 306.05,065,2306,248,7514041,0
06065050503,Census Tract 505.03,065,5425,809,2167127,0
06065051302,Census Tract 513.02,065,5877,994,29988562,400553
06065051301,Census Tract 513.01,065,4954,666,3795654,0
06067004005,Census Tract 40.05,067,4411,566,1862767,351578
06037134901,Census Tract 1349.01,037,2291,479,1053137,8888
06059075301,Census Tract 753.01,059,5331,647,1669496,0
06059075302,Census Tract 753.02,059,4850,747,1375915,0
06067005402,Census Tract 54.02,067,2799,393,5481123,238328
06067005403,Census Tract 54.03,067,2052,257,1301107,89871
06067005404,Census Tract 54.04,067,6263,778,3907303,246597
06059087200,Census Tract 872,059,7547,910,2155058,0
06059087401,Census Tract 874.01,059,5483,693,1017534,0
06059087405,Census Tract 874.05,059,4742,488,1162551,0
06067004012,Census Tract 40.12,067,3866,520,1575046,416560
06067004100,Census Tract 41,067,5765,645,2033373,0
06067004202,Census Tract 42.02,067,5356,692,1642389,0
06067004203,Census Tract 42.03,067,6249,874,1637033,0
06065044524,Census Tract 445.24,065,2946,468,125490862,870766
06065045618,Census Tract 456.18,065,1747,215,62653291,13514217
06065045235,Census Tract 452.35,065,3106,309,3182291,390369
06065049102,Census Tract 491.02,065,3329,497,2639154,0
06065045611,Census Tract 456.11,065,3305,456,1971313,0
06065042632,Census Tract 426.32,065,3213,850,2094428,21084
06065042631,Census Tract 426.31,065,5497,824,1309364,0
06065044933,Census Tract 449.33,065,3521,378,652402,0
06065044934,Census Tract 449.34,065,2349,323,654794,0
06065941002,Census Tract 9410.02,065,2185,302,5135161,225
06065941001,Census Tract 9410.01,065,1849,240,5247409,0
06065045126,Census Tract 451.26,065,3059,1376,907240,0
06067004401,Census Tract 44.01,067,4067,551,1386523,0
06111002102,Census Tract 21.02,111,1484,272,1357666,0
06111002200,Census Tract 22,111,6241,876,3056768,0
06111002400,Census Tract 24,111,2902,406,1984413,610453
06111002500,Census Tract 25,111,4383,731,3013901,1399228
06067004006,Census Tract 40.06,067,5318,1083,1843197,69458
06067005502,Census Tract 55.02,067,5497,687,2868054,0
06099001200,Census Tract 12,099,3978,503,1534487,0
06099001500,Census Tract 15,099,7561,1076,10950056,53092
06099001601,Census Tract 16.01,099,4617,558,1588943,0
06099001603,Census Tract 16.03,099,6102,888,2581323,76096
06099001700,Census Tract 17,099,2327,437,1222656,0
06099001300,Census Tract 13,099,6911,723,3637676,0
06067005601,Census Tract 56.01,067,6122,912,2619543,0
06067004402,Census Tract 44.02,067,3979,667,1240514,0
06065042018,Census Tract 420.18,065,5980,698,2418432,0
06067004602,Census Tract 46.02,067,5643,752,1316727,0
06067004801,Census Tract 48.01,067,5963,534,1872201,0
06065030604,Census Tract 306.04,065,2962,694,6310355,0
06065041414,Census Tract 414.14,065,4120,915,5564242,29198
06065042630,Census Tract 426.30,065,6898,1760,1679336,0
06065043203,Census Tract 432.03,065,2394,406,90217962,10672
06065043518,Census Tract 435.18,065,5748,2025,3251640,0
06065043208,Census Tract 432.08,065,4562,682,1771143,0
06065043202,Census Tract 432.02,065,5861,744,2821660,0
06065042907,Census Tract 429.07,065,3844,874,22752736,173862
06065049702,Census Tract 497.02,065,5829,1278,79481717,93978
06065050501,Census Tract 505.01,065,6168,1374,1640421,0
06065043205,Census Tract 432.05,065,5722,912,1813393,0
06099001400,Census Tract 14,099,7669,883,2873308,0
06099001800,Census Tract 18,099,2043,323,2664912,16003
06099001900,Census Tract 19,099,5267,880,2847993,0
06099002002,Census Tract 20.02,099,3781,571,19041425,83126
06099002702,Census Tract 27.02,099,6951,697,2199423,28366
06099002802,Census Tract 28.02,099,7109,1027,92743089,532596
06059099417,Census Tract 994.17,059,5647,766,2574600,1049996
06059099504,Census Tract 995.04,059,3674,837,2310018,0
06067004802,Census Tract 48.02,067,5490,1423,1423401,0
06065042752,Census Tract 427.52,065,4868,557,7128029,86432
06067004904,Census Tract 49.04,067,6384,982,2477077,0
06067005201,Census Tract 52.01,067,3546,195,1877200,88547
06065043295,Census Tract 432.95,065,5421,798,3168894,15910
06065043204,Census Tract 432.04,065,8622,1392,5221464,0
06065043296,Census Tract 432.96,065,4579,1141,6651076,0
06065042750,Census Tract 427.50,065,3710,544,14799230,0
06065051401,Census Tract 514.01,065,3521,484,3936540,2271
06065042748,Census Tract 427.48,065,6028,753,6090231,597886
06065045234,Census Tract 452.34,065,5112,829,2449077,0
06065045129,Census Tract 451.29,065,5627,1089,6260306,75551
06065042749,Census Tract 427.49,065,4747,911,3297752,0
06065049701,Census Tract 497.01,065,3651,541,2511484,0
06065050702,Census Tract 507.02,065,4378,891,3414665,0
06065050401,Census Tract 504.01,065,4964,1061,2454371,0
06037135102,Census Tract 1351.02,037,4117,559,1653273,15192
06037135111,Census Tract 1351.11,037,3963,1174,1024852,14844
06099003909,Census Tract 39.09,099,5946,623,2535888,0
06099003905,Census Tract 39.05,099,4439,590,2364745,0
06059110006,Census Tract 1100.06,059,3026,484,1321237,26724
06059110008,Census Tract 1100.08,059,5036,969,1845722,0
06059110010,Census Tract 1100.10,059,4351,487,1295131,0
06059110011,Census Tract 1100.11,059,2988,310,1294106,0
06067005202,Census Tract 52.02,067,3451,415,1503522,348539
06099003906,Census Tract 39.06,099,5221,725,1296511,0
06099003907,Census Tract 39.07,099,7012,901,3690660,0
06099000506,Census Tract 5.06,099,5083,541,3895383,0
06075025200,Census Tract 252,075,5415,686,657048,0
06075025300,Census Tract 253,075,4302,931,403918,0
06075025402,Census Tract 254.02,075,2901,712,300995,0
06067005605,Census Tract 56.05,067,3512,576,1285824,0
06037910404,Census Tract 9104.04,037,4735,728,2574167,1936
06037910602,Census Tract 9106.02,037,4553,748,1998576,2002
06075025600,Census Tract 256,075,5419,673,577287,0
06067005702,Census Tract 57.02,067,4483,367,3285937,0
06067005606,Census Tract 56.06,067,4737,560,2602556,0
06067005701,Census Tract 57.01,067,3949,668,2621460,0
06067005801,Census Tract 58.01,067,5228,1030,2640616,0
06067002900,Census Tract 29,067,5155,912,2317592,0
06065041914,Census Tract 419.14,065,5638,725,19601465,0
06067003101,Census Tract 31.01,067,3560,855,1280466,0
06065050402,Census Tract 504.02,065,5250,763,1633407,0
06065050701,Census Tract 507.01,065,8910,1236,13399684,0
06065042751,Census Tract 427.51,065,6293,1439,2190030,0
06065050502,Census Tract 505.02,065,3502,471,1253148,0
06065050302,Census Tract 503.02,065,6395,1183,10215388,0
06065043210,Census Tract 432.10,065,4404,590,3923222,0
06065043209,Census Tract 432.09,065,3776,359,2231115,24987
06065050301,Census Tract 503.01,065,5966,925,1829374,0
06065049501,Census Tract 495.01,065,4530,534,1319223,0
06065046501,Census Tract 465.01,065,5829,202,3716721,16066
06065041601,Census Tract 416.01,065,2233,229,829717,0
06065049502,Census Tract 495.02,065,3663,1041,2205360,0
06065045708,Census Tract 457.08,065,4360,498,1788658,0
06065045619,Census Tract 456.19,065,4470,657,74793841,0
06065045616,Census Tract 456.16,065,1832,359,46317152,0
06065045612,Census Tract 456.12,065,4556,879,216982786,161912799
06065045610,Census Tract 456.10,065,4020,717,42696212,0
06065045617,Census Tract 456.17,065,2049,389,41766835,32133
06065044523,Census Tract 445.23,065,1858,466,28532042,0
06065045615,Census Tract 456.15,065,3050,620,44740458,0
06065045306,Census Tract 453.06,065,6226,928,3373729,0
06065045305,Census Tract 453.05,065,5344,1503,3155578,0
06065051402,Census Tract 514.02,065,3058,670,3641092,0
06065045709,Census Tract 457.09,065,4608,710,1699352,0
06059074701,Census Tract 747.01,059,7304,853,1048296,0
06059074702,Census Tract 747.02,059,5602,993,889147,0
06067002800,Census Tract 28,067,3035,548,924553,0
06067003102,Census Tract 31.02,067,3015,434,1154497,0
06065040619,Census Tract 406.19,065,5160,906,2106769,0
06065040617,Census Tract 406.17,065,7641,1392,2695855,0
06065040620,Census Tract 406.20,065,7383,581,2098234,0
06065040621,Census Tract 406.21,065,4042,592,1293749,0
06065042906,Census Tract 429.06,065,5804,1191,11321486,0
06065041915,Census Tract 419.15,065,9285,1193,50634562,0
06065047902,Census Tract 479.02,065,6671,768,6295244,0
06065042905,Census Tract 429.05,065,4719,1640,12479914,0
06065042908,Census Tract 429.08,065,4400,1049,5333741,0
06065043201,Census Tract 432.01,065,3555,489,2698900,0
06071012300,Census Tract 123,071,2575,306,963202,0
06071007104,Census Tract 71.04,071,3474,586,3660079,0
06059074602,Census Tract 746.02,059,7460,848,1009812,0
06059074802,Census Tract 748.02,059,5254,785,1129607,0
06059075303,Census Tract 753.03,059,3478,485,1367996,0
06059075401,Census Tract 754.01,059,4592,827,1420000,0
06059075403,Census Tract 754.03,059,8632,761,2498779,0
06059075404,Census Tract 754.04,059,7573,1146,1909804,0
06065042214,Census Tract 422.14,065,7679,1040,26848829,0
06037135202,Census Tract 1352.02,037,4578,725,1762594,0
06065042004,Census Tract 420.04,065,4861,1495,5671296,0
06065046403,Census Tract 464.03,065,7061,1197,7378916,153164
06065042206,Census Tract 422.06,065,6517,674,2798874,0
06065040302,Census Tract 403.02,065,9812,1325,5738397,0
06065042003,Census Tract 420.03,065,6204,793,11544706,0
06065041806,Census Tract 418.06,065,4794,881,1596497,0
06065042213,Census Tract 422.13,065,3681,422,2844254,0
06037910707,Census Tract 9107.07,037,5615,541,6663464,55480
06059087503,Census Tract 875.03,059,6148,1006,1944383,0
06065041909,Census Tract 419.09,065,5532,876,8722647,558502
06065043005,Census Tract 430.05,065,5709,759,14752051,0
06065042207,Census Tract 422.07,065,2655,494,2488593,0
06065042008,Census Tract 420.08,065,8929,868,43826437,10906247
06067005002,Census Tract 50.02,067,7176,939,3064824,0
06067004906,Census Tract 49.06,067,3506,394,958392,0
06067005101,Census Tract 51.01,067,5611,811,2046678,0
06111007403,Census Tract 74.03,111,5717,1068,3707700,0
06111007201,Census Tract 72.01,111,3779,728,3773911,0
06111007505,Census Tract 75.05,111,3217,334,1542295,27801
06111007507,Census Tract 75.07,111,7056,1027,8962277,918319
06059087504,Census Tract 875.04,059,6531,892,946681,0
06059087601,Census Tract 876.01,059,4720,620,1319086,0
06059087602,Census Tract 876.02,059,8122,1577,1981658,0
06059087701,Census Tract 877.01,059,5531,904,1305912,0
06059087703,Census Tract 877.03,059,6598,973,1308341,0
06059089003,Census Tract 890.03,059,4464,565,1303038,0
06059089004,Census Tract 890.04,059,7038,934,1292839,0
06099002004,Census Tract 20.04,099,7127,786,3133725,12883
06059089102,Census Tract 891.02,059,6834,871,1695227,0
06059089104,Census Tract 891.04,059,4829,628,815347,0
06059089105,Census Tract 891.05,059,6128,721,1248016,0
06065041703,Census Tract 417.03,065,6125,714,977552,0
06065041500,Census Tract 415,065,3846,563,14041354,46542
06065044807,Census Tract 448.07,065,1320,241,90885747,0
06065046401,Census Tract 464.01,065,4118,857,202328420,0
06065042401,Census Tract 424.01,065,2056,203,21115395,0
06065043802,Census Tract 438.02,065,7412,493,6351233,0
06065042208,Census Tract 422.08,065,3093,661,1915959,0
06065030603,Census Tract 306.03,065,3159,317,3562203,0
06065041904,Census Tract 419.04,065,4953,620,3867241,0
06065043701,Census Tract 437.01,065,4491,643,20037234,0
06065046405,Census Tract 464.05,065,4305,564,4196708,0
06065043509,Census Tract 435.09,065,5794,595,8096850,138480
06065042521,Census Tract 425.21,065,5111,579,1619378,0
06067002200,Census Tract 22,067,4724,734,2396409,333996
06099002100,Census Tract 21,099,3245,679,4790363,194174
06075025800,Census Tract 258,075,1603,374,250923,0
06059099508,Census Tract 995.08,059,5210,853,1214990,0
06059099509,Census Tract 995.09,059,3514,265,1124538,0
06059099506,Census Tract 995.06,059,873,302,590565,2120898
06065042412,Census Tract 424.12,065,4818,583,51043581,0
06065042005,Census Tract 420.05,065,5471,607,9811628,0
06065045900,Census Tract 459,065,1644,389,273579588,298988
06065040902,Census Tract 409.02,065,5166,454,7661698,0
06065044507,Census Tract 445.07,065,6866,1019,10576110,0
06065043809,Census Tract 438.09,065,7623,1103,22345697,0
06067004008,Census Tract 40.08,067,3285,245,1580374,90367
06067004011,Census Tract 40.11,067,3162,390,1109885,113516
06099002803,Census Tract 28.03,099,2999,477,2128659,8084
06075025900,Census Tract 259,075,4034,566,692401,81108
06075026002,Census Tract 260.02,075,3641,389,357875,0
06075026004,Census Tract 260.04,075,3840,421,336229,0
06075020500,Census Tract 205,075,2789,453,276896,0
06075061000,Census Tract 610,075,4295,578,2168909,864826
06037533402,Census Tract 5334.02,037,3894,535,485626,0
06037533501,Census Tract 5335.01,037,2674,435,422242,0
06037576503,Census Tract 5765.03,037,3715,387,311783,0
06059110012,Census Tract 1100.12,059,5000,468,2368365,0
06059110014,Census Tract 1100.14,059,4831,511,666207,0
06059110202,Census Tract 1102.02,059,7632,1062,1319013,0
06067003400,Census Tract 34,067,4617,634,2256396,34205
06067003300,Census Tract 33,067,4773,578,2377878,0
06067003502,Census Tract 35.02,067,2977,374,1260332,0
06065046402,Census Tract 464.02,065,5663,1309,2460078,6220564
06065030200,Census Tract 302,065,4507,512,5074361,535960
06065040201,Census Tract 402.01,065,7236,1452,7876351,689986
06065044300,Census Tract 443,065,4763,610,5402396,0
06065042209,Census Tract 422.09,065,4301,544,5564142,9589
06065040701,Census Tract 407.01,065,2473,462,3515224,315236
06065040606,Census Tract 406.06,065,3460,614,2611019,0
06065031701,Census Tract 317.01,065,3407,702,15989793,77627
06065044904,Census Tract 449.04,065,5709,606,34040324,0
06059110304,Census Tract 1103.04,059,4398,1080,1317911,0
06059110401,Census Tract 1104.01,059,4961,482,2270528,0
06059110402,Census Tract 1104.02,059,5847,811,1961244,0
06065043222,Census Tract 432.22,065,5154,850,8743822,17777
06065043001,Census Tract 430.01,065,13365,1495,14072393,7946825
06065030602,Census Tract 306.02,065,3693,498,3295294,0
06065042509,Census Tract 425.09,065,3215,407,1294061,0
06065041003,Census Tract 410.03,065,2692,498,1847604,0
06065041004,Census Tract 410.04,065,4579,562,9887947,379537
06065042009,Census Tract 420.09,065,8006,1155,11829143,0
06065040502,Census Tract 405.02,065,6402,1207,8960824,0
06059075405,Census Tract 754.05,059,3082,331,884096,0
06059075505,Census Tract 755.05,059,3458,410,1676733,0
06059075506,Census Tract 755.06,059,3251,414,1320962,0
06059075507,Census Tract 755.07,059,5322,600,1270775,0
06059075513,Census Tract 755.13,059,4734,620,663874,0
06059075514,Census Tract 755.14,059,3427,448,511565,0
06067003700,Census Tract 37,067,4657,767,1427626,0
06067003800,Census Tract 38,067,5034,656,4898252,0
06037920015,Census Tract 9200.15,037,6119,818,8572852,0
06111007508,Census Tract 75.08,111,3890,776,1723654,0
06059076201,Census Tract 762.01,059,7589,982,2324315,1295
06059087704,Census Tract 877.04,059,5033,553,1329318,0
06065043298,Census Tract 432.98,065,5020,1042,2022563,0
06065043319,Census Tract 433.19,065,6779,962,25186391,0
06065043292,Census Tract 432.92,065,5307,1205,109451377,3221178
06065043297,Census Tract 432.97,065,11415,1121,33162165,0
06065043294,Census Tract 432.94,065,4747,995,3104809,0
06065043293,Census Tract 432.93,065,3132,744,160745964,1041803
06065042802,Census Tract 428.02,065,6040,673,3156976,0
06065041415,Census Tract 414.15,065,4210,681,30462863,24520
06065047901,Census Tract 479.01,065,4820,586,1878592,0
06065043207,Census Tract 432.07,065,4969,805,2076107,0
06065042747,Census Tract 427.47,065,4305,765,3757336,0
06065043318,Census Tract 433.18,065,5617,2014,1814628,0
06065042801,Census Tract 428.01,065,4686,1122,2311032,0
06065041413,Census Tract 414.13,065,6023,499,6146769,0
06065044407,Census Tract 444.07,065,3140,557,487848694,1444050
06065043520,Census Tract 435.20,065,2350,377,6149188,0
06065042628,Census Tract 426.28,065,4911,824,1164481,0
06065042746,Census Tract 427.46,065,4583,583,863404,0
06065042626,Census Tract 426.26,065,9385,1273,16910559,32157
06065042627,Census Tract 426.27,065,4978,581,1157351,11245
06065041602,Census Tract 416.02,065,4127,927,2444265,816
06065042015,Census Tract 420.15,065,5810,1009,1829996,0
06065042016,Census Tract 420.16,065,2324,322,1131919,0
06065042017,Census Tract 420.17,065,3759,722,1469278,0
06037920016,Census Tract 9200.16,037,5345,1172,2118515,0
06037920017,Census Tract 9200.17,037,4315,552,2068708,8391
06037920018,Census Tract 9200.18,037,1892,319,967510,0
06059087801,Census Tract 878.01,059,4982,472,1293885,0
06067002100,Census Tract 21,067,2711,420,1451239,89475
06059099202,Census Tract 992.02,059,7171,681,1790248,0
06059099203,Census Tract 992.03,059,5580,874,1274921,0
06037134710,Census Tract 1347.10,037,5198,654,566354,4275
06099002901,Census Tract 29.01,099,5099,521,310481228,13846924
06075026100,Census Tract 261,075,6811,906,751208,0
06059074003,Census Tract 740.03,059,3613,456,3600732,17402
06059099243,Census Tract 992.43,059,4086,559,1262995,0
06059099244,Census Tract 992.44,059,3782,304,1303560,0
06059099510,Census Tract 995.10,059,4117,402,1318408,0
06059110203,Census Tract 1102.03,059,5667,739,1287023,0
06059110301,Census Tract 1103.01,059,7267,1062,1835529,0
06059110302,Census Tract 1103.02,059,6344,1014,2189908,0
06059110500,Census Tract 1105,059,8530,800,4589289,23818
06059110603,Census Tract 1106.03,059,8421,967,1885183,0
06059110604,Census Tract 1106.04,059,9200,1570,3508189,40511
06059110605,Census Tract 1106.05,059,6009,1019,2367598,0
06015000202,Census Tract 2.02,015,3453,471,2083657688,12922708
06059001201,Census Tract 12.01,059,5287,678,872418,0
06059063500,Census Tract 635,059,5499,1019,1621161,2297385
06059063601,Census Tract 636.01,059,4308,759,1822990,9666
06059063603,Census Tract 636.03,059,5657,765,3749349,0
06015000101,Census Tract 1.01,015,3903,256,2652933,4497442
06015000203,Census Tract 2.03,015,1024,212,368732963,35058418
06015000201,Census Tract 2.01,015,5589,493,91998710,20320654
06015000102,Census Tract 1.02,015,3780,538,22349060,1263326
06111002600,Census Tract 26,111,3275,633,1360149,0
06059075603,Census Tract 756.03,059,4224,486,1618988,0
06059075606,Census Tract 756.06,059,6200,763,5396337,0
06059076202,Census Tract 762.02,059,5566,577,2162903,0
06059076204,Census Tract 762.04,059,4267,387,6542901,965
06059076205,Census Tract 762.05,059,6706,623,1780649,0
06037700901,Census Tract 7009.01,037,4155,757,1053659,0
06037700902,Census Tract 7009.02,037,6430,781,954427,0
06037701000,Census Tract 7010,037,5078,622,1422538,0
06037701201,Census Tract 7012.01,037,3730,332,1941996,0
06037701202,Census Tract 7012.02,037,3203,418,404719,0
06059087803,Census Tract 878.03,059,6339,997,1304964,0
06059087805,Census Tract 878.05,059,6390,496,1308879,0
06059087806,Census Tract 878.06,059,5753,683,1219248,0
06059087802,Census Tract 878.02,059,8659,1693,1293202,0
06059099204,Census Tract 992.04,059,5641,1094,1284180,0
06037702400,Census Tract 7024,037,4867,618,1982236,16494
06037900602,Census Tract 9006.02,037,5367,736,5142796,0
06059099212,Census Tract 992.12,059,5329,939,1278549,0
06059099214,Census Tract 992.14,059,3424,392,1302664,2159
06059099245,Census Tract 992.45,059,2497,233,1280687,0
06099003002,Census Tract 30.02,099,7191,1022,23950115,0
06113010508,Census Tract 105.08,113,2344,345,2466748,61756
06059099511,Census Tract 995.11,059,2681,361,944442,1356526
06037134302,Census Tract 1343.02,037,4172,637,1299631,7244
06037134303,Census Tract 1343.03,037,5398,586,1570731,14226
06037134304,Census Tract 1343.04,037,2895,255,1020442,0
06037134421,Census Tract 1344.21,037,4238,601,2134568,0
06099003100,Census Tract 31,099,3795,599,153737873,5527915
06059110102,Census Tract 1101.02,059,5772,498,1530689,1445
06055200900,Census Tract 2009,055,216,58,4863038,192592
06055201300,Census Tract 2013,055,3348,18,3857833,6876
06059062639,Census Tract 626.39,059,8624,1012,1746295,0
06059110607,Census Tract 1106.07,059,3979,488,1259264,0
06059062637,Census Tract 626.37,059,5585,708,1608194,0
06059074801,Census Tract 748.01,059,5078,916,871628,0
06059075809,Census Tract 758.09,059,3260,426,3253413,0
06059110606,Census Tract 1106.06,059,4062,474,1039049,1099
06055202000,Census Tract 2020,055,5111,21,6679881,46827
06055201800,Census Tract 2018,055,1343,283,683939921,79945346
06075060400,Census Tract 604,075,1935,413,4422352,2420402
06059063605,Census Tract 636.05,059,6044,901,1035434,0
06059063701,Census Tract 637.01,059,5724,911,781939,0
06059063702,Census Tract 637.02,059,5754,836,1312181,0
06059063802,Census Tract 638.02,059,3078,558,1227221,0
06111004400,Census Tract 44,111,7304,898,1930180,424961
06111007607,Census Tract 76.07,111,6240,885,7812905,73274
06111005906,Census Tract 59.06,111,6531,865,12747417,42009
06111001204,Census Tract 12.04,111,2579,365,120954476,21002
06111008402,Census Tract 84.02,111,5211,423,32197814,98588
06111008304,Census Tract 83.04,111,4942,708,3564273,32836
06111007800,Census Tract 78,111,4783,666,1570284,87143
06111006301,Census Tract 63.01,111,6019,859,10097412,0
06027000200,Census Tract 2,027,1820,223,1051934510,11433755
06027000500,Census Tract 5,027,2471,265,6774938519,22267577
06027000100,Census Tract 1,027,3130,372,818493002,1905386
06027000400,Census Tract 4,027,6061,337,9621588,13948
06067007206,Census Tract 72.06,067,4128,520,18699122,0
06067007207,Census Tract 72.07,067,4674,763,8956049,0
06067005803,Census Tract 58.03,067,3673,562,3570159,351882
06067005804,Census Tract 58.04,067,2512,255,2578899,325415
06077004204,Census Tract 42.04,077,2694,299,1533580,0
06077004302,Census Tract 43.02,077,6563,689,2263066,0
06077004305,Census Tract 43.05,077,5518,853,2206631,73250
06077004402,Census Tract 44.02,077,6069,1030,4346359,0
06077005003,Census Tract 50.03,077,6709,640,70232813,153400
06059076206,Census Tract 762.06,059,5985,979,1904998,0
06067007204,Census Tract 72.04,067,6119,1038,8097463,0
06067007209,Census Tract 72.09,067,3871,573,2567007,0
06067007402,Census Tract 74.02,067,7617,1272,2808779,0
06067007403,Census Tract 74.03,067,4959,908,2218291,0
06067007208,Census Tract 72.08,067,4601,476,7820336,0
06059088001,Census Tract 880.01,059,4348,469,1310280,0
06059088002,Census Tract 880.02,059,4077,763,1201380,0
06067007413,Census Tract 74.13,067,6363,881,5486061,192933
06067007414,Census Tract 74.14,067,4335,624,1437532,0
06067007416,Census Tract 74.16,067,4154,501,1189012,0
06059099215,Census Tract 992.15,059,5962,687,1289356,19424
06059099216,Census Tract 992.16,059,4047,433,1689659,0
06059099217,Census Tract 992.17,059,2330,363,1212284,0
06059099220,Census Tract 992.20,059,5512,822,2826187,1094799
06059099222,Census Tract 992.22,059,5542,1016,1300790,0
06037920029,Census Tract 9200.29,037,3317,510,2429304,1516
06037920031,Census Tract 9200.31,037,6371,1038,6760188,1241
06059099512,Census Tract 995.12,059,3237,243,616510,1505
06067007417,Census Tract 74.17,067,3850,497,2459058,0
06037701302,Census Tract 7013.02,037,4789,538,456090,0
06037701501,Census Tract 7015.01,037,5082,600,617473,0
06037701502,Census Tract 7015.02,037,3855,419,610194,0
06037701601,Census Tract 7016.01,037,4051,562,1216991,3025
06037701602,Census Tract 7016.02,037,4438,678,660538,0
06037701701,Census Tract 7017.01,037,3454,567,656547,0
06107001501,Census Tract 15.01,107,4938,692,7838355,0
06059099513,Census Tract 995.13,059,1932,368,695406,329176
06059099514,Census Tract 995.14,059,5040,686,1827586,634366
06059099601,Census Tract 996.01,059,7200,971,3240337,0
06059099602,Census Tract 996.02,059,3077,370,1328217,0
06037702501,Census Tract 7025.01,037,4708,485,1333949,9885
06037702502,Census Tract 7025.02,037,4287,451,1799487,16889
06037702600,Census Tract 7026,037,6070,692,2163334,10471
06037702700,Census Tract 7027,037,3257,514,1339404,11605
06037702802,Census Tract 7028.02,037,2151,324,610045,0
06059110303,Census Tract 1103.03,059,4842,485,1284071,0
06037702803,Census Tract 7028.03,037,3065,388,847101,224
06075026301,Census Tract 263.01,075,5019,755,367744,0
06075026302,Census Tract 263.02,075,4302,572,750766,0
06059063803,Census Tract 638.03,059,4214,570,2672960,0
06059063805,Census Tract 638.05,059,2541,357,1006485,0
06055200201,Census Tract 2002.01,055,3565,559,1394893,0
06037900606,Census Tract 9006.06,037,4325,1096,1743037,0
06059063807,Census Tract 638.07,059,5182,806,2610712,0
06059074300,Census Tract 743,059,3783,412,520237,0
06059074403,Census Tract 744.03,059,4987,588,4457196,0
06055200202,Census Tract 2002.02,055,2084,459,1008487,24848
06055200203,Census Tract 2002.03,055,2003,242,810377,38997
06055200501,Census Tract 2005.01,055,5441,703,1971340,0
06059076208,Census Tract 762.08,059,5811,734,2178433,0
06059086301,Census Tract 863.01,059,6725,819,1861089,0
06059086304,Census Tract 863.04,059,4509,514,1278528,0
06059086305,Census Tract 863.05,059,4263,1149,1454213,0
06059086306,Census Tract 863.06,059,4103,561,1522813,352046
06077005001,Census Tract 50.01,077,6459,573,5446330,377318
06059088101,Census Tract 881.01,059,2063,321,3479442,0
06059088104,Census Tract 881.04,059,4609,590,1116585,0
06059088105,Census Tract 881.05,059,4519,791,1250442,0
06059088106,Census Tract 881.06,059,5550,772,1123083,0
06055200503,Census Tract 2005.03,055,1444,257,1315607,46889
06075020401,Census Tract 204.01,075,3400,358,327721,0
06059099225,Census Tract 992.25,059,3985,679,3790574,33638
06061021123,Census Tract 211.23,061,6966,757,11800941,27080
06067007422,Census Tract 74.22,067,2637,319,975469,0
06087101200,Census Tract 1012,087,3078,419,4309483,1775974
06059099223,Census Tract 992.23,059,5900,728,1311414,0
06059099224,Census Tract 992.24,059,2815,329,1278974,0
06061022014,Census Tract 220.14,061,1691,301,318155776,1622067
06061022011,Census Tract 220.11,061,2085,321,130574518,19631
06061022013,Census Tract 220.13,061,2801,448,324771021,2840528
06061020402,Census Tract 204.02,061,3416,337,8111499,250163
06061020502,Census Tract 205.02,061,4325,535,26617928,917613
06061021204,Census Tract 212.04,061,2757,380,31366097,0
06061021604,Census Tract 216.04,061,3649,509,94224549,34988
06061020714,Census Tract 207.14,061,3647,460,2344762,0
06061021603,Census Tract 216.03,061,4787,627,4276556,0
06061021122,Census Tract 211.22,061,3611,543,3119365,0
06061020710,Census Tract 207.10,061,4362,664,3542568,0
06061021043,Census Tract 210.43,061,4595,496,5832458,0
06067005901,Census Tract 59.01,067,6397,550,3405209,0
06067006002,Census Tract 60.02,067,5733,922,1970203,0
06067006003,Census Tract 60.03,067,4909,558,1545791,0
06067006101,Census Tract 61.01,067,4905,641,2796728,0
06067006102,Census Tract 61.02,067,4047,556,1308679,0
06059099604,Census Tract 996.04,059,3687,600,1281475,0
06059099605,Census Tract 996.05,059,5468,838,1930069,3828
06059110104,Census Tract 1101.04,059,6262,497,1777719,0
06067007701,Census Tract 77.01,067,6895,811,2453444,0
06067007702,Census Tract 77.02,067,4062,472,2493356,94567
06067007801,Census Tract 78.01,067,5523,637,3457842,41937
06067007802,Census Tract 78.02,067,5126,705,4607958,140874
06067007904,Census Tract 79.04,067,6342,856,2262686,0
06067007905,Census Tract 79.05,067,4575,640,2442979,0
06037701702,Census Tract 7017.02,037,3081,441,606991,0
06067006202,Census Tract 62.02,067,4111,1006,1627293,0
06067006300,Census Tract 63,067,4913,631,2759886,48714
06067006400,Census Tract 64,067,5770,1025,3449978,0
06037701801,Census Tract 7018.01,037,6023,739,1895786,0
06037701802,Census Tract 7018.02,037,4947,743,1248775,0
06037702201,Census Tract 7022.01,037,4111,551,1204124,0
06111001401,Census Tract 14.01,111,4080,545,1355184,0
06089011802,Census Tract 118.02,089,2706,684,44801146,462048
06089011701,Census Tract 117.01,089,2889,438,4469220,0
06089011001,Census Tract 110.01,089,1495,248,45646997,232264
06089012603,Census Tract 126.03,089,3838,543,801330279,4583285
06089010806,Census Tract 108.06,089,3103,852,12024762,858
06067006600,Census Tract 66,067,6638,830,2243078,0
06037703002,Census Tract 7030.02,037,7589,835,3276721,0
06037703100,Census Tract 7031,037,5584,772,2662193,1987
06077005108,Census Tract 51.08,077,5273,866,1515789,0
06077005109,Census Tract 51.09,077,3419,383,1668979,0
06067008005,Census Tract 80.05,067,4523,335,5686252,509152
06067008006,Census Tract 80.06,067,5022,435,5385238,118012
06067008007,Census Tract 80.07,067,3083,402,2119415,0
06067008009,Census Tract 80.09,067,4454,565,4336642,167527
06059086402,Census Tract 864.02,059,6193,1606,1250222,0
06059086404,Census Tract 864.04,059,6508,1164,1177824,0
06059086406,Census Tract 864.06,059,4132,672,1085545,0
06059086407,Census Tract 864.07,059,6329,826,2206572,0
06067008010,Census Tract 80.10,067,6708,1027,5054651,136301
06067008111,Census Tract 81.11,067,6297,799,2826980,0
06067008113,Census Tract 81.13,067,3720,399,1615144,0
06067008117,Census Tract 81.17,067,2336,438,944509,0
06067008119,Census Tract 81.19,067,6069,948,2404496,0
06067008120,Census Tract 81.20,067,5468,567,1972142,0
06059086501,Census Tract 865.01,059,3506,677,1415328,0
06059086502,Census Tract 865.02,059,6569,1097,1020724,45417
06059088107,Census Tract 881.07,059,6141,870,1256844,0
06059088201,Census Tract 882.01,059,4258,409,1306944,0
06059088202,Census Tract 882.02,059,3517,648,929183,0
06059088203,Census Tract 882.03,059,4024,609,1305202,0
06059088301,Census Tract 883.01,059,6073,669,1655824,0
06067007001,Census Tract 70.01,067,4680,830,3226217,168445
06037402304,Census Tract 4023.04,037,4046,774,697362,0
06037208301,Census Tract 2083.01,037,1653,324,92955,0
06067007007,Census Tract 70.07,067,5992,945,3310011,448993
06037219901,Census Tract 2199.01,037,4788,1056,524891,0
06059099226,Census Tract 992.26,059,3823,502,1310106,0
06067007501,Census Tract 75.01,067,7444,1070,2630965,0
06067007503,Census Tract 75.03,067,5059,699,1827325,0
06067007504,Census Tract 75.04,067,1985,194,3423327,0
06037551401,Census Tract 5514.01,037,4087,546,724200,0
06037651401,Census Tract 6514.01,037,2361,291,1005692,0
06037670324,Census Tract 6703.24,037,5359,704,4744796,588420
06059099246,Census Tract 992.46,059,3404,334,1316988,0
06059099701,Census Tract 997.01,059,5451,1081,1951167,0
06067007010,Census Tract 70.10,067,4044,563,2462205,178287
06067007011,Census Tract 70.11,067,7301,1015,2007112,22441
06067007012,Census Tract 70.12,067,3624,543,1060389,0
06067007013,Census Tract 70.13,067,3233,400,672743,0
06019005515,Census Tract 55.15,019,1690,600,64187663,377635
06059110106,Census Tract 1101.06,059,3575,431,746774,0
06067007202,Census Tract 72.02,067,3830,433,10568099,0
06077005123,Census Tract 51.23,077,4031,525,2490102,0
06077005125,Census Tract 51.25,077,2213,294,942652,0
06077005126,Census Tract 51.26,077,5166,1416,1356478,0
06077005303,Census Tract 53.03,077,6338,1517,1340780,0
06077005403,Census Tract 54.03,077,6431,857,2271228,0
06111006200,Census Tract 62,111,2932,643,6177799,0
06111006302,Census Tract 63.02,111,3572,176,1585396,0
06059074803,Census Tract 748.03,059,9393,1227,1735386,0
06059075607,Census Tract 756.07,059,6442,890,2071348,0
06059075701,Census Tract 757.01,059,7627,925,2111670,0
06059075805,Census Tract 758.05,059,4273,562,1304828,0
06059086601,Census Tract 866.01,059,7826,1044,1298901,0
06111006500,Census Tract 65,111,3698,554,1551459,0
06111007700,Census Tract 77,111,6416,681,13933959,899555
06111007903,Census Tract 79.03,111,5002,740,3848056,31113
06111007904,Census Tract 79.04,111,5313,455,1866357,19264
06059086701,Census Tract 867.01,059,7877,1141,2135926,7387
06059086702,Census Tract 867.02,059,7054,1048,1149500,0
06059086801,Census Tract 868.01,059,3381,442,1625176,0
06059086602,Census Tract 866.02,059,5735,717,1143898,0
06059088302,Census Tract 883.02,059,6651,867,1943744,0
06059088401,Census Tract 884.01,059,5489,1025,1296400,0
06059088402,Census Tract 884.02,059,4373,476,1307740,0
06059088403,Census Tract 884.03,059,6966,837,1289190,0
06059088501,Census Tract 885.01,059,7385,866,1305980,0
06059088802,Census Tract 888.02,059,5722,914,1190304,0
06059088901,Census Tract 889.01,059,6529,730,1957921,0
06059099227,Census Tract 992.27,059,6066,580,1722195,0
06059099229,Census Tract 992.29,059,5692,495,4518339,0
06059099230,Census Tract 992.30,059,4377,464,1262356,0
06059099231,Census Tract 992.31,059,4759,373,1936424,0
06059099232,Census Tract 992.32,059,6760,808,1984874,0
06059099702,Census Tract 997.02,059,7681,931,1958428,0
06059110108,Census Tract 1101.08,059,3301,448,1984125,74746
06059110109,Census Tract 1101.09,059,5795,786,1315718,0
06059074405,Census Tract 744.05,059,6932,787,1057966,0
06059074806,Census Tract 748.06,059,5360,716,619196,0
06037407602,Census Tract 4076.02,037,4086,554,931134,841
06111006600,Census Tract 66,111,4307,679,2713761,0
06059074901,Census Tract 749.01,059,8535,1094,1002256,0
06059074902,Census Tract 749.02,059,6240,927,555966,0
06059075806,Census Tract 758.06,059,6577,747,1977781,0
06037189904,Census Tract 1899.04,037,2434,362,159600,0
06037190201,Census Tract 1902.01,037,3674,779,226852,0
06059075807,Census Tract 758.07,059,5094,1038,1616541,0
06059075808,Census Tract 758.08,059,3222,361,1580082,0
06059075810,Census Tract 758.10,059,2783,404,2324885,27881
06059086802,Census Tract 868.02,059,5577,693,1846014,0
06059086901,Census Tract 869.01,059,8632,989,1312755,0
06059086902,Census Tract 869.02,059,5919,1042,1312467,0
06059086803,Census Tract 868.03,059,7987,847,1944959,0
06059086903,Census Tract 869.03,059,6217,831,1315499,0
06059088601,Census Tract 886.01,059,7832,1067,1452665,0
06059088602,Census Tract 886.02,059,4136,569,1303759,0
06059088502,Census Tract 885.02,059,4909,564,1267214,31066
06059088903,Census Tract 889.03,059,8366,848,1948063,0
06059088904,Census Tract 889.04,059,5688,503,1303277,0
06059088905,Census Tract 889.05,059,5173,661,1314281,0
06059088902,Census Tract 889.02,059,5359,840,1287854,0
06059099235,Census Tract 992.35,059,5264,828,1273463,0
06059099237,Census Tract 992.37,059,3267,436,1278386,13232
06059099238,Census Tract 992.38,059,3988,615,1295050,0
06037188100,Census Tract 1881,037,3954,543,2091754,16592
06037188300,Census Tract 1883,037,3285,452,905660,17207
06059099234,Census Tract 992.34,059,4231,1249,1279939,0
06059099247,Census Tract 992.47,059,2793,334,613468,0
06059099248,Census Tract 992.48,059,5018,694,607184,0
06059099249,Census Tract 992.49,059,3451,496,573417,0
06037189300,Census Tract 1893,037,2920,492,1907035,0
06059099250,Census Tract 992.50,059,3184,836,1297417,0
06059110110,Census Tract 1101.10,059,5088,536,1971740,0
06065042623,Census Tract 426.23,065,4194,528,37470211,7778675
06065042732,Census Tract 427.32,065,7963,1057,8109448,40181
06059074406,Census Tract 744.06,059,3873,484,1529729,0
06059074408,Census Tract 744.08,059,5739,805,468389,0
06065043009,Census Tract 430.09,065,5869,537,4196201,0
06065043601,Census Tract 436.01,065,5591,1414,1250921,0
06065044404,Census Tract 444.04,065,2522,557,122981693,4439
06065049600,Census Tract 496,065,6968,1065,3877588,0
06065042726,Census Tract 427.26,065,12017,1842,16728253,0
06065940500,Census Tract 9405,065,2475,196,140211008,1157
06111006700,Census Tract 67,111,2872,304,1942418,0
06111006800,Census Tract 68,111,3640,477,2603538,0
06059074502,Census Tract 745.02,059,5458,680,794519,0
06059075002,Census Tract 750.02,059,7857,1044,1517057,0
06059075003,Census Tract 750.03,059,7169,857,526187,0
06059075811,Census Tract 758.11,059,3263,401,1181785,0
06059075812,Census Tract 758.12,059,6269,615,1598873,0
06059075815,Census Tract 758.15,059,5224,1108,1372172,0
06059075816,Census Tract 758.16,059,3313,248,1164702,0
06059075901,Census Tract 759.01,059,4199,533,1294518,0
06059088701,Census Tract 887.01,059,6053,839,1308920,0
06059088801,Census Tract 888.01,059,7281,683,1247603,0
06037199120,Census Tract 1991.20,037,3454,425,943132,18746
06037199201,Census Tract 1992.01,037,3268,493,395192,0
06037199202,Census Tract 1992.02,037,2501,386,954425,0
06037199300,Census Tract 1993,037,3687,578,2550542,40785
06111006400,Census Tract 64,111,6592,779,7831229,0
06111007506,Census Tract 75.06,111,7070,1014,22295731,145714
06111008001,Census Tract 80.01,111,3257,308,996087,9195
06111000400,Census Tract 4,111,7762,946,40626471,10937
06037199400,Census Tract 1994,037,4243,844,669970,27134
06037199700,Census Tract 1997,037,3500,559,937116,33464
06037199900,Census Tract 1999,037,2414,396,443011,0
06037201110,Census Tract 2011.10,037,2476,301,1013912,0
06111000600,Census Tract 6,111,6096,924,1913916,0
06111005401,Census Tract 54.01,111,4042,568,1598946,0
06111000901,Census Tract 9.01,111,2615,349,9867314,41070
06111007300,Census Tract 73,111,2117,363,143214622,2847567
06111007901,Census Tract 79.01,111,4819,705,1543508,12944
06111000800,Census Tract 8,111,7999,933,96173089,56627
06111000302,Census Tract 3.02,111,9118,723,103572443,34225
06111005911,Census Tract 59.11,111,3586,355,7019016,0
06111007202,Census Tract 72.02,111,4404,434,8073894,0
06111005907,Census Tract 59.07,111,3020,391,3268657,271944
06111001102,Census Tract 11.02,111,3682,388,8165219,43421
06111007402,Census Tract 74.02,111,5824,632,17370591,0
06111000902,Census Tract 9.02,111,2551,460,51946952,12671
06111001002,Census Tract 10.02,111,6669,837,8267912,0
06055201900,Census Tract 2019,055,1457,253,179938949,574677
06055201500,Census Tract 2015,055,1470,233,134015033,246740
06055200703,Census Tract 2007.03,055,2987,336,2248880,0
06055200400,Census Tract 2004,055,3360,357,6408885,94775
06055201700,Census Tract 2017,055,4540,450,177976810,4241324
06055200802,Census Tract 2008.02,055,6071,863,13387033,858911
06037127104,Census Tract 1271.04,037,4482,1026,707802,0
06037127804,Census Tract 1278.04,037,4501,1123,638133,0
06037128102,Census Tract 1281.02,037,4864,679,648809,0
06037132001,Census Tract 1320.01,037,2716,307,968646,0
06037134001,Census Tract 1340.01,037,3694,340,581316,2186
06111008005,Census Tract 80.05,111,2817,398,873028,0
06111000500,Census Tract 5,111,1515,353,50499657,2871867
06059099703,Census Tract 997.03,059,5246,448,1914882,0
06059110111,Census Tract 1101.11,059,5359,569,2178018,10631
06067009900,Census Tract 99,067,3808,715,253746383,13010054
06067000100,Census Tract 1,067,3813,371,2030976,188167
06037208802,Census Tract 2088.02,037,3519,686,211495,0
06037211921,Census Tract 2119.21,037,1988,281,92665,0
06037215102,Census Tract 2151.02,037,3234,420,257742,0
06037217002,Census Tract 2170.02,037,4911,626,771339,0
06037221303,Census Tract 2213.03,037,2527,409,233968,0
06037920102,Census Tract 9201.02,037,4758,560,609685240,12161582
06037920115,Census Tract 9201.15,037,4158,573,3600356,0
06111006900,Census Tract 69,111,4268,459,2791530,0
06111007000,Census Tract 70,111,4531,480,1521088,0
06111007100,Census Tract 71,111,7240,847,2417891,0
06059075902,Census Tract 759.02,059,6593,957,1916586,0
06037201120,Census Tract 2011.20,037,3892,527,792267,0
06037201501,Census Tract 2015.01,037,5137,614,888744,0
06037201503,Census Tract 2015.03,037,3141,449,439362,0
06037201504,Census Tract 2015.04,037,2237,395,368342,0
06037201700,Census Tract 2017,037,5135,543,1694749,0
06037203100,Census Tract 2031,037,4348,728,657447,0
06037203300,Census Tract 2033,037,2151,297,1491864,0
06037203500,Census Tract 2035,037,2904,427,1635683,23932
06037203710,Census Tract 2037.10,037,3322,567,282072,0
06037203720,Census Tract 2037.20,037,3363,488,321042,0
06075026303,Census Tract 263.03,075,4600,636,419666,0
06075026401,Census Tract 264.01,075,3194,498,341043,0
06075026402,Census Tract 264.02,075,4660,1346,398279,0
06075026403,Census Tract 264.03,075,3685,594,374482,0
06075030101,Census Tract 301.01,075,4389,666,349923,0
06075030102,Census Tract 301.02,075,5120,413,1260212,14870
06075030201,Census Tract 302.01,075,3841,649,360958,0
06059099801,Census Tract 998.01,059,6368,1111,1503865,0
06059099802,Census Tract 998.02,059,4424,418,993954,0
06059099803,Census Tract 998.03,059,5322,809,1279244,0
06059110114,Census Tract 1101.14,059,4814,426,1552161,0
06037575801,Census Tract 5758.01,037,2225,554,384509,51710
06037651221,Census Tract 6512.21,037,3502,608,696232,0
06037554600,Census Tract 5546,037,3941,633,1054600,0
06037620201,Census Tract 6202.01,037,1559,359,229583,183201
06075030301,Census Tract 303.01,075,6160,745,753790,0
06075030302,Census Tract 303.02,075,3552,398,597637,0
06075030400,Census Tract 304,075,5116,523,972368,0
06037189201,Census Tract 1892.01,037,3061,394,325702,0
06037211803,Census Tract 2118.03,037,3806,475,139528,0
06037211922,Census Tract 2119.22,037,3614,874,92893,0
06037212501,Census Tract 2125.01,037,1915,359,79596,0
06037241201,Census Tract 2412.01,037,3291,654,485898,0
06037702002,Census Tract 7020.02,037,6226,610,1014710,252431
06037267901,Census Tract 2679.01,037,3769,637,1119638,0
06037269906,Census Tract 2699.06,037,3151,549,207994,0
06081611700,Census Tract 6117,081,6627,827,10131820,2456677
06029006201,Census Tract 62.01,029,2438,389,89192790,59978
06059110116,Census Tract 1101.16,059,4815,424,1221572,0
06059075004,Census Tract 750.04,059,4370,758,344531,0
06075030500,Census Tract 305,075,3641,393,1087784,35670
06075030600,Census Tract 306,075,2258,318,521626,0
06075030700,Census Tract 307,075,6624,586,1426986,9359
06075030800,Census Tract 308,075,5694,1153,1242912,0
06059076102,Census Tract 761.02,059,7858,826,2393550,0
06059076103,Census Tract 761.03,059,9342,1300,1615671,0
06037203900,Census Tract 2039,037,2575,528,448476,0
06037204110,Census Tract 2041.10,037,2526,505,603786,0
06037204120,Census Tract 2041.20,037,2475,576,263402,0
06037204300,Census Tract 2043,037,4281,929,643484,0
06037204600,Census Tract 2046,037,3735,804,564176,18298
06037204700,Census Tract 2047,037,4777,712,1011060,0
06037204810,Census Tract 2048.10,037,5402,810,770086,0
06037204820,Census Tract 2048.20,037,2037,345,320144,0
06037204910,Census Tract 2049.10,037,3098,604,518337,0
06037137301,Census Tract 1373.01,037,2244,432,1601322,8359
06037137302,Census Tract 1373.02,037,4669,431,2446886,0
06107002202,Census Tract 22.02,107,5805,762,2725915,0
06059099902,Census Tract 999.02,059,4831,963,1359880,0
06037137401,Census Tract 1374.01,037,4829,543,2377598,0
06037141400,Census Tract 1414,037,5217,637,1982391,0
06037535001,Census Tract 5350.01,037,3804,391,449783,0
06037603005,Census Tract 6030.05,037,6073,1167,650731,0
06037604001,Census Tract 6040.01,037,4780,1123,659021,0
06037104203,Census Tract 1042.03,037,4992,847,707989,0
06037102107,Census Tract 1021.07,037,3699,742,12908562,13753
06037620904,Census Tract 6209.04,037,2637,317,576178,413509
06037650003,Census Tract 6500.03,037,2912,344,507940,0
06095250106,Census Tract 2501.06,095,3608,530,18503358,31375
06095250104,Census Tract 2501.04,095,2203,224,1310536,0
06037203800,Census Tract 2038,037,4938,893,487391,0
06037208610,Census Tract 2086.10,037,4020,588,350131,0
06037208620,Census Tract 2086.20,037,4204,590,324331,0
06037208903,Census Tract 2089.03,037,4340,842,159288,0
06037209300,Census Tract 2093,037,4917,728,306315,0
06037209510,Census Tract 2095.10,037,2957,521,182484,0
06037210010,Census Tract 2100.10,037,3012,821,408974,0
06037190510,Census Tract 1905.10,037,4003,596,318393,0
06037190520,Census Tract 1905.20,037,3434,503,243960,0
06037190902,Census Tract 1909.02,037,3873,572,486991,0
06037191000,Census Tract 1910,037,5426,698,648704,0
06037191110,Census Tract 1911.10,037,3828,518,272751,0
06037191120,Census Tract 1911.20,037,3843,580,379659,0
06037191201,Census Tract 1912.01,037,5973,664,572288,0
06037191420,Census Tract 1914.20,037,2853,1058,227178,0
06037191500,Census Tract 1915,037,5173,776,641384,0
06037191610,Census Tract 1916.10,037,3663,508,417925,0
06037191620,Census Tract 1916.20,037,2838,538,228850,0
06037191710,Census Tract 1917.10,037,2519,531,705306,3325
06037191820,Census Tract 1918.20,037,3776,447,404735,0
06037137402,Census Tract 1374.02,037,5713,991,3080184,0
06085503506,Census Tract 5035.06,085,6220,1024,999855,0
06085512001,Census Tract 5120.01,085,6102,444,20047195,0
06085510300,Census Tract 5103,085,4649,462,2338622,0
06085504602,Census Tract 5046.02,085,1542,276,58172196,5655714
06085507002,Census Tract 5070.02,085,3325,512,13650669,0
06085512307,Census Tract 5123.07,085,6529,954,5467058,0
06085511910,Census Tract 5119.10,085,2992,408,2268922,0
06085505700,Census Tract 5057,085,5636,1040,1615783,0
06085506900,Census Tract 5069,085,8160,765,9390483,0
06085507301,Census Tract 5073.01,085,6387,771,8439990,0
06085501700,Census Tract 5017,085,4871,606,1115706,0
06085503116,Census Tract 5031.16,085,6396,852,1141518,0
06085507701,Census Tract 5077.01,085,3788,307,2641025,2520
06083001206,Census Tract 12.06,083,3573,527,1171865,521790
06081601601,Census Tract 6016.01,081,2825,358,6515804,0
06085502908,Census Tract 5029.08,085,6561,523,2079484,0
06085502909,Census Tract 5029.09,085,4812,523,1290798,0
06085509107,Census Tract 5091.07,085,5107,864,467507,0
06085511701,Census Tract 5117.01,085,4368,362,9190789,0
06085511907,Census Tract 5119.07,085,4096,598,1738650,0
06085511912,Census Tract 5119.12,085,5286,675,2449060,0
06095252904,Census Tract 2529.04,095,8754,1143,55693790,413805
06095252305,Census Tract 2523.05,095,5919,677,45856555,2016548
06095251802,Census Tract 2518.02,095,3036,498,2309379,149922
06085503207,Census Tract 5032.07,085,3446,371,1290000,0
06085502910,Census Tract 5029.10,085,3785,457,1186791,0
06085503001,Census Tract 5030.01,085,4430,525,1727835,0
06023000500,Census Tract 5,023,3207,535,2410032,187760
06023000600,Census Tract 6,023,5059,619,3322769,0
06023000700,Census Tract 7,023,5791,815,6223846,15701
06039000506,Census Tract 5.06,039,7191,1347,42191331,0
06039000102,Census Tract 1.02,039,4837,508,1771266588,20823461
06039000602,Census Tract 6.02,039,3934,727,1416846,0
06039000103,Census Tract 1.03,039,3988,546,659835132,3194124
06007000102,Census Tract 1.02,007,4025,520,2603734,0
06085503208,Census Tract 5032.08,085,3182,412,1106313,18008
06095251200,Census Tract 2512,095,3228,504,1198604,0
06085500100,Census Tract 5001,085,8285,1000,1922120,0
06085500200,Census Tract 5002,085,5439,919,1680335,0
06085500300,Census Tract 5003,085,4195,531,2883346,0
06095252502,Census Tract 2525.02,095,1578,287,921982,0
06095250200,Census Tract 2502,095,4385,768,1350316,0
06085500400,Census Tract 5004,085,2678,351,1005370,0
06085500600,Census Tract 5006,085,5748,1023,1339632,0
06085500901,Census Tract 5009.01,085,4298,679,720807,0
06085500902,Census Tract 5009.02,085,5377,318,242522,0
06085501000,Census Tract 5010,085,4928,738,802667,0
06085503210,Census Tract 5032.10,085,4067,681,1595929,0
06085503211,Census Tract 5032.11,085,4651,728,1058985,0
06007001000,Census Tract 10,007,5890,899,2471667,0
06067000501,Census Tract 5.01,067,1837,258,395418,0
06067000502,Census Tract 5.02,067,1683,270,470640,0
06007000201,Census Tract 2.01,007,4413,501,3408706,0
06085503002,Census Tract 5030.02,085,3635,688,1353951,0
06085503003,Census Tract 5030.03,085,5027,420,1938825,0
06085511800,Census Tract 5118,085,4289,492,138681242,2135638
06085512305,Census Tract 5123.05,085,4029,403,16740430,40931
06085511914,Census Tract 5119.14,085,6287,952,2776705,0
06085507302,Census Tract 5073.02,085,2654,411,11872459,0
06085504307,Census Tract 5043.07,085,5716,719,1690301,0
06085503504,Census Tract 5035.04,085,5526,1152,1121554,0
06085504318,Census Tract 5043.18,085,7989,1123,4364442,0
06085507500,Census Tract 5075,085,5955,563,3692256,0
06085512200,Census Tract 5122,085,5146,675,262653298,2006686
06085507203,Census Tract 5072.03,085,3097,478,1808385,0
06085503802,Census Tract 5038.02,085,7647,977,1674998,0
06085512602,Census Tract 5126.02,085,3124,910,97183911,26244
06007000300,Census Tract 3,007,4991,667,2551429,0
06085512402,Census Tract 5124.02,085,5696,786,49390719,607393
06085506604,Census Tract 5066.04,085,6855,1004,2457342,0
06085512308,Census Tract 5123.08,085,8550,988,13975634,933069
06085501200,Census Tract 5012,085,4163,496,831245,0
06085501300,Census Tract 5013,085,3932,427,747097,0
06085501401,Census Tract 5014.01,085,2902,560,998598,0
06085501800,Census Tract 5018,085,4786,619,1428662,0
06085503105,Census Tract 5031.05,085,2012,291,1757118,0
06059099233,Census Tract 992.33,059,3328,548,1303189,0
06059099502,Census Tract 995.02,059,584,187,19179382,1243164
06059001101,Census Tract 11.01,059,4599,566,1750526,0
06085507401,Census Tract 5074.01,085,5800,580,3227766,0
06085507100,Census Tract 5071,085,2820,449,1576070,206446
06085507805,Census Tract 5078.05,085,4888,512,2098242,0
06085507702,Census Tract 5077.02,085,6464,1006,7698491,177023
06085505303,Census Tract 5053.03,085,5877,704,1084810,0
06085503707,Census Tract 5037.07,085,4665,842,754113,0
06059001102,Census Tract 11.02,059,3331,593,1021480,0
06059062628,Census Tract 626.28,059,3251,225,2460589,0
06085502001,Census Tract 5020.01,085,4956,729,1333694,0
06085502002,Census Tract 5020.02,085,4985,721,900022,0
06059001103,Census Tract 11.03,059,4737,573,1343569,0
06007000501,Census Tract 5.01,007,4256,499,5466567,0
06007000502,Census Tract 5.02,007,5439,733,1105179,0
06085501501,Census Tract 5015.01,085,4403,617,623555,0
06085501502,Census Tract 5015.02,085,4350,546,888547,0
06007001100,Census Tract 11,007,4341,698,6660388,0
06085502101,Census Tract 5021.01,085,5361,794,1914543,0
06085502202,Census Tract 5022.02,085,3150,503,1115394,0
06007001200,Census Tract 12,007,3801,602,8677585,0
06007001300,Census Tract 13,007,4080,445,4055781,0
06007002800,Census Tract 28,007,4853,631,4245051,28959
06007003100,Census Tract 31,007,4597,687,12324360,0
06007000202,Census Tract 2.02,007,3563,431,1698927,0
06065044927,Census Tract 449.27,065,4090,401,5275227,0
06065043812,Census Tract 438.12,065,6657,665,50886783,35531
06085502701,Census Tract 5027.01,085,5691,804,1729302,15380
06085502800,Census Tract 5028,085,4236,463,1756146,0
06085502903,Census Tract 5029.03,085,5318,482,1882830,0
06085502906,Census Tract 5029.06,085,5021,671,1544298,0
06085503110,Census Tract 5031.10,085,3617,415,765474,0
06007000601,Census Tract 6.01,007,3412,586,1805745,0
06093000701,Census Tract 7.01,093,3889,372,715116694,1172690
06093001200,Census Tract 12,093,1096,201,3190988969,7993036
06093000800,Census Tract 8,093,3189,329,3204025611,11039889
06093000703,Census Tract 7.03,093,3590,374,5033756,14100
06093000200,Census Tract 2,093,1770,258,1300052758,72751427
06093001100,Census Tract 11,093,1887,256,233770859,738201
06093000300,Census Tract 3,093,4274,378,1422920656,14083986
06093000702,Census Tract 7.02,093,3862,386,35824978,119539
06085502400,Census Tract 5024,085,7107,839,2679680,0
06085510200,Census Tract 5102,085,4565,538,2686270,0
06085512309,Census Tract 5123.09,085,5110,488,9136346,0
06085504601,Census Tract 5046.01,085,1212,217,18928787,8860135
06085510001,Census Tract 5100.01,085,5852,780,3515661,0
06085500500,Census Tract 5005,085,5185,646,2130403,0
06085512100,Census Tract 5121,085,1710,376,57251607,26337
06085507402,Census Tract 5074.02,085,3922,374,2417399,0
06007000604,Census Tract 6.04,007,4073,701,1056612,0
06007000700,Census Tract 7,007,4767,658,3154723,0
06007000800,Census Tract 8,007,5568,670,3969618,0
06085502907,Census Tract 5029.07,085,3822,403,1251551,0
06085503336,Census Tract 5033.36,085,2861,341,905462,0
06071025100,Census Tract 251,071,1910,305,7231712257,44126438
06037272100,Census Tract 2721,037,4550,622,1199293,0
06037403403,Census Tract 4034.03,037,5061,535,3889027,8226
06037407302,Census Tract 4073.02,037,3716,819,803838,0
06037530902,Census Tract 5309.02,037,3600,708,523080,0
06037221110,Census Tract 2211.10,037,3027,568,234230,0
06037212303,Census Tract 2123.03,037,3713,921,155649,0
06037201200,Census Tract 2012,037,2513,387,440870,0
06037191203,Census Tract 1912.03,037,1945,337,205208,0
06033000602,Census Tract 6.02,033,1989,389,294278230,28865456
06033001302,Census Tract 13.02,033,4335,784,303699357,2132504
06033001101,Census Tract 11.01,033,1697,318,134765919,396816
06033000901,Census Tract 9.01,033,2794,645,41948909,8249644
06033000703,Census Tract 7.03,033,2117,388,22078861,99712
06033001102,Census Tract 11.02,033,1333,439,49320631,27805
06033000902,Census Tract 9.02,033,4370,550,55597160,21834130
06033000704,Census Tract 7.04,033,2176,370,6063931,7705291
06033000402,Census Tract 4.02,033,2528,350,4073095,1347078
06033000401,Census Tract 4.01,033,3407,516,4288467,2756694
06033000601,Census Tract 6.01,033,2113,457,2805728,1681203
06033001301,Census Tract 13.01,033,3605,543,8325152,362975
06019008403,Census Tract 84.03,019,2111,533,4803592,143103
06019008303,Census Tract 83.03,019,4706,716,21165602,0
06019008304,Census Tract 83.04,019,4766,419,1277312929,3386618
06019008405,Census Tract 84.05,019,2988,743,156967625,0
06019004003,Census Tract 40.03,019,5027,938,7850983,0
06019004005,Census Tract 40.05,019,3866,637,7780928,0
06019007204,Census Tract 72.04,019,6626,864,31786368,0
06019008200,Census Tract 82,019,5802,555,815307835,5549878
06019007203,Census Tract 72.03,019,1986,453,2797022,0
06019005526,Census Tract 55.26,019,1909,369,596197,0
06019004004,Census Tract 40.04,019,4699,875,13103611,0
06019006001,Census Tract 60.01,019,6177,898,7598862,0
06019006409,Census Tract 64.09,019,1175,216,560488497,15925621
06019006407,Census Tract 64.07,019,2760,452,508592382,12069756
06019006410,Census Tract 64.10,019,2614,673,122943300,52262
06019005914,Census Tract 59.14,019,4639,600,1936949,0
06019006606,Census Tract 66.06,019,5394,563,1518411,0
06019000602,Census Tract 6.02,019,1464,202,1286119,0
06019001415,Census Tract 14.15,019,5433,951,3865433,39363
06019001417,Census Tract 14.17,019,7150,1119,3819798,59670
06019008504,Census Tract 85.04,019,4178,547,9752484,0
06019001416,Census Tract 14.16,019,6143,812,4015073,14160
06019005913,Census Tract 59.13,019,3252,667,1292051,0
06019005916,Census Tract 59.16,019,2404,374,42802792,0
06019007101,Census Tract 71.01,019,5357,593,10936979,74452
06019007102,Census Tract 71.02,019,2186,1212,3292194,0
06019006002,Census Tract 60.02,019,4279,580,2052212,0
06019006102,Census Tract 61.02,019,4728,678,2304952,0
06019006302,Census Tract 63.02,019,2005,422,106505729,837447
06019006301,Census Tract 63.01,019,5884,1127,53867438,0
06019005529,Census Tract 55.29,019,6134,728,2761416,37440
06019006406,Census Tract 64.06,019,2060,334,93446359,72635
06019008404,Census Tract 84.04,019,3484,665,1642742,0
06019008503,Census Tract 85.03,019,4028,548,1280218,0
06019006408,Census Tract 64.08,019,937,132,3321551634,51845624
06019006411,Census Tract 64.11,019,3113,545,2002865295,22892030
06019006101,Census Tract 61.01,019,3425,449,8582663,0
06019001418,Census Tract 14.18,019,1943,277,2510426,0
06019004218,Census Tract 42.18,019,8296,1256,14739574,117466
06019005528,Census Tract 55.28,019,2051,496,1450980,0
06019006605,Census Tract 66.05,019,2282,946,881595,0
06019005915,Census Tract 59.15,019,4587,741,38421767,0
06019008600,Census Tract 86,019,3880,440,74217031,28843
06019003811,Census Tract 38.11,019,8535,1227,7098330,34016
06019004217,Census Tract 42.17,019,3209,700,2444578,0
06019003812,Census Tract 38.12,019,4124,755,19476451,0
06019004705,Census Tract 47.05,019,2142,213,834809,0
06019004706,Census Tract 47.06,019,5799,1658,1034356,0
06019004006,Census Tract 40.06,019,3779,907,12898829,0
06019000701,Census Tract 7.01,019,2593,491,1242800,47342
06019000702,Census Tract 7.02,019,1310,361,6833251,157822
06019000601,Census Tract 6.01,019,4214,945,1178359,0
06051000102,Census Tract 1.02,051,2402,415,3582664971,178534613
06051000101,Census Tract 1.01,051,3532,414,4143554305,34470988
06061022200,Census Tract 222,061,839,321,23421441,658426
06061023800,Census Tract 238,061,2964,296,7928374,0
06061022600,Census Tract 226,061,4773,644,3030211,0
06061023400,Census Tract 234,061,6160,583,17052171,62258
06061023700,Census Tract 237,061,3121,452,4646830,0
06037135201,Census Tract 1352.01,037,2861,499,1531444,351
06037119400,Census Tract 1194,037,4712,786,1117289,4269
06037113213,Census Tract 1132.13,037,5002,724,1300834,24
06037296600,Census Tract 2966,037,5319,731,841947,0
06037575300,Census Tract 5753,037,4209,788,648065,0
06019004410,Census Tract 44.10,019,2293,364,720461,0
06019003401,Census Tract 34.01,019,4483,853,930298,0
06019003402,Census Tract 34.02,019,2205,297,987139,0
06019005527,Census Tract 55.27,019,3231,474,2013424,0
06019007903,Census Tract 79.03,019,7301,484,1823994220,976972
06019004411,Census Tract 44.11,019,1831,537,4732828,29341
06037554001,Census Tract 5540.01,037,4519,721,1082738,0
06037920013,Census Tract 9200.13,037,7253,920,8160744,3968
06037920312,Census Tract 9203.12,037,5684,1625,13620821,4780
06037535501,Census Tract 5355.01,037,2964,395,491742,0
06037237300,Census Tract 2373,037,5621,1011,997691,0
06037408402,Census Tract 4084.02,037,6152,669,11568251,2068
06037227010,Census Tract 2270.10,037,3932,802,579198,0
06037219300,Census Tract 2193,037,3912,702,651811,0
06037204420,Census Tract 2044.20,037,2884,314,302058,0
06037404701,Census Tract 4047.01,037,5362,708,1544164,163056
06037211320,Census Tract 2113.20,037,3058,521,186272,0
06037262301,Census Tract 2623.01,037,2988,282,13055740,1359
06037218120,Census Tract 2181.20,037,3790,898,445213,0
06037209403,Census Tract 2094.03,037,4136,900,138195,0
06037208902,Census Tract 2089.02,037,2373,349,184049,0
06037212203,Census Tract 2122.03,037,2830,468,106312,0
06037433901,Census Tract 4339.01,037,5076,660,720929,0
06071000504,Census Tract 5.04,071,4929,659,10850945,0
06071000117,Census Tract 1.17,071,6368,574,5399403,0
06071001906,Census Tract 19.06,071,13555,1569,7802825,0
06071009202,Census Tract 92.02,071,1617,216,426213703,444588
06071002017,Census Tract 20.17,071,5688,649,6097370,0
06071001501,Census Tract 15.01,071,3552,391,751633,0
06071003505,Census Tract 35.05,071,7270,1308,1306694,0
06071003801,Census Tract 38.01,071,5307,759,1888548,0
06071004510,Census Tract 45.10,071,5271,550,6078840,0
06071011002,Census Tract 110.02,071,1479,256,78517924,0
06037194200,Census Tract 1942,037,3389,565,2603216,0
06037404901,Census Tract 4049.01,037,4898,878,1141674,169
06037183620,Census Tract 1836.20,037,2967,392,517470,0
06037139303,Census Tract 1393.03,037,4715,500,415569,0
06037123410,Census Tract 1234.10,037,3254,500,488725,8391
06037120010,Census Tract 1200.10,037,2569,323,553982,11621
06037117510,Census Tract 1175.10,037,3788,629,330594,4518
06037576501,Census Tract 5765.01,037,2926,357,291373,0
06037294810,Census Tract 2948.10,037,3991,451,320464,0
06071011102,Census Tract 111.02,071,2023,464,205840849,513081
06071007904,Census Tract 79.04,071,7087,788,17411956,0
06071008602,Census Tract 86.02,071,4750,1127,36891204,1251947
06071011206,Census Tract 112.06,071,895,210,3563234,3552
06071010424,Census Tract 104.24,071,1579,247,1679263094,0
06071012002,Census Tract 120.02,071,5361,686,13455379,112301
06071012101,Census Tract 121.01,071,7399,1055,103422570,149543
06071012103,Census Tract 121.03,071,3539,798,141905046,0
06071009913,Census Tract 99.13,071,5875,941,12081616,120971
06071010422,Census Tract 104.22,071,1853,322,33693773,0
06071010420,Census Tract 104.20,071,3829,794,97382252,0
06071010803,Census Tract 108.03,071,3195,667,5826577,0
06071011205,Census Tract 112.05,071,1609,308,2783714,50424
06071010419,Census Tract 104.19,071,3388,671,65434649,0
06071002703,Census Tract 27.03,071,6098,593,1964260,0
06071009201,Census Tract 92.01,071,5287,837,33825506,8669
06071004603,Census Tract 46.03,071,7117,911,4265989,0
06071011101,Census Tract 111.01,071,3954,789,81346296,3311
06071025000,Census Tract 250,071,8445,1136,2771277904,18684
06071012700,Census Tract 127,071,4235,746,26807871,0
06071012400,Census Tract 124,071,2732,359,8363264,404481
06071012500,Census Tract 125,071,4804,946,4265482,97098
06023000400,Census Tract 4,023,3963,604,7017341,77338
06001406100,Census Tract 4061,001,5810,770,1844040,74875
06111000701,Census Tract 7.01,111,7432,804,1430868,0
06111003801,Census Tract 38.01,111,5001,1010,945624,0
06111005205,Census Tract 52.05,111,8350,776,11516806,18836
06111003010,Census Tract 30.10,111,2940,385,783742,0
06111000304,Census Tract 3.04,111,4492,653,44866280,28869
06023011100,Census Tract 111,023,4763,404,301126427,4006469
06023000800,Census Tract 8,023,4846,671,15582948,9219305
06023010102,Census Tract 101.02,023,2192,653,2026392646,8710486
06023010502,Census Tract 105.02,023,5844,675,29130108,193502
06023001200,Census Tract 12,023,4998,476,652199907,1620018
06023000200,Census Tract 2,023,6038,866,3075080,630174
06023000900,Census Tract 9,023,5305,500,64325528,50890
06023010400,Census Tract 104,023,3828,482,36502826,2665631
06023011200,Census Tract 112,023,3123,499,995145606,30634563
06037573002,Census Tract 5730.02,037,3282,516,324505,0
06037400205,Census Tract 4002.05,037,2482,319,23546199,341777
06037552900,Census Tract 5529,037,6937,876,1309994,0
06037242300,Census Tract 2423,037,4517,835,630038,0
06037535503,Census Tract 5355.03,037,2513,439,317379,0
06037534201,Census Tract 5342.01,037,4070,659,512994,0
06023000100,Census Tract 1,023,4582,717,3846013,2226986
06023010200,Census Tract 102,023,2854,429,623177039,37901766
06023000300,Census Tract 3,023,5863,551,3081759,264
06023010800,Census Tract 108,023,5113,564,102199516,22953677
06023010300,Census Tract 103,023,2936,305,648595035,1138906
06023010600,Census Tract 106,023,2157,298,210803814,53387
06019005512,Census Tract 55.12,019,6194,978,4665072,0
06019005513,Census Tract 55.13,019,2703,361,2638702,0
06019005514,Census Tract 55.14,019,4198,599,2682266,0
06019007002,Census Tract 70.02,019,4831,996,1922215,0
06019007003,Census Tract 70.03,019,7282,1205,8007697,0
06019005602,Census Tract 56.02,019,4922,432,3198792,7663
06019007202,Census Tract 72.02,019,5645,965,5344723,0
06047000504,Census Tract 5.04,047,6433,890,6994249,0
06047000602,Census Tract 6.02,047,3920,796,1316977,0
06047000603,Census Tract 6.03,047,6175,784,4088928,11735
06047000701,Census Tract 7.01,047,3379,610,1492166,0
06047000702,Census Tract 7.02,047,6487,715,22936163,0
06047000801,Census Tract 8.01,047,5955,640,3354716,0
06019005408,Census Tract 54.08,019,1716,175,4957618,0
06037541700,Census Tract 5417,037,5410,841,1402383,0
06037533603,Census Tract 5336.03,037,5897,796,809468,6
06037980015,Census Tract 9800.15,037,1392,174,5188935,220674
06029004402,Census Tract 44.02,029,4909,1038,1865739,0
06047000802,Census Tract 8.02,047,5417,860,2321653,0
06085501402,Census Tract 5014.02,085,2703,436,522619,0
06047001003,Census Tract 10.03,047,4855,668,1940304,0
06019004303,Census Tract 43.03,019,5055,849,3799394,33517
06005000102,Census Tract 1.02,005,2208,365,456205448,7939539
06005000303,Census Tract 3.03,005,7240,453,136249075,765095
06005000101,Census Tract 1.01,005,4416,419,63019987,0
06005000304,Census Tract 3.04,005,4841,674,141705190,15460890
06047001401,Census Tract 14.01,047,3686,440,1766896,0
06047001402,Census Tract 14.02,047,4622,834,4931862,0
06047001501,Census Tract 15.01,047,2815,351,6543182,0
06047001601,Census Tract 16.01,047,5067,754,2115088,0
06029004901,Census Tract 49.01,029,5476,777,1459379,0
06019005405,Census Tract 54.05,019,5287,767,1931345,0
06019005504,Census Tract 55.04,019,2497,555,2520522,0
06037262601,Census Tract 2626.01,037,3446,380,3620351,0
06073010015,Census Tract 100.15,073,5159,1120,40492388,0
06073020810,Census Tract 208.10,073,5005,564,39012365,0
06073021900,Census Tract 219,073,5794,521,5953517,3548500
06073020026,Census Tract 200.26,073,4447,397,3803528,21736
06073020028,Census Tract 200.28,073,3571,339,456993,0
06073013421,Census Tract 134.21,073,4150,595,2476407,0
06073020811,Census Tract 208.11,073,5960,873,47998881,0
06073021206,Census Tract 212.06,073,3034,678,42260776,588481
06073017051,Census Tract 170.51,073,4904,683,2484502,0
06073017109,Census Tract 171.09,073,6290,623,4415562,0
06019005507,Census Tract 55.07,019,6355,726,2583886,0
06029005402,Census Tract 54.02,029,5256,647,5239363,315
06047001004,Census Tract 10.04,047,3807,430,2055829,0
06047001005,Census Tract 10.05,047,2297,390,2831595,0
06047001101,Census Tract 11.01,047,6240,853,2436388,0
06071008402,Census Tract 84.02,071,5737,663,2582737,0
06071008404,Census Tract 84.04,071,3393,1037,1295176,0
06071008800,Census Tract 88,071,6707,939,3167796,0
06047001200,Census Tract 12,047,5464,898,4246279,0
06047001301,Census Tract 13.01,047,3524,560,2572637,0
06047001302,Census Tract 13.02,047,3121,486,1624831,0
06033000502,Census Tract 5.02,033,2477,592,6166827,19589864
06047001700,Census Tract 17,047,7387,787,3923326,0
06047001801,Census Tract 18.01,047,4674,585,18028647,18842
06047002201,Census Tract 22.01,047,6491,1192,5336457,0
06073019809,Census Tract 198.09,073,4372,766,2914454,0
06073020029,Census Tract 200.29,073,7007,785,5459073,0
06073020309,Census Tract 203.09,073,4528,610,2835189,0
06073021205,Census Tract 212.05,073,7108,820,9931513,1475
06071003506,Census Tract 35.06,071,5166,507,1633149,0
06071000404,Census Tract 4.04,071,5327,923,2800022,0
06037300100,Census Tract 3001,037,6148,611,4591342,18657
06073000400,Census Tract 4,073,4315,523,1177454,0
06073000500,Census Tract 5,073,2983,396,1108652,0
06073000600,Census Tract 6,073,3221,338,932839,0
06037300501,Census Tract 3005.01,037,2774,417,1260255,0
06111002700,Census Tract 27,111,4721,794,1764528,0
06111002800,Census Tract 28,111,6672,1030,16122392,614287
06111003608,Census Tract 36.08,111,3351,447,978994,0
06111003700,Census Tract 37,111,5971,1410,1040643,0
06083003102,Census Tract 31.02,083,3019,549,512385464,3071879
06083001704,Census Tract 17.04,083,3081,500,6234260,212382
06083980100,Census Tract 9801,083,5,2,506588576,272483560
06083990000,Census Tract 9900,083,0,14,0,2405530102
06073003103,Census Tract 31.03,073,6442,806,2039646,0
06073003105,Census Tract 31.05,073,4870,972,1210504,0
06053010202,Census Tract 102.02,053,3930,647,40331726,280374
06053013000,Census Tract 130,053,3735,452,3185989,467762
06037310701,Census Tract 3107.01,037,2315,368,515339,0
06053010603,Census Tract 106.03,053,7450,1064,2001830,0
06053013300,Census Tract 133,053,5751,868,5611057,403212
06053013500,Census Tract 135,053,4475,590,1436816,0
06053013700,Census Tract 137,053,4788,547,711788,0
06053013800,Census Tract 138,053,4991,598,1280672,0
06053000101,Census Tract 1.01,053,2429,336,9908517,22318
06053000103,Census Tract 1.03,053,4245,453,1025701,0
06083000302,Census Tract 3.02,083,3946,391,1021124,0
06053010604,Census Tract 106.04,053,5778,1089,1200115,0
06053010605,Census Tract 106.05,053,4341,824,1081872,0
06053010900,Census Tract 109,053,6568,171,3736271,15260
06053013900,Census Tract 139,053,2258,309,1034645,0
06053014000,Census Tract 140,053,2298,292,2638923,362509
06039000104,Census Tract 1.04,039,4336,598,47637579,0
06039000509,Census Tract 5.09,039,5443,672,82172059,0
06111004000,Census Tract 40,111,6609,843,1256733,0
06111004101,Census Tract 41.01,111,6785,1029,1121239,0
06053011302,Census Tract 113.02,053,5283,789,1892042,0
06053012000,Census Tract 120,053,3417,423,1053382,0
06053012100,Census Tract 121,053,2250,233,1144780,11596
06111004200,Census Tract 42,111,5276,875,1345981,0
06111004503,Census Tract 45.03,111,4321,680,568070,0
06111004504,Census Tract 45.04,111,4821,875,864474,0
06085504505,Census Tract 5045.05,085,11610,1144,1930557,0
06029000400,Census Tract 4,029,4524,884,3020183,139255
06029000504,Census Tract 5.04,029,4699,641,3329689,0
06029000506,Census Tract 5.06,029,2786,656,3264761,0
06029000507,Census Tract 5.07,029,3934,613,17063094,441166
06085503903,Census Tract 5039.03,085,2911,271,927239,0
06013386000,Census Tract 3860,013,3793,455,987485,0
06013354001,Census Tract 3540.01,013,2255,382,13709373,0
06013318000,Census Tract 3180,013,3514,434,11971988,1895228
06013314200,Census Tract 3142,013,7539,970,4886033,5034331
06013357000,Census Tract 3570,013,3212,374,11165472,2437800
06071008403,Census Tract 84.03,071,5855,1026,5249855,1963
06013337100,Census Tract 3371,013,3327,465,2787263,0
06013363000,Census Tract 3630,013,7228,1018,4400587,0
06013321101,Census Tract 3211.01,013,7268,769,4319812,0
06013320001,Census Tract 3200.01,013,3276,520,14772041,1563508
06013307205,Census Tract 3072.05,013,7101,1046,3061616,0
06013355302,Census Tract 3553.02,013,3299,475,7517809,0
06053012200,Census Tract 122,053,2692,289,862071,0
06013307101,Census Tract 3071.01,013,4595,598,2142560,0
06111003615,Census Tract 36.15,111,2310,225,1289393,439519
06111005803,Census Tract 58.03,111,3469,631,3526866,0
06111008307,Census Tract 83.07,111,3284,543,882482,0
06111007515,Census Tract 75.15,111,3438,722,9564622,0
06111001511,Census Tract 15.11,111,2457,350,596434,0
06111008308,Census Tract 83.08,111,4347,573,20094530,0
06111003617,Census Tract 36.17,111,1675,284,898043,457280
06111003101,Census Tract 31.01,111,4674,892,1215690,0
06111008502,Census Tract 85.02,111,3578,469,45683554,27106
06111003902,Census Tract 39.02,111,4156,775,1095958,0
06111001509,Census Tract 15.09,111,4641,636,1311081,2752
06111009600,Census Tract 96,111,3421,491,25379806,35505
06073002902,Census Tract 29.02,073,6007,599,1570523,0
06073002903,Census Tract 29.03,073,4517,800,1407467,0
06013341000,Census Tract 3410,013,4872,564,4036492,0
06013385100,Census Tract 3851,013,2735,338,2390590,0
06013392000,Census Tract 3920,013,2474,334,1028096,23043
06013351200,Census Tract 3512,013,5531,661,9054683,0
06071000115,Census Tract 1.15,071,8358,1019,12358222,0
06071002031,Census Tract 20.31,071,6734,684,2038787,0
06029000800,Census Tract 8,029,5617,837,2331736,0
06029000903,Census Tract 9.03,029,4385,723,1655594,0
06029000904,Census Tract 9.04,029,3949,614,2279236,0
06071008100,Census Tract 81,071,3372,582,1856743,0
06053014102,Census Tract 141.02,053,5192,508,11751287,84747
06071011203,Census Tract 112.03,071,1307,292,5810686,420798
06053014301,Census Tract 143.01,053,3311,449,10408964,1630751
06013365002,Census Tract 3650.02,013,5114,633,5813966,1371463
06013307201,Census Tract 3072.01,013,4101,820,1559547,0
06073019903,Census Tract 199.03,073,4961,759,7976952,0
06035040303,Census Tract 403.03,035,3386,445,112154352,357684
06053014302,Census Tract 143.02,053,4200,566,13982574,410482
06013308001,Census Tract 3080.01,013,7784,1275,3728768,0
06065042624,Census Tract 426.24,065,5265,1003,49930248,69554
06013307202,Census Tract 3072.02,013,4210,734,703981,0
06065042730,Census Tract 427.30,065,5559,624,16867034,0
06065042731,Census Tract 427.31,065,9624,1623,20612245,27128
06065042733,Census Tract 427.33,065,14580,1587,16302066,0
06065042737,Census Tract 427.37,065,6689,580,71581031,0
06065042745,Census Tract 427.45,065,7832,1153,38230237,0
06065043007,Census Tract 430.07,065,7258,927,16549604,0
06065043246,Census Tract 432.46,065,6287,1071,13012551,6543
06065043254,Census Tract 432.54,065,5402,630,52760645,25895
06065043265,Census Tract 432.65,065,7339,744,4479642,522
06065043267,Census Tract 432.67,065,5908,768,5293214,0
06065043272,Census Tract 432.72,065,5437,708,63575076,21004
06065041913,Census Tract 419.13,065,5593,637,4192564,0
06065043008,Census Tract 430.08,065,5772,713,30299092,0
06065043813,Census Tract 438.13,065,3511,586,322798214,0
06065044516,Census Tract 445.16,065,7875,935,10457047,0
06029000905,Census Tract 9.05,029,2821,663,1286999,0
06029000906,Census Tract 9.06,029,4001,733,1316502,0
06085508102,Census Tract 5081.02,085,3693,465,2722978,0
06053012302,Census Tract 123.02,053,2109,275,563390,0
06053012401,Census Tract 124.01,053,1654,228,784182,555380
06053012402,Census Tract 124.02,053,2829,325,2824304,945428
06029000907,Census Tract 9.07,029,2579,369,1270876,0
06029000908,Census Tract 9.08,029,4306,402,2114219,0
06029000909,Census Tract 9.09,029,2630,276,2701826,0
06111007516,Census Tract 75.16,111,3703,549,1329720,0
06111004507,Census Tract 45.07,111,3428,504,194240,0
06111001901,Census Tract 19.01,111,3329,354,1738736,0
06111004508,Census Tract 45.08,111,3814,775,453045,0
06111002302,Census Tract 23.02,111,4938,946,3157746,16121
06111002301,Census Tract 23.01,111,2450,291,600381,0
06111005804,Census Tract 58.04,111,4843,530,4183931,0
06111001510,Census Tract 15.10,111,3198,471,1472237,1388
06111005307,Census Tract 53.07,111,6081,782,2687662,0
06111001801,Census Tract 18.01,111,3867,554,2172054,0
06111003301,Census Tract 33.01,111,2698,509,787064,0
06111005006,Census Tract 50.06,111,3269,535,2715080,0
06111009400,Census Tract 94,111,1745,212,2509217,2158
06111008501,Census Tract 85.01,111,5178,504,2477647,10600
06111001303,Census Tract 13.03,111,4873,579,2587306,166671
06111009500,Census Tract 95,111,3011,519,145439301,16701968
06111009700,Census Tract 97,111,2896,565,2523675163,12368892
06111005602,Census Tract 56.02,111,5024,723,101177084,0
06111001508,Census Tract 15.08,111,4427,659,1295476,0
06111001304,Census Tract 13.04,111,2824,352,853755,0
06111003102,Census Tract 31.02,111,4125,547,1078228,0
06111009200,Census Tract 92,111,6588,762,2457061,12032
06111003618,Census Tract 36.18,111,2065,623,3831746,4200088
06111008601,Census Tract 86.01,111,4767,1088,659734,0
06111003613,Census Tract 36.13,111,4938,1412,976023,0
06111003614,Census Tract 36.14,111,4193,484,1212585,0
06111003302,Census Tract 33.02,111,6317,869,1210139,0
06111005601,Census Tract 56.01,111,6378,728,2673600,0
06111008602,Census Tract 86.02,111,2652,375,710037,0
06111006101,Census Tract 61.01,111,4279,920,3147448,0
06111006102,Census Tract 61.02,111,4511,781,7611665,0
06111005308,Census Tract 53.08,111,2966,605,3097963,0
06111009300,Census Tract 93,111,6235,596,152749035,248409
06111005005,Census Tract 50.05,111,4789,870,1681889,0
06111003616,Census Tract 36.16,111,3803,481,3112836,538418
06111003901,Census Tract 39.01,111,3206,555,609209,0
06085506606,Census Tract 5066.06,085,4976,638,1199956,0
06053014105,Census Tract 141.05,053,3764,313,5069338,0
06085504506,Census Tract 5045.06,085,7188,863,1801461,0
06085504507,Census Tract 5045.07,085,6052,752,1770770,0
06085506701,Census Tract 5067.01,085,4620,600,1599574,0
06053010400,Census Tract 104,053,6720,807,2645621,0
06029001201,Census Tract 12.01,029,2538,468,1089725,0
06029001202,Census Tract 12.02,029,6080,1024,1485487,0
06029001500,Census Tract 15,029,2957,497,2352333,0
06095250801,Census Tract 2508.01,095,4762,462,38688892,58649088
06095252915,Census Tract 2529.15,095,6802,532,14623577,25247
06095252314,Census Tract 2523.14,095,4569,541,1791438,0
06085508203,Census Tract 5082.03,085,5511,532,1563572,0
06029001600,Census Tract 16,029,2249,442,3602906,0
06013308002,Census Tract 3080.02,013,5146,484,3937717,0
06085506702,Census Tract 5067.02,085,5755,954,1691753,0
06053012700,Census Tract 127,053,3956,413,1593842,552291
06053012800,Census Tract 128,053,5077,533,4301933,0
06085506703,Census Tract 5067.03,085,3870,423,1354461,0
06013343002,Census Tract 3430.02,013,4478,419,3368559,15373
06013348000,Census Tract 3480,013,4888,470,10912146,0
06013352101,Census Tract 3521.01,013,3579,313,11805811,22901
06013359202,Census Tract 3592.02,013,6427,684,9690725,0
06085504805,Census Tract 5048.05,085,7409,831,1432608,0
06103001101,Census Tract 11.01,103,1736,300,163362307,356465
06103000701,Census Tract 7.01,103,4939,640,3921964,0
06103000702,Census Tract 7.02,103,3618,648,9448192,0
06103000202,Census Tract 2.02,103,4048,657,162035544,39632
06103001102,Census Tract 11.02,103,5115,657,8043366,0
06103000201,Census Tract 2.01,103,4390,553,86619150,1302037
06025010102,Census Tract 101.02,025,5135,716,233891839,189009524
06025010101,Census Tract 101.01,025,3155,251,379132997,954069
06025012001,Census Tract 120.01,025,5009,989,533364,0
06085504806,Census Tract 5048.06,085,2753,358,828222,0
06085505007,Census Tract 5050.07,085,4223,509,3048682,0
06085505203,Census Tract 5052.03,085,5725,512,1435927,0
06029000902,Census Tract 9.02,029,3206,540,1325575,0
06029006002,Census Tract 60.02,029,3188,398,6724488,17793
06037310100,Census Tract 3101,037,5968,923,13058478,58294
06085508204,Census Tract 5082.04,085,4725,709,1019067,0
06085508505,Census Tract 5085.05,085,4833,643,1161285,0
06043000200,Census Tract 2,043,3020,555,745970006,13592003
06043000400,Census Tract 4,043,2655,216,1019187011,4453736
06057001205,Census Tract 12.05,057,4920,473,59575396,271233
06029002820,Census Tract 28.20,029,6827,793,2683049,0
06029001700,Census Tract 17,029,4361,680,3615010,72401
06037300200,Census Tract 3002,037,5697,616,1943986,10136
06037300400,Census Tract 3004,037,5486,929,2004011,4708
06085504802,Census Tract 5048.02,085,4506,456,1830759,0
06085505301,Census Tract 5053.01,085,5414,528,905197,0
06085505302,Census Tract 5053.02,085,4958,519,1438914,0
06085505304,Census Tract 5053.04,085,3499,645,1022409,0
06085505305,Census Tract 5053.05,085,5672,751,1528585,0
06085505401,Census Tract 5054.01,085,6607,637,1169115,0
06037300701,Census Tract 3007.01,037,5444,650,13349192,59421
06037300902,Census Tract 3009.02,037,2051,433,4391843,7548
06085505402,Census Tract 5054.02,085,3051,451,1064750,0
06013384000,Census Tract 3840,013,4185,385,1617970,0
06013305000,Census Tract 3050,013,7484,1023,8106565,1667577
06029001801,Census Tract 18.01,029,5720,895,2487330,0
06029001901,Census Tract 19.01,029,4275,715,1728800,0
06029001902,Census Tract 19.02,029,4504,711,1711055,0
06029002100,Census Tract 21,029,2896,490,1438067,0
06085508601,Census Tract 5086.01,085,3914,450,1322543,0
06029002302,Census Tract 23.02,029,3643,658,2390588,0
06037320300,Census Tract 3203,037,6730,882,1714743,0
06085505403,Census Tract 5054.03,085,8136,968,1394180,0
06085505500,Census Tract 5055,085,4771,646,1364061,0
06085505600,Census Tract 5056,085,4808,497,1036372,0
06085505800,Census Tract 5058,085,3683,557,1686990,0
06085506803,Census Tract 5068.03,085,7056,636,2290466,0
06085507806,Census Tract 5078.06,085,5657,675,1884224,0
06085507807,Census Tract 5078.07,085,3115,457,997039,0
06029006202,Census Tract 62.02,029,7404,777,374992924,755424
06029003103,Census Tract 31.03,029,4244,370,4841538,0
06029001101,Census Tract 11.01,029,5814,1481,2814696,0
06029003807,Census Tract 38.07,029,3409,668,2625790,0
06085508301,Census Tract 5083.01,085,4461,423,1973643,0
06085508303,Census Tract 5083.03,085,2647,224,1234338,0
06053010504,Census Tract 105.04,053,5206,665,30001146,510794
06029002600,Census Tract 26,029,3282,481,2264909,0
06085506000,Census Tract 5060,085,4988,737,1339295,0
06085506101,Census Tract 5061.01,085,4643,524,1506094,0
06085506102,Census Tract 5061.02,085,4434,610,1136974,0
06085507808,Census Tract 5078.08,085,5720,612,1701487,0
06053001500,Census Tract 15,053,6287,1112,4682418,0
06053001700,Census Tract 17,053,4464,609,967930,0
06029003124,Census Tract 31.24,029,5497,1143,3972596,0
06029003806,Census Tract 38.06,029,6062,905,3659744,0
06111004704,Census Tract 47.04,111,1705,374,19630294,0
06029005600,Census Tract 56,029,2698,473,62467980,813793
06029004500,Census Tract 45,029,3333,436,2333803672,8434995
06029006004,Census Tract 60.04,029,1440,187,1319191444,258954
06029005700,Census Tract 57,029,2633,361,871081045,6065499
06029005104,Census Tract 51.04,029,4139,486,102034635,912406
06029000505,Census Tract 5.05,029,4208,390,1954224,0
06001410000,Census Tract 4100,001,3116,459,6550967,145283
06029003810,Census Tract 38.10,029,2537,205,2590962,0
06029003303,Census Tract 33.03,029,1172,230,239558367,17569
06029003900,Census Tract 39,029,5768,506,219964094,0
06029003808,Census Tract 38.08,029,4593,776,2832274,0
06085506103,Census Tract 5061.03,085,5187,503,1536077,0
06085506203,Census Tract 5062.03,085,6717,908,1103068,0
06085506204,Census Tract 5062.04,085,5860,800,1796125,0
06085506301,Census Tract 5063.01,085,4994,891,1498549,0
06001430200,Census Tract 4302,001,7195,733,5334087,0
06001407900,Census Tract 4079,001,3047,467,1099098,0
06001436601,Census Tract 4366.01,001,6476,866,1083579,0
06029003811,Census Tract 38.11,029,2527,219,2623915,0
06029003812,Census Tract 38.12,029,4810,804,4626187,0
06029004101,Census Tract 41.01,029,5953,772,3243755,0
06037301400,Census Tract 3014,037,3967,551,1580779,16074
06037301501,Census Tract 3015.01,037,1696,322,604042,0
06037301502,Census Tract 3015.02,037,7498,982,675937,0
06037301601,Census Tract 3016.01,037,5513,717,2257505,1299
06037301701,Census Tract 3017.01,037,2702,440,914081,17855
06037301602,Census Tract 3016.02,037,3597,542,985485,9553
06037301702,Census Tract 3017.02,037,5795,888,829045,0
06001401400,Census Tract 4014,001,4214,991,754768,0
06029004102,Census Tract 41.02,029,4680,661,1952869,0
06037302002,Census Tract 3020.02,037,3829,617,502792,0
06113010401,Census Tract 104.01,113,4994,539,348856896,8188502
06029002804,Census Tract 28.04,029,2312,279,2387935,0
06073017022,Census Tract 170.22,073,5695,511,4465535,11354
06073009901,Census Tract 99.01,073,1310,137,5639924,1665633
06073017045,Census Tract 170.45,073,2293,180,1950190,0
06073013503,Census Tract 135.03,073,6247,875,2761169,0
06073020017,Census Tract 200.17,073,3013,353,4882547,0
06073015403,Census Tract 154.03,073,2580,307,3070763,0
06073010103,Census Tract 101.03,073,6497,1030,3340456,3447454
06073018504,Census Tract 185.04,073,6885,1053,6268865,87392
06073020801,Census Tract 208.01,073,5146,556,133873989,1528900
06073018608,Census Tract 186.08,073,3223,381,3936495,147401
06073005900,Census Tract 59,073,3194,393,419239,0
06073020500,Census Tract 205,073,4261,666,2082707,0
06073019001,Census Tract 190.01,073,6507,919,164953444,79652
06073009505,Census Tract 95.05,073,6286,678,17512201,24725
06001400500,Census Tract 4005,001,3579,710,591424,0
06001451102,Census Tract 4511.02,001,3950,545,4513799,261456
06029002806,Census Tract 28.06,029,2708,350,4529675,695066
06029002807,Census Tract 28.07,029,4010,457,3141481,0
06029003203,Census Tract 32.03,029,2419,280,1698449,0
06085507903,Census Tract 5079.03,085,5037,811,1502905,0
06085508401,Census Tract 5084.01,085,8061,1198,2489807,0
06085508404,Census Tract 5084.04,085,6312,568,1864478,0
06001432800,Census Tract 4328,001,3930,548,3877194,0
06001441503,Census Tract 4415.03,001,7604,698,72187723,12525279
06001435400,Census Tract 4354,001,5364,725,1325172,0
06001438000,Census Tract 4380,001,3751,575,2432817,0
06001451201,Census Tract 4512.01,001,7289,954,3662205,9862
06001451202,Census Tract 4512.02,001,5422,713,45820506,0
06001409000,Census Tract 4090,001,4204,1161,16913368,4389421
06029003400,Census Tract 34,029,4162,962,9294127,0
06029003500,Census Tract 35,029,6497,293,5928589,0
06029003600,Census Tract 36,029,4512,683,5460524,0
06029006003,Census Tract 60.03,029,5923,1252,8252255,41832
06115040500,Census Tract 405,115,3998,565,2438067,0
06115040600,Census Tract 406,115,6586,883,4164409,0
06109003200,Census Tract 32,109,5739,782,392402178,1033702
06109001200,Census Tract 12,109,3141,393,19330496,35507
06109005201,Census Tract 52.01,109,2478,391,504215396,42431890
06109001100,Census Tract 11,109,4339,517,9435298,5487
06085508503,Census Tract 5085.03,085,6020,840,1468402,0
06001401500,Census Tract 4015,001,2739,441,467741,0
06029004601,Census Tract 46.01,029,3334,115,2618236,0
06029003304,Census Tract 33.04,029,2764,365,1600690598,6934593
06029005300,Census Tract 53,029,2416,439,284213446,1659952
06029005103,Census Tract 51.03,029,2355,480,189409640,774184
06029002811,Census Tract 28.11,029,3597,461,3802021,0
06029002813,Census Tract 28.13,029,4278,412,1602069,0
06073003208,Census Tract 32.08,073,6664,1383,1360631,0
06085507904,Census Tract 5079.04,085,2963,286,1278385,0
06101050101,Census Tract 501.01,101,7470,725,4428351,135681
06029002814,Census Tract 28.14,029,4254,709,1437345,0
06029002815,Census Tract 28.15,029,4478,592,1308336,0
06029002816,Census Tract 28.16,029,6350,1245,1658074,0
06029002817,Census Tract 28.17,029,5456,688,1440630,0
06029002818,Census Tract 28.18,029,5218,1244,1742302,0
06085504412,Census Tract 5044.12,085,4928,889,970313,0
06085504413,Census Tract 5044.13,085,1963,283,632752,0
06085504414,Census Tract 5044.14,085,5141,563,1753933,0
06085504415,Census Tract 5044.15,085,4885,349,1206869,0
06085504416,Census Tract 5044.16,085,3791,830,1122523,0
06073013414,Census Tract 134.14,073,7406,1268,2868956,0
06073013415,Census Tract 134.15,073,1561,163,1160609,0
06073013416,Census Tract 134.16,073,4115,649,2205635,0
06073013417,Census Tract 134.17,073,2127,289,2013807,0
06073013418,Census Tract 134.18,073,5435,795,1738413,73830
06111005002,Census Tract 50.02,111,3161,529,8149593,0
06073018517,Census Tract 185.17,073,3804,607,1941354,0
06073018518,Census Tract 185.18,073,3308,956,990329,0
06073018519,Census Tract 185.19,073,6007,939,1553699,0
06073018601,Census Tract 186.01,073,4749,599,4352142,44765
06029000102,Census Tract 1.02,029,2917,422,1706818,0
06073008303,Census Tract 83.03,073,3055,590,4406128,0
06073006200,Census Tract 62,073,28,3,3629159,0
06073012200,Census Tract 122,073,3306,516,1724142,47893
06073020706,Census Tract 207.06,073,5974,685,16685802,0
06111005202,Census Tract 52.02,111,2474,341,12540001,0
06001401600,Census Tract 4016,001,2668,429,636136,0
06001402400,Census Tract 4024,001,2666,422,337011,0
06085504418,Census Tract 5044.18,085,3951,352,1034808,0
06085504421,Census Tract 5044.21,085,5422,772,1595679,0
06073000700,Census Tract 7,073,4341,568,780041,0
06037310703,Census Tract 3107.03,037,5129,903,994737,0
06037310900,Census Tract 3109,037,6720,733,2172993,0
06001402200,Census Tract 4022,001,2775,446,715808,0
06073000800,Census Tract 8,073,5283,613,633882,0
06037311000,Census Tract 3110,037,3768,448,1321818,684
06037311100,Census Tract 3111,037,3923,642,1704836,0
06037311200,Census Tract 3112,037,3118,703,988984,0
06037311300,Census Tract 3113,037,3776,575,1221865,0
06037311400,Census Tract 3114,037,2408,374,939128,0
06085507905,Census Tract 5079.05,085,6596,1596,1460207,0
06001402500,Census Tract 4025,001,1943,363,365454,0
06001402600,Census Tract 4026,001,1192,261,318842,0
06001402700,Census Tract 4027,001,1637,290,387217,0
06001403000,Census Tract 4030,001,3387,504,352394,0
06037237900,Census Tract 2379,037,4211,803,979778,0
06037534700,Census Tract 5347,037,3876,476,556720,0
06037228600,Census Tract 2286,037,4894,937,526963,0
06037222600,Census Tract 2226,037,4907,765,651938,0
06037407101,Census Tract 4071.01,037,4155,650,1135255,0
06037482502,Census Tract 4825.02,037,3513,470,640664,0
06037208904,Census Tract 2089.04,037,3859,719,112106,0
06085504422,Census Tract 5044.22,085,3440,436,868140,0
06001403100,Census Tract 4031,001,2251,310,346852,0
06073013505,Census Tract 135.05,073,5450,990,2724971,0
06073013506,Census Tract 135.06,073,4331,417,6724687,88959
06073013604,Census Tract 136.04,073,5525,693,3597361,0
06085506304,Census Tract 5063.04,085,5956,1094,1079035,0
06085506305,Census Tract 5063.05,085,5235,725,1092809,0
06085506401,Census Tract 5064.01,085,4758,552,1344401,0
06073013802,Census Tract 138.02,073,3125,234,707857,0
06073018609,Census Tract 186.09,073,6249,724,1315947,0
06001404501,Census Tract 4045.01,001,1794,203,1079142,5141
06001403800,Census Tract 4038,001,4056,470,652668,0
06001403900,Census Tract 4039,001,3767,732,493100,0
06037302202,Census Tract 3022.02,037,4946,822,511545,0
06037139703,Census Tract 1397.03,037,2663,381,4728892,0
06037430502,Census Tract 4305.02,037,6709,491,2942903,1007
06037300702,Census Tract 3007.02,037,5806,733,11433435,58433
06037123602,Census Tract 1236.02,037,3192,463,927752,0
06037122410,Census Tract 1224.10,037,3967,552,706993,0
06037131300,Census Tract 1313,037,4668,737,1118011,0
06037115302,Census Tract 1153.02,037,3749,435,832983,4830
06037109700,Census Tract 1097,037,4002,645,1586861,0
06037910501,Census Tract 9105.01,037,5997,799,1496704,0
06041106001,Census Tract 1060.01,041,5258,895,12243213,1629242
06001404000,Census Tract 4040,001,2847,367,366986,0
06001438300,Census Tract 4383,001,3949,491,855994,0
06037576402,Census Tract 5764.02,037,4404,623,324449,0
06037543903,Census Tract 5439.03,037,4023,814,1341570,14935
06037571102,Census Tract 5711.02,037,3609,342,1257570,0
06085506402,Census Tract 5064.02,085,5257,805,1441356,0
06085506503,Census Tract 5065.03,085,6623,844,1789486,0
06111005203,Census Tract 52.03,111,5226,872,2707343,0
06111005304,Census Tract 53.04,111,5600,678,3263679,0
06111005306,Census Tract 53.06,111,4771,583,2613218,0
06111005403,Census Tract 54.03,111,2610,342,754120,0
06111005404,Census Tract 54.04,111,3848,463,1593602,0
06009000122,Census Tract 1.22,009,3398,494,162268280,129382
06009000504,Census Tract 5.04,009,571,220,360652740,1950398
06009000121,Census Tract 1.21,009,4480,381,154813638,1808085
06009000501,Census Tract 5.01,009,3139,551,63826302,72710
06085507906,Census Tract 5079.06,085,4499,505,1425952,0
06099002402,Census Tract 24.02,099,5302,781,1984278,0
06037543701,Census Tract 5437.01,037,3063,385,635470,0
06037241300,Census Tract 2413,037,2245,318,522126,0
06037228410,Census Tract 2284.10,037,3111,513,277715,0
06037531800,Census Tract 5318,037,4466,788,621151,0
06037910809,Census Tract 9108.09,037,2231,343,9719606,2903
06037204200,Census Tract 2042,037,3383,552,301202,0
06037209820,Census Tract 2098.20,037,2548,433,179107,0
06037214600,Census Tract 2146,037,2280,411,581187,0
06037211420,Census Tract 2114.20,037,3438,392,381085,0
06037191810,Census Tract 1918.10,037,2795,505,404246,0
06037480302,Census Tract 4803.02,037,3903,485,1050464,0
06037192620,Census Tract 1926.20,037,3661,593,243560,0
06073001000,Census Tract 10,073,4978,553,849114,0
06073001100,Census Tract 11,073,3068,395,935954,0
06085506601,Census Tract 5066.01,085,3825,433,1566762,0
06085506603,Census Tract 5066.03,085,4295,654,1279780,0
06085506605,Census Tract 5066.05,085,4275,521,999199,0
06019006405,Census Tract 64.05,019,6171,790,353743594,11890100
06079010202,Census Tract 102.02,079,5825,640,13615672,0
06019005912,Census Tract 59.12,019,13429,1461,27016153,37560
06079011501,Census Tract 115.01,079,1742,310,1398957,0
06079011600,Census Tract 116,079,4077,694,168336628,12569195
06079012503,Census Tract 125.03,079,5936,492,4598012,0
06079010703,Census Tract 107.03,079,3684,658,4008530,0
06079012302,Census Tract 123.02,079,6526,912,942604486,3843431
06073001400,Census Tract 14,073,3285,362,746326,0
06073001500,Census Tract 15,073,3961,314,793272,0
06085508101,Census Tract 5081.01,085,6679,909,2652134,0
06073013905,Census Tract 139.05,073,4486,879,2204759,0
06073013907,Census Tract 139.07,073,3616,436,1339987,0
06073013908,Census Tract 139.08,073,3853,547,1128932,0
06073013909,Census Tract 139.09,073,4742,1093,1080047,0
06073014001,Census Tract 140.01,073,5020,741,1861268,0
06001450701,Census Tract 4507.01,001,8654,946,263547379,3630169
06073019206,Census Tract 192.06,073,5745,756,1445422,0
06073019404,Census Tract 194.04,073,3420,321,1117477,0
06073019405,Census Tract 194.05,073,4050,612,1111877,0
06073019406,Census Tract 194.06,073,4648,736,1991308,0
06001403600,Census Tract 4036,001,4839,650,392820,0
06001435300,Census Tract 4353,001,5101,624,1285132,0
06001409800,Census Tract 4098,001,3370,614,1790048,0
06001440306,Census Tract 4403.06,001,3705,400,676512,0
06001450601,Census Tract 4506.01,001,3555,301,50094583,0
06037124500,Census Tract 1245,037,2791,377,807913,0
06037301203,Census Tract 3012.03,037,3794,443,547434,0
06037127910,Census Tract 1279.10,037,5103,572,649784,0
06037123205,Census Tract 1232.05,037,2744,691,757734,0
06037108103,Census Tract 1081.03,037,3199,375,2564931,0
06037575101,Census Tract 5751.01,037,4401,596,420471,0
06037900102,Census Tract 9001.02,037,594,144,440684159,59716
06037570001,Census Tract 5700.01,037,4919,817,1532425,0
06001435700,Census Tract 4357,001,4974,634,1330957,0
06001400600,Census Tract 4006,001,2052,320,297856,0
06037310800,Census Tract 3108,037,5205,740,2136456,8521
06037311700,Census Tract 3117,037,5763,773,2352871,0
06037311802,Census Tract 3118.02,037,4081,776,811569,12345
06001442000,Census Tract 4420,001,2967,403,7960069,0
06001426100,Census Tract 4261,001,6102,540,3047863,0
06001400100,Census Tract 4001,001,3132,449,6945855,0
06001433700,Census Tract 4337,001,3257,519,1284675,0
06001437500,Census Tract 4375,001,4527,804,633556,0
06001441100,Census Tract 4411,001,4390,524,15528473,0
06001451503,Census Tract 4515.03,001,6425,549,2674109,0
06001408100,Census Tract 4081,001,7745,749,8937288,0
06001450742,Census Tract 4507.42,001,5241,537,7245749,849637
06001404502,Census Tract 4045.02,001,6286,818,3079867,0
06001440301,Census Tract 4403.01,001,6757,1119,4329373,0
06001406800,Census Tract 4068,001,3747,534,912527,0
06001430500,Census Tract 4305,001,6125,1016,2607359,0
06001422000,Census Tract 4220,001,2470,254,4504645,5864364
06001442200,Census Tract 4422,001,7355,837,4191206,0
06001436402,Census Tract 4364.02,001,2875,455,4269294,0
06001431100,Census Tract 4311,001,3368,458,984303,0
06075980501,Census Tract 9805.01,075,146,52,1471536,9769
06085510400,Census Tract 5104,085,3495,410,1712370,0
06085510700,Census Tract 5107,085,4740,592,1442681,0
06001421200,Census Tract 4212,001,3588,507,1314935,2266
06001422800,Census Tract 4228,001,9850,608,408571,0
06001405000,Census Tract 4050,001,3566,350,800678,0
06017030804,Census Tract 308.04,017,7147,951,68787586,129306
06017030901,Census Tract 309.01,017,3471,735,64933951,0
06017031000,Census Tract 310,017,6171,897,26949795,0
06017031200,Census Tract 312,017,5677,624,20868323,5379
06017031301,Census Tract 313.01,017,3752,633,46656591,595289
06027000800,Census Tract 8,027,2758,351,17743920238,41657866
06111005502,Census Tract 55.02,111,5532,857,1736066,24048
06111005503,Census Tract 55.03,111,4070,632,1443115,0
06111005504,Census Tract 55.04,111,4222,609,1454381,0
06111005700,Census Tract 57,111,2567,273,4099790,0
06079010902,Census Tract 109.02,079,4846,763,1247542,0
06079011101,Census Tract 111.01,079,3618,462,1621115,0
06079011103,Census Tract 111.03,079,3214,459,4971550,0
06079010701,Census Tract 107.01,079,4434,467,2400673,1207681
06001400900,Census Tract 4009,001,2855,494,408342,0
06001400700,Census Tract 4007,001,4576,713,865141,0
06001400800,Census Tract 4008,001,4548,545,725817,0
06001451602,Census Tract 4516.02,001,6839,900,3013437,0
06001400200,Census Tract 4002,001,2203,234,586560,0
06017031504,Census Tract 315.04,017,6006,887,59179158,102128
06017030701,Census Tract 307.01,017,5625,626,13428718,5805674
06111005901,Census Tract 59.01,111,5360,530,3899869,0
06085509106,Census Tract 5091.06,085,4123,346,985274,0
06085509108,Census Tract 5091.08,085,4617,485,2296992,0
06073014002,Census Tract 140.02,073,4093,561,2117230,0
06073014101,Census Tract 141.01,073,4139,549,1343299,0
06073014102,Census Tract 141.02,073,3608,512,1197738,0
06073014200,Census Tract 142,073,7017,717,2273163,0
06073014601,Census Tract 146.01,073,4791,534,1454502,0
06073015704,Census Tract 157.04,073,4928,834,942669,0
06073019501,Census Tract 195.01,073,3250,517,778522,0
06001435200,Census Tract 4352,001,4389,535,2256370,61592
06001410300,Census Tract 4103,001,4093,629,578329,0
06001409900,Census Tract 4099,001,3769,530,4315219,0
06073001600,Census Tract 16,073,6014,1099,688177,0
06073001700,Census Tract 17,073,4867,480,634347,0
06085510801,Census Tract 5108.01,085,5244,550,2195030,0
06085510802,Census Tract 5108.02,085,2014,225,934585,0
06085510803,Census Tract 5108.03,085,3406,1019,1011446,0
06085510900,Census Tract 5109,085,4431,697,1653882,0
06085511000,Census Tract 5110,085,7180,887,1986805,0
06073019502,Census Tract 195.02,073,5706,942,770724,0
06073019804,Census Tract 198.04,073,4417,521,2547914,0
06073019805,Census Tract 198.05,073,4245,672,1453495,0
06001421300,Census Tract 4213,001,4131,376,1084032,0
06001450741,Census Tract 4507.41,001,5212,702,2182370,0
06017030504,Census Tract 305.04,017,3150,495,29776828,0
06017030709,Census Tract 307.09,017,5459,600,13428760,328829
06017030807,Census Tract 308.07,017,3588,363,4812642,0
06017031800,Census Tract 318,017,6906,702,7974872,0
06001423200,Census Tract 4232,001,3049,518,456778,0
06085511100,Census Tract 5111,085,5379,435,2194213,0
06085511400,Census Tract 5114,085,3608,454,1536652,0
06085512024,Census Tract 5120.24,085,5288,760,1553293,44640
06085512025,Census Tract 5120.25,085,3062,417,1247992,0
06085512026,Census Tract 5120.26,085,3734,297,2206485,0
06001406000,Census Tract 4060,001,5157,704,2113649,525188
06001423902,Census Tract 4239.02,001,1537,254,294981,0
06001443200,Census Tract 4432,001,3403,613,14504924,0
06001404200,Census Tract 4042,001,3661,356,2728225,0
06085509109,Census Tract 5091.09,085,7153,1306,2096588,0
06085509201,Census Tract 5092.01,085,5287,765,1569209,0
06001400300,Census Tract 4003,001,5990,653,1110840,0
06085512027,Census Tract 5120.27,085,3908,527,1674893,68672
06001427900,Census Tract 4279,001,4708,743,825214,0
06001421500,Census Tract 4215,001,3989,438,1580941,0
06001407500,Census Tract 4075,001,3458,650,494502,0
06001451401,Census Tract 4514.01,001,5414,1043,4633031,0
06001443103,Census Tract 4431.03,001,4002,671,16687127,0
06001430600,Census Tract 4306,001,6105,1012,2261413,0
06001451300,Census Tract 4513,001,6448,703,11926523,744296
06001421600,Census Tract 4216,001,4008,525,1324489,0
06001408300,Census Tract 4083,001,4705,574,1538489,0
06001450607,Census Tract 4506.07,001,5385,794,4742197,0
06085513500,Census Tract 5135,085,1009,245,1528907498,9778597
06001401800,Census Tract 4018,001,1792,283,301016,0
06085509202,Census Tract 5092.02,085,4222,504,1564102,0
06085509302,Census Tract 5093.02,085,3508,698,1053380,0
06041101200,Census Tract 1012,041,2808,427,10169581,352094
06041117000,Census Tract 1170,041,4903,594,2714842,0
06041110100,Census Tract 1101,041,5657,567,6836688,186928
06041133000,Census Tract 1330,041,2817,461,507931091,24322392
06041114100,Census Tract 1141,041,4987,317,8083473,0
06041124200,Census Tract 1242,041,5573,497,10372011,7552972
06041114200,Census Tract 1142,041,2915,322,4474566,0
06041108100,Census Tract 1081,041,6508,648,6824224,0
06041128100,Census Tract 1281,041,7172,871,9260490,0
06041121200,Census Tract 1212,041,6374,639,6087273,3768437
06041126200,Census Tract 1262,041,4292,503,3423395,429421
06041110200,Census Tract 1102,041,5056,563,9423311,3907484
06041113000,Census Tract 1130,041,3898,609,25374581,0
06001400400,Census Tract 4004,001,4399,614,716138,0
06073021302,Census Tract 213.02,073,6675,1089,377658918,4543821
06073009504,Census Tract 95.04,073,6428,669,59066872,6803
06073019205,Census Tract 192.05,073,6387,967,1945690,0
06073017041,Census Tract 170.41,073,5565,491,3108340,0
06073017810,Census Tract 178.10,073,5126,804,3429890,410586
06073020903,Census Tract 209.03,073,2895,420,1279031357,15089611
06073014300,Census Tract 143,073,4282,593,1154689,0
06073014500,Census Tract 145,073,4031,700,1172822,0
06073014804,Census Tract 148.04,073,4527,648,1273686,0
06073010800,Census Tract 108,073,2389,450,661224,0
06073008902,Census Tract 89.02,073,3973,568,2858771,216448
06073007100,Census Tract 71,073,4163,597,2862858,0
06073006802,Census Tract 68.02,073,5531,597,1026399,0
06073020023,Census Tract 200.23,073,3942,409,3396077,0
06037533403,Census Tract 5334.03,037,2306,378,470108,0
06023011000,Census Tract 110,023,4884,579,7158328,0
06001401000,Census Tract 4010,001,6361,953,1149000,0
06085509303,Census Tract 5093.03,085,3565,663,573576,0
06073018803,Census Tract 188.03,073,4724,690,47562480,1207760
06073013701,Census Tract 137.01,073,2541,346,2280988,0
06073020904,Census Tract 209.04,073,2750,595,149677167,41696
06073016806,Census Tract 168.06,073,4131,424,1526319,0
06073019602,Census Tract 196.02,073,6064,878,4417739,0
06073019203,Census Tract 192.03,073,2751,365,3806915,0
06073021204,Census Tract 212.04,073,6158,756,46147295,859798
06073003207,Census Tract 32.07,073,6052,899,5212827,381866
06073019107,Census Tract 191.07,073,2461,408,102040323,0
06073008347,Census Tract 83.47,073,6604,774,2266987,0
06073005000,Census Tract 50,073,1919,419,1444167,980544
06073014803,Census Tract 148.03,073,4692,492,1864206,0
06073003003,Census Tract 30.03,073,4845,576,3273236,0
06073015802,Census Tract 158.02,073,4479,612,942697,0
06073013702,Census Tract 137.02,073,5743,729,2456814,0
06073017106,Census Tract 171.06,073,4174,640,29902169,408077
06073016902,Census Tract 169.02,073,2425,310,121406654,3229088
06073017010,Census Tract 170.10,073,3113,314,15261567,0
06073016811,Census Tract 168.11,073,5026,711,3288218,0
06073008313,Census Tract 83.13,073,2195,260,2375852,0
06073018700,Census Tract 187,073,40415,2427,548408488,10738468
06073019701,Census Tract 197.01,073,7452,1133,3021731,0
06073020708,Census Tract 207.08,073,3817,402,4526558,9099
06073020405,Census Tract 204.05,073,3469,340,5128184,0
06085512029,Census Tract 5120.29,085,8115,1804,1903945,0
06001423601,Census Tract 4236.01,001,2603,369,523435,0
06001435102,Census Tract 4351.02,001,5649,591,4174115,0
06001431200,Census Tract 4312,001,6033,655,2025757,26007
06001440332,Census Tract 4403.32,001,3015,341,2297853,0
06001404400,Census Tract 4044,001,5567,578,4152683,0
06001404600,Census Tract 4046,001,4697,526,4877912,0
06001406700,Census Tract 4067,001,5778,633,1683727,0
06001436500,Census Tract 4365,001,5246,549,1969166,0
06001430800,Census Tract 4308,001,5887,915,1801249,0
06073006801,Census Tract 68.01,073,3205,563,672628,0
06073009802,Census Tract 98.02,073,6914,959,1986714,0
06073018801,Census Tract 188.01,073,3488,519,12562232,36520
06073013906,Census Tract 139.06,073,4830,759,1783933,0
06073002301,Census Tract 23.01,073,3247,593,423325,0
06073002302,Census Tract 23.02,073,6030,1616,528824,0
06073002401,Census Tract 24.01,073,4295,726,654403,0
06073002402,Census Tract 24.02,073,4665,681,501905,0
06073002501,Census Tract 25.01,073,5046,478,1257295,0
06085512030,Census Tract 5120.30,085,2898,308,1191726,0
06073002705,Census Tract 27.05,073,4868,680,1227312,0
06073002707,Census Tract 27.07,073,5333,1089,383554,0
06073002708,Census Tract 27.08,073,4839,667,639828,0
06073002709,Census Tract 27.09,073,3987,797,620822,0
06001401100,Census Tract 4011,001,5722,688,873332,0
06073003114,Census Tract 31.14,073,3195,525,1135917,0
06073003115,Census Tract 31.15,073,5897,530,1532911,0
06085512034,Census Tract 5120.34,085,2997,291,1043039,0
06085509304,Census Tract 5093.04,085,3175,381,1559710,0
06001401200,Census Tract 4012,001,3073,293,663620,0
06001401300,Census Tract 4013,001,4778,563,861889,0
06037134305,Census Tract 1343.05,037,3659,691,357578,0
06037920020,Census Tract 9200.20,037,6033,441,10836481,18673
06037910706,Census Tract 9107.06,037,6761,825,20578717,137079
06037910601,Census Tract 9106.01,037,6445,854,2654859,2250
06037910804,Census Tract 9108.04,037,2971,340,52260206,0
06037575102,Census Tract 5751.02,037,4147,513,405956,0
06037543201,Census Tract 5432.01,037,3958,591,1006560,3873
06037553602,Census Tract 5536.02,037,5231,823,602325,0
06085511702,Census Tract 5117.02,085,2859,305,2629242,0
06085511905,Census Tract 5119.05,085,3084,255,1264613,0
06085512505,Census Tract 5125.05,085,7683,860,2656752,0
06041112100,Census Tract 1121,041,4397,579,2944261,0
06041103100,Census Tract 1031,041,7321,654,40933443,470057
06041104300,Census Tract 1043,041,1621,258,10791314,2402520
06041107000,Census Tract 1070,041,6477,653,20125721,0
06041118100,Census Tract 1181,041,2606,355,4012311,0
06041127000,Census Tract 1270,041,4573,513,4482311,0
06041116000,Census Tract 1160,041,3167,382,1411760,0
06041124100,Census Tract 1241,041,5152,534,5906172,3072807
06041132200,Census Tract 1322,041,1634,313,300565956,56154232
06041104102,Census Tract 1041.02,041,5480,926,2075039,43053
06041104200,Census Tract 1042,041,5809,748,17471799,0
06001402900,Census Tract 4029,001,2431,345,407131,0
06037620001,Census Tract 6200.01,037,4242,437,1163578,0
06037535604,Census Tract 5356.04,037,4306,600,442234,0
06037532900,Census Tract 5329,037,6227,825,767184,0
06037400501,Census Tract 4005.01,037,1839,271,11741511,10499
06037401303,Census Tract 4013.03,037,2246,377,5799444,3931
06037401304,Census Tract 4013.04,037,4938,534,8887768,994226
06037576302,Census Tract 5763.02,037,3188,520,323710,0
06037460401,Census Tract 4604.01,037,1061,180,5296828,66916
06037910002,Census Tract 9100.02,037,7288,1270,72353311,233719
06073001900,Census Tract 19,073,3160,350,1837908,0
06073002001,Census Tract 20.01,073,3570,453,2464898,0
06073009509,Census Tract 95.09,073,5731,825,5100595,0
06073010012,Census Tract 100.12,073,5032,858,629589,0
06073011902,Census Tract 119.02,073,6050,789,1704278,0
06073012401,Census Tract 124.01,073,3461,457,1463224,46701
06073013903,Census Tract 139.03,073,3471,360,2417130,1349731
06073014400,Census Tract 144,073,4426,457,1699740,0
06073015200,Census Tract 152,073,3730,459,4279669,12381
06073015301,Census Tract 153.01,073,3347,549,653494,0
06073015405,Census Tract 154.05,073,5434,573,4699585,0
06073016809,Census Tract 168.09,073,5899,590,5652085,0
06073016901,Census Tract 169.01,073,7427,1376,42451983,826878
06073017044,Census Tract 170.44,073,5674,635,2414948,0
06073017046,Census Tract 170.46,073,3777,502,3282488,493481
06073017049,Census Tract 170.49,073,2945,304,10807638,0
06073008310,Census Tract 83.10,073,6538,747,5166663,0
06041122000,Census Tract 1220,041,1694,261,630378,0
06041123000,Census Tract 1230,041,2354,326,1346102,4888515
06041125000,Census Tract 1250,041,4893,709,2480948,1377123
06041115000,Census Tract 1150,041,7742,543,10612825,0
06001441924,Census Tract 4419.24,001,7588,1002,2184643,0
06041103200,Census Tract 1032,041,6288,721,4677522,0
06041101100,Census Tract 1011,041,2428,274,32862552,1641998
06041119100,Census Tract 1191,041,4839,456,6675930,49346
06001440100,Census Tract 4401,001,2372,275,27383596,0
06001451601,Census Tract 4516.01,001,4859,635,3936359,0
06041121100,Census Tract 1211,041,5573,494,3651425,54053
06041126100,Census Tract 1261,041,6171,389,5298995,0
06041128200,Census Tract 1282,041,5174,730,3940700,38514
06073015100,Census Tract 151,073,4811,767,2130253,0
06073016608,Census Tract 166.08,073,2471,330,2503301,0
06085509401,Census Tract 5094.01,085,4746,544,665317,0
06085509403,Census Tract 5094.03,085,4115,794,526424,0
06085509404,Census Tract 5094.04,085,6256,702,1048713,0
06085509500,Census Tract 5095,085,5617,848,982162,0
06085512005,Census Tract 5120.05,085,6650,819,2420988,0
06073020021,Census Tract 200.21,073,5534,586,2894447,0
06073020024,Census Tract 200.24,073,4220,529,1721996,0
06073020025,Census Tract 200.25,073,5250,572,1961212,0
06073020106,Census Tract 201.06,073,3768,598,1823385,0
06073009103,Census Tract 91.03,073,4011,501,1807389,0
06073008328,Census Tract 83.28,073,7814,908,7130933,0
06073006500,Census Tract 65,073,3645,402,3723097,0
06073008305,Census Tract 83.05,073,11134,400,4457773,0
06073004501,Census Tract 45.01,073,2631,247,327790,0
06073003204,Census Tract 32.04,073,3692,610,3074757,416278
06073016609,Census Tract 166.09,073,5673,537,4769977,0
06073020108,Census Tract 201.08,073,4731,427,943479,0
06073020109,Census Tract 201.09,073,4683,641,1542496,0
06073020202,Census Tract 202.02,073,6550,999,1129891,0
06073020206,Census Tract 202.06,073,4894,637,831725,0
06073020207,Census Tract 202.07,073,4939,663,827980,0
06073013504,Census Tract 135.04,073,4077,622,2199015,0
06073013605,Census Tract 136.05,073,6383,796,5806831,0
06073020015,Census Tract 200.15,073,5500,1031,2950161,0
06073009706,Census Tract 97.06,073,7127,787,5762468,650223
06073015406,Census Tract 154.06,073,2704,496,6075194,0
06073019702,Census Tract 197.02,073,4791,554,4035382,0
06073019601,Census Tract 196.01,073,6425,1013,3510611,0
06073017047,Census Tract 170.47,073,4260,666,2128993,0
06073009704,Census Tract 97.04,073,6731,969,3133413,0
06073015501,Census Tract 155.01,073,5665,544,32932944,0
06073019303,Census Tract 193.03,073,7993,1192,8396055,61323
06073019208,Census Tract 192.08,073,3627,653,30032487,31461
06073020807,Census Tract 208.07,073,2950,394,94821268,1025760
06073003401,Census Tract 34.01,073,6109,810,2805035,0
06073017033,Census Tract 170.33,073,5525,818,9222754,0
06073020305,Census Tract 203.05,073,6432,758,3474828,0
06073020902,Census Tract 209.02,073,2402,549,422787620,7987272
06073020710,Census Tract 207.10,073,1677,277,24616986,984556
06073009502,Census Tract 95.02,073,3918,534,3374831,0
06073002601,Census Tract 26.01,073,6025,841,835089,0
06073002602,Census Tract 26.02,073,4624,810,767313,0
06073002702,Census Tract 27.02,073,5592,589,1359573,0
06073002710,Census Tract 27.10,073,4426,627,685711,0
06073002801,Census Tract 28.01,073,5239,429,2866252,0
06085509600,Census Tract 5096,085,3724,487,1048685,0
06085509700,Census Tract 5097,085,3064,502,1047255,0
06085509802,Census Tract 5098.02,085,3090,406,928671,0
06037143902,Census Tract 1439.02,037,3083,419,2522502,4486
06037141700,Census Tract 1417,037,3234,495,3244104,0
06037311500,Census Tract 3115,037,6026,1127,1494639,1603
06037123420,Census Tract 1234.20,037,4136,768,778593,8123
06037134101,Census Tract 1341.01,037,4515,593,1065785,0
06073002905,Census Tract 29.05,073,4818,595,1146262,0
06073003201,Census Tract 32.01,073,5335,1251,1617950,0
06073003202,Census Tract 32.02,073,5005,655,1295537,0
06065042622,Census Tract 426.22,065,5328,729,4992125,0
06065042724,Census Tract 427.24,065,5678,725,1841168,0
06065042728,Census Tract 427.28,065,4002,512,8973969,0
06085509901,Census Tract 5099.01,085,2602,489,1393369,0
06045010100,Census Tract 101,045,2347,488,2013095787,2999057
06073020019,Census Tract 200.19,073,7253,1138,3399531,0
06073010005,Census Tract 100.05,073,6487,818,1505319,0
06073015602,Census Tract 156.02,073,2732,397,4287572,0
06073019103,Census Tract 191.03,073,6413,928,62950063,0
06073013801,Census Tract 138.01,073,5381,1154,2289899,0
06073008346,Census Tract 83.46,073,4307,408,11742272,0
06073020105,Census Tract 201.05,073,3990,391,2630843,0
06073016807,Census Tract 168.07,073,7822,1110,5274902,0
06073018904,Census Tract 189.04,073,6860,895,2907853,0
06073009400,Census Tract 94,073,4394,399,62417338,11500
06073008324,Census Tract 83.24,073,7023,751,5475320,41178
06073008312,Census Tract 83.12,073,4147,566,8620727,3182807
06073017403,Census Tract 174.03,073,4730,601,4242863,0
06073016616,Census Tract 166.16,073,3568,309,2446483,0
06073008311,Census Tract 83.11,073,2739,335,2511506,0
06073002002,Census Tract 20.02,073,2733,388,1279784,0
06073002100,Census Tract 21,073,5333,884,891317,0
06115040100,Census Tract 401,115,5226,515,8016676,362225
06115040800,Census Tract 408,115,4495,301,109394813,128316
06115040902,Census Tract 409.02,115,2242,198,93603063,240059
06115040901,Census Tract 409.01,115,3638,688,263666616,4473094
06115040400,Census Tract 404,115,6802,985,18228054,362202
06065041804,Census Tract 418.04,065,4588,721,2391307,0
06065041805,Census Tract 418.05,065,5633,693,1659875,0
06065041807,Census Tract 418.07,065,2448,319,1010747,0
06065041808,Census Tract 418.08,065,7365,675,3100430,0
06073002201,Census Tract 22.01,073,3170,703,357367,0
06073002202,Census Tract 22.02,073,4604,631,486880,0
06037301000,Census Tract 3010,037,5390,771,2048659,21482
06073018511,Census Tract 185.11,073,4357,485,1689367,0
06073018516,Census Tract 185.16,073,3860,535,2169180,0
06073018903,Census Tract 189.03,073,5530,1153,7017468,0
06073018905,Census Tract 189.05,073,6182,771,2830246,0
06073018906,Census Tract 189.06,073,6175,844,4467996,9462
06073019105,Census Tract 191.05,073,7971,806,45328180,159670
06073019301,Census Tract 193.01,073,6412,1201,3520121,0
06073019403,Census Tract 194.03,073,5717,635,3228186,0
06073019902,Census Tract 199.02,073,4446,735,2601024,0
06073019904,Census Tract 199.04,073,6071,659,4190342,0
06073019905,Census Tract 199.05,073,5562,1014,3514813,0
06073020107,Census Tract 201.07,073,4681,1031,2316065,0
06073020401,Census Tract 204.01,073,2269,244,8966916,1023803
06073020404,Census Tract 204.04,073,5447,606,3783242,0
06073020705,Census Tract 207.05,073,4879,528,3371167,0
06073020805,Census Tract 208.05,073,3823,499,7230643,0
06073020806,Census Tract 208.06,073,5230,600,6944563,0
06041129000,Census Tract 1290,041,2979,426,1350016,0
06041132100,Census Tract 1321,041,1627,298,42866847,10752772
06041102100,Census Tract 1021,041,2209,261,9412919,0
06041106002,Census Tract 1060.02,041,5350,690,11217384,2026278
06071000821,Census Tract 8.21,071,5258,575,2508715,0
06037620301,Census Tract 6203.01,037,4270,483,1038671,0
06037540502,Census Tract 5405.02,037,6742,1063,601102,0
06037242600,Census Tract 2426,037,4749,808,475999,0
06073000100,Census Tract 1,073,2948,388,1536251,0
06073016610,Census Tract 166.10,073,4853,981,1344892,0
06073016613,Census Tract 166.13,073,1945,276,766790,68640
06073016614,Census Tract 166.14,073,4075,417,2166708,10007
06073016615,Census Tract 166.15,073,4230,429,2370895,36131
06073017020,Census Tract 170.20,073,4382,423,28764702,0
06085508602,Census Tract 5086.02,085,6074,857,1340637,0
06073003107,Census Tract 31.07,073,5527,701,1572160,0
06073003108,Census Tract 31.08,073,3447,342,1083966,0
06073017809,Census Tract 178.09,073,2625,302,1557483,0
06073018612,Census Tract 186.12,073,5033,922,5482443,573412
06073019503,Census Tract 195.03,073,5372,626,1790124,0
06073020208,Census Tract 202.08,073,3527,1207,662875,0
06073020209,Census Tract 202.09,073,4507,454,877496,0
06073020210,Census Tract 202.10,073,4445,786,1022671,0
06073020211,Census Tract 202.11,073,5809,1011,1591712,0
06085509902,Census Tract 5099.02,085,5161,560,2229055,0
06073017306,Census Tract 173.06,073,2670,302,4700975,0
06073008350,Census Tract 83.50,073,6722,745,15528713,0
06065044804,Census Tract 448.04,065,2623,474,2521871,100621
06073002803,Census Tract 28.03,073,5457,526,1108806,0
06073002804,Census Tract 28.04,073,6071,973,1471200,0
06073003001,Census Tract 30.01,073,4537,631,2378715,0
06073003004,Census Tract 30.04,073,5395,698,1226143,0
06073003101,Census Tract 31.01,073,4120,694,1050211,0
06037401201,Census Tract 4012.01,037,3502,781,2342228,261
06037401202,Census Tract 4012.02,037,4162,500,3146115,36782
06037401203,Census Tract 4012.03,037,4967,731,1903093,1627
06037401311,Census Tract 4013.11,037,6766,706,4278484,0
06037401312,Census Tract 4013.12,037,4645,467,2807850,0
06037403401,Census Tract 4034.01,037,4705,554,2305829,0
06059021824,Census Tract 218.24,059,2449,306,1622328,0
06059021829,Census Tract 218.29,059,4386,350,2568370,52602
06079011300,Census Tract 113,079,6890,800,10450074,405000
06079011400,Census Tract 114,079,2952,89,1034939,0
06073016617,Census Tract 166.17,073,3607,498,1765346,0
06073016804,Census Tract 168.04,073,9452,1523,4126144,202001
06073016810,Census Tract 168.10,073,2948,283,2305504,0
06073017006,Census Tract 170.06,073,3028,585,2573062,0
06073020601,Census Tract 206.01,073,6208,844,1295191,0
06073020602,Census Tract 206.02,073,6320,619,1989823,0
06037408800,Census Tract 4088,037,4760,619,1791720,0
06073020707,Census Tract 207.07,073,5273,659,1179395,0
06073008339,Census Tract 83.39,073,1824,284,11796999,61317
06073013412,Census Tract 134.12,073,5358,518,4695777,0
06073020403,Census Tract 204.03,073,4089,494,2920105,0
06073021304,Census Tract 213.04,073,3181,821,80198571,272999
06069000100,Census Tract 1,069,5922,654,394460133,1068980
06069000200,Census Tract 2,069,6748,682,172688796,349899
06069000300,Census Tract 3,069,6491,838,6517210,0
06037433601,Census Tract 4336.01,037,4832,609,1125458,0
06065045000,Census Tract 450,065,3097,524,4113216,115034
06079011901,Census Tract 119.01,079,3201,509,5857735,0
06019007500,Census Tract 75,019,5071,840,90886080,0
06019008000,Census Tract 80,019,4655,534,16364248,0
06073017009,Census Tract 170.09,073,4079,390,3491215,0
06073017014,Census Tract 170.14,073,2674,382,2006792,0
06073017018,Census Tract 170.18,073,4715,636,1831048,0
06073017021,Census Tract 170.21,073,3087,818,32209568,223435
06069000400,Census Tract 4,069,6241,873,2263273,0
06037401500,Census Tract 4015,037,5993,936,4770431,0
06037401601,Census Tract 4016.01,037,5073,606,2595450,1576
06037401602,Census Tract 4016.02,037,5344,701,2026780,0
06075026201,Census Tract 262.01,075,3856,496,443822,0
06075026202,Census Tract 262.02,075,3706,635,337319,0
06075012405,Census Tract 124.05,075,3764,491,295197,0
06075020101,Census Tract 201.01,075,3943,655,305225,0
06075017603,Census Tract 176.03,075,4964,607,248651,0
06075017803,Census Tract 178.03,075,2415,484,189846,0
06075012503,Census Tract 125.03,075,4772,558,108926,0
06075017804,Census Tract 178.04,075,4380,596,320289,0
06037403402,Census Tract 4034.02,037,3241,381,1737142,0
06037403404,Census Tract 4034.04,037,2114,286,2389804,1424
06037430101,Census Tract 4301.01,037,4850,566,1989698,0
06037430102,Census Tract 4301.02,037,4938,650,1287327,0
06037434001,Census Tract 4340.01,037,4463,523,1073132,0
06037463200,Census Tract 4632,037,3291,480,1628599,0
06037463300,Census Tract 4633,037,1918,344,659664,0
06037463400,Census Tract 4634,037,5687,717,1926653,3397
06037463500,Census Tract 4635,037,6064,719,1681987,0
06037463700,Census Tract 4637,037,3734,419,1725311,10596
06063000502,Census Tract 5.02,063,2034,328,777538018,109205907
06063000501,Census Tract 5.01,063,1759,441,330230437,891383
06101050701,Census Tract 507.01,101,4423,537,23190271,83152
06079011800,Census Tract 118,079,7737,773,15011992,0
06079012502,Census Tract 125.02,079,5695,712,4958917,0
06101051000,Census Tract 510,101,2457,473,215533614,2190239
06101051100,Census Tract 511,101,2339,372,341758889,2257065
06101050601,Census Tract 506.01,101,6627,946,16270438,0
06101050102,Census Tract 501.02,101,4233,600,2068624,0
06101050900,Census Tract 509,101,1070,196,482330318,8441125
06101050201,Census Tract 502.01,101,3580,505,1631573,0
06101050603,Census Tract 506.03,101,5189,639,12508132,62075
06101050800,Census Tract 508,101,2863,411,289598793,527202
06073017031,Census Tract 170.31,073,3522,316,1058526,0
06073017034,Census Tract 170.34,073,5792,890,2668903,0
06073017035,Census Tract 170.35,073,3396,431,2335760,0
06073017036,Census Tract 170.36,073,3329,378,990808,0
06073017037,Census Tract 170.37,073,5194,660,3179955,0
06071001702,Census Tract 17.02,071,6402,781,2820668,0
06037277100,Census Tract 2771,037,3179,659,1234119,0
06037277200,Census Tract 2772,037,1893,375,1041838,0
06071003000,Census Tract 30,071,3126,542,1293035,0
06037401901,Census Tract 4019.01,037,4643,127,1716967,0
06037401902,Census Tract 4019.02,037,5896,819,2656563,3536
06071004604,Census Tract 46.04,071,5004,530,2407936,0
06071010804,Census Tract 108.04,071,1972,380,6648785,308820
06071012001,Census Tract 120.01,071,6401,831,11520754,0
06071010417,Census Tract 104.17,071,4038,592,52197147,0
06037430302,Census Tract 4303.02,037,4950,504,1937348,1671
06101050202,Census Tract 502.02,101,4769,818,2176728,127989
06101050301,Census Tract 503.01,101,2365,389,1491417,0
06037430400,Census Tract 4304,037,4221,615,3593532,7153
06101050302,Census Tract 503.02,101,5807,796,2922462,71367
06101050501,Census Tract 505.01,101,6568,694,8752810,0
06073017039,Census Tract 170.39,073,6711,858,4787636,5258
06073017040,Census Tract 170.40,073,4386,526,2952353,0
06099002504,Census Tract 25.04,099,4631,651,2407569,0
06099002503,Census Tract 25.03,099,3936,568,1609893,0
06099002006,Census Tract 20.06,099,5852,1050,1172364,0
06099002005,Census Tract 20.05,099,3794,643,952382,0
06099003805,Census Tract 38.05,099,3356,422,2164564,0
06099004000,Census Tract 40,099,3971,531,155922358,1760494
06037400206,Census Tract 4002.06,037,5199,710,3351253,2205
06113010102,Census Tract 101.02,113,1669,384,61893639,2869841
06113011102,Census Tract 111.02,113,5159,632,1298461,0
06113010501,Census Tract 105.01,113,8854,703,13594500,0
06113010505,Census Tract 105.05,113,5693,518,136298933,1005494
06113011500,Census Tract 115,113,6132,874,830376473,2152367
06073017043,Census Tract 170.43,073,5590,791,3035943,0
06025011202,Census Tract 112.02,025,5318,844,1644488,0
06037291110,Census Tract 2911.10,037,3749,705,711349,0
06037291130,Census Tract 2911.30,037,3412,509,1291463,0
06037291210,Census Tract 2912.10,037,4785,710,1242663,0
06037291220,Census Tract 2912.20,037,2988,459,818696,0
06037291300,Census Tract 2913,037,3065,384,2358585,45836
06019005406,Census Tract 54.06,019,4246,520,1901825,0
06019005407,Census Tract 54.07,019,3588,731,1290529,0
06019005605,Census Tract 56.05,019,1387,219,943633,10445
06037402101,Census Tract 4021.01,037,4574,594,1189576,0
06019005606,Census Tract 56.06,019,3641,356,2256963,39571
06019005701,Census Tract 57.01,019,3589,511,2437117,15718
06019005702,Census Tract 57.02,019,5475,539,2610499,0
06019005703,Census Tract 57.03,019,4744,576,2590952,0
06037403407,Census Tract 4034.07,037,2368,306,4724953,0
06101050503,Census Tract 505.03,101,6835,810,7611589,0
06101050504,Census Tract 505.04,101,8357,1220,22999430,0
06101050604,Census Tract 506.04,101,4657,456,2400159,0
06025010500,Census Tract 105,025,7478,951,3621844,0
06025010700,Census Tract 107,025,4726,683,5585852,0
06025011400,Census Tract 114,025,4049,698,3966373,21575
06037430600,Census Tract 4306,037,4194,573,3691110,9801
06073017501,Census Tract 175.01,073,2855,488,1666992,345270
06073017502,Census Tract 175.02,073,3545,440,1908250,0
06073017603,Census Tract 176.03,073,3005,484,1657916,0
06073017701,Census Tract 177.01,073,5137,648,2124722,798482
06073017702,Census Tract 177.02,073,3199,435,1175044,316932
06071001803,Census Tract 18.03,071,3343,588,9195675,0
06037293302,Census Tract 2933.02,037,4864,863,1119337,0
06037293304,Census Tract 2933.04,037,4594,741,569496,0
06037294110,Census Tract 2941.10,037,3889,361,988523,0
06037294120,Census Tract 2941.20,037,2403,664,1564713,0
06037294200,Census Tract 2942,037,4139,660,953769,0
06037294410,Census Tract 2944.10,037,5023,726,833787,0
06037293301,Census Tract 2933.01,037,2598,189,844979,0
06019005509,Census Tract 55.09,019,6213,572,2548183,51604
06019005508,Census Tract 55.08,019,6485,1092,2594478,0
06019005704,Census Tract 57.04,019,5329,681,2655538,28978
06019005801,Census Tract 58.01,019,4722,519,2618010,47574
06019005802,Census Tract 58.02,019,5391,1109,2968914,30059
06047000202,Census Tract 2.02,047,2140,530,24358168,253583
06047000201,Census Tract 2.01,047,3273,475,119601610,140809
06047000401,Census Tract 4.01,047,1823,313,78310799,1252324
06047002401,Census Tract 24.01,047,1644,271,231179767,659531
06047002100,Census Tract 21,047,4059,775,1428106672,69234375
06019006700,Census Tract 67,019,7283,863,5697360,325598
06043000102,Census Tract 1.02,043,2553,448,803820265,4208069
06043000101,Census Tract 1.01,043,3122,451,451167357,12326570
06043000301,Census Tract 3.01,043,3619,457,205704486,798484
06043000302,Census Tract 3.02,043,2113,344,526627860,842003
06071001703,Census Tract 17.03,071,4763,617,1654722,0
06037402102,Census Tract 4021.02,037,4817,790,2285871,12302
06037402301,Census Tract 4023.01,037,5259,653,1331437,0
06073017808,Census Tract 178.08,073,5433,665,5187448,456098
06073017811,Census Tract 178.11,073,6485,570,3324088,0
06037294620,Census Tract 2946.20,037,3810,637,841598,0
06037294510,Census Tract 2945.10,037,4269,878,518230,0
06037294820,Census Tract 2948.20,037,3279,469,383486,0
06037294900,Census Tract 2949,037,3902,521,644545,0
06037296210,Census Tract 2962.10,037,3355,674,559516,0
06037296300,Census Tract 2963,037,5111,764,1062647,0
06037294610,Census Tract 2946.10,037,4312,790,823808,0
06037460200,Census Tract 4602,037,5542,1133,3186616,1899
06037460301,Census Tract 4603.01,037,4408,628,4905569,13382
06037460302,Census Tract 4603.02,037,4479,878,1312594,0
06033000501,Census Tract 5.01,033,3373,591,380085735,35139567
06037400602,Census Tract 4006.02,037,4366,571,1541334,1766
06037275311,Census Tract 2753.11,037,5234,575,1255305,37063
06037275400,Census Tract 2754,037,4336,936,750990,0
06071001400,Census Tract 14,071,3457,603,1145117,0
06073018000,Census Tract 180,073,3452,437,1287198,498824
06037296500,Census Tract 2965,037,3756,519,902420,6249
06037297120,Census Tract 2971.20,037,3519,486,426006,0
06037297300,Census Tract 2973,037,2081,271,1231963,1164971
06037297400,Census Tract 2974,037,3695,423,2092347,955977
06073008365,Census Tract 83.65,073,2573,326,2300052,0
06073014805,Census Tract 148.05,073,5131,579,1297579,0
06037407001,Census Tract 4070.01,037,5425,760,976187,15892
06037407002,Census Tract 4070.02,037,3639,478,2938927,252971
06037407102,Census Tract 4071.02,037,5487,572,922628,0
06037407301,Census Tract 4073.01,037,3706,537,989555,0
06059075504,Census Tract 755.04,059,4185,505,2015181,0
06037430701,Census Tract 4307.01,037,4775,618,2977806,13098
06085508403,Census Tract 5084.03,085,3176,537,1272926,0
06073010011,Census Tract 100.11,073,4006,953,885029,0
06073018400,Census Tract 184,073,3587,441,1286446,27604
06073018509,Census Tract 185.09,073,5559,784,2039856,0
06113011400,Census Tract 114,113,4428,689,567488758,3823979
06073018512,Census Tract 185.12,073,3719,664,2304128,9988
06073018515,Census Tract 185.15,073,5116,833,4117850,0
06037403408,Census Tract 4034.08,037,6156,627,3158643,0
06037407400,Census Tract 4074,037,1744,349,607630,0
06037407701,Census Tract 4077.01,037,4311,469,1141957,0
06037407702,Census Tract 4077.02,037,6642,830,2000942,905
06037430721,Census Tract 4307.21,037,3354,398,4091501,0
06037430803,Census Tract 4308.03,037,5215,588,2277699,0
06037431002,Census Tract 4310.02,037,3146,321,1350081,3559
06037460502,Census Tract 4605.02,037,4711,797,2614173,0
06075017602,Census Tract 176.02,075,3560,850,273225,0
06075061503,Census Tract 615.03,075,3552,631,234864,0
06075060703,Census Tract 607.03,075,6388,1465,308511,38184
06075061402,Census Tract 614.02,075,2760,441,393751,0
06075061502,Census Tract 615.02,075,2500,587,215314,0
06075017903,Census Tract 179.03,075,2429,417,2502565,2519031
06075045201,Census Tract 452.01,075,3045,309,353928,0
06075035102,Census Tract 351.02,075,3755,479,543295,0
06029003305,Census Tract 33.05,029,3477,955,40137955,5718
06029005203,Census Tract 52.03,029,4308,732,915281636,10761278
06029005508,Census Tract 55.08,029,4878,799,184103303,63269
06029006006,Census Tract 60.06,029,4167,704,46058618,4082
06029006303,Census Tract 63.03,029,5437,671,3974321,0
06029006500,Census Tract 65,029,3728,460,2028933127,1216667
06071000103,Census Tract 1.03,071,3983,340,2844033,0
06071000105,Census Tract 1.05,071,5486,471,5776985,0
06025012400,Census Tract 124,025,835,250,5771544600,214373967
06025010200,Census Tract 102,025,2286,507,187539094,36114014
06025010300,Census Tract 103,025,769,264,467742083,338212
06025011100,Census Tract 111,025,3167,552,201633566,146453
06025010800,Census Tract 108,025,1332,306,289980885,0
06025012301,Census Tract 123.01,025,3994,309,2371118116,0
06025010900,Census Tract 109,025,6452,393,16189647,11902
06025940000,Census Tract 9400,025,1701,302,114035553,3024509
06037408133,Census Tract 4081.33,037,5822,1015,1056841,0
06025011600,Census Tract 116,025,6700,1089,2046740,0
06025011700,Census Tract 117,025,4800,896,2004782,0
06025011801,Census Tract 118.01,025,3665,467,3265947,0
06025011802,Census Tract 118.02,025,4804,749,1729033,0
06037400304,Census Tract 4003.04,037,8516,1023,3137013,4532
06075980600,Census Tract 9806,075,1295,182,2069958,2078453
06071000107,Census Tract 1.07,071,2765,216,1411508,0
06071000108,Census Tract 1.08,071,6123,1323,2879342,0
06037276000,Census Tract 2760,037,6626,692,2338438,0
06037276400,Census Tract 2764,037,4233,570,1275965,0
06037276500,Census Tract 2765,037,5464,243,1191958,0
06037402501,Census Tract 4025.01,037,5394,677,1015920,0
06037402702,Census Tract 4027.02,037,5009,598,1498495,0
06081606800,Census Tract 6068,081,3559,514,2887440,0
06037277400,Census Tract 2774,037,0,14,638940,0
06037240020,Census Tract 2400.20,037,5324,889,719816,0
06037533103,Census Tract 5331.03,037,3313,419,543830,0
06037402703,Census Tract 4027.03,037,5443,1445,1070958,0
06037403702,Census Tract 4037.02,037,4281,670,1706609,5480
06037403703,Census Tract 4037.03,037,4848,707,2159660,0
06037403721,Census Tract 4037.21,037,5669,893,1897377,1687
06037403722,Census Tract 4037.22,037,5564,725,1803301,0
06085506804,Census Tract 5068.04,085,4377,673,1542091,0
06073004300,Census Tract 43,073,4181,557,1018275,0
06073004400,Census Tract 44,073,4033,530,938768,0
06073004600,Census Tract 46,073,2046,375,386852,0
06073004700,Census Tract 47,073,1538,303,348490,0
06073004800,Census Tract 48,073,3272,631,563383,0
06073004900,Census Tract 49,073,5366,856,791058,0
06073009102,Census Tract 91.02,073,4204,830,980655,0
06073009104,Census Tract 91.04,073,3064,339,1710839,0
06073009107,Census Tract 91.07,073,5266,710,806733,0
06081606000,Census Tract 6060,081,5538,751,767869,3615
06081609100,Census Tract 6091,081,1541,183,3331093,2037
06081610304,Census Tract 6103.04,081,4444,631,2995727,757523
06081606100,Census Tract 6061,081,4967,794,2567202,2677425
06081606300,Census Tract 6063,081,3898,463,1019000,0
06081606400,Census Tract 6064,081,4506,666,916559,0
06081603900,Census Tract 6039,081,5716,880,1971407,0
06081613200,Census Tract 6132,081,6481,590,40192072,143548
06095253203,Census Tract 2532.03,095,3992,388,1833888,0
06095253402,Census Tract 2534.02,095,8302,588,16728313,22211
06095252903,Census Tract 2529.03,095,4848,684,227823174,822751
06089012400,Census Tract 124,089,3211,473,1581283327,23851285
06081610202,Census Tract 6102.02,081,5064,356,1706723,22375
06081603400,Census Tract 6034,081,5306,599,11576466,0
06081611800,Census Tract 6118,081,4822,689,4543407,1540578
06081608100,Census Tract 6081,081,3325,353,725108,124675
06081613300,Census Tract 6133,081,2801,326,9295389,0
06081607300,Census Tract 6073,081,3511,504,1294024,0
06081613600,Census Tract 6136,081,5600,1036,20738364,6143667
06081600100,Census Tract 6001,081,5295,345,14589873,2117985
06081603100,Census Tract 6031,081,3377,449,7276055,1056576
06081605600,Census Tract 6056,081,6204,548,8587671,0
06081604600,Census Tract 6046,081,2587,287,1422218,0
06073005500,Census Tract 55,073,290,116,440380,0
06073005700,Census Tract 57,073,2451,231,272352,0
06073009201,Census Tract 92.01,073,6288,915,1703797,0
06073009301,Census Tract 93.01,073,5084,1088,1579690,0
06073009506,Census Tract 95.06,073,4366,414,1523977,0
06073009602,Census Tract 96.02,073,4016,532,1933438,0
06081606500,Census Tract 6065,081,3544,382,1430267,0
06081606600,Census Tract 6066,081,3479,372,1119340,0
06081606700,Census Tract 6067,081,2485,253,1955326,0
06081606900,Census Tract 6069,081,2496,382,3436894,0
06053990000,Census Tract 9900,053,0,14,0,1141747446
06081600600,Census Tract 6006,081,4480,924,769391,0
06081601100,Census Tract 6011,081,6162,730,976408,0
06081601200,Census Tract 6012,081,6988,1039,1961782,0
06081613502,Census Tract 6135.02,081,5806,831,24118359,2262242
06053011303,Census Tract 113.03,053,3954,715,611303820,6029809
06053011802,Census Tract 118.02,053,1753,455,1687736,420729
06053014800,Census Tract 148,053,5831,794,277354571,316741
06081612900,Census Tract 6129,081,4517,515,1591316,0
06081605700,Census Tract 6057,081,4929,547,8068890,0
06053014700,Census Tract 147,053,7052,1015,30741925,468304
06055201402,Census Tract 2014.02,055,2555,452,31907018,103808
06055201403,Census Tract 2014.03,055,565,243,236012977,2175542
06055201101,Census Tract 2011.01,055,1958,239,1730353,0
06055201005,Census Tract 2010.05,055,2650,291,29356254,9617368
06055201401,Census Tract 2014.01,055,2534,401,102672329,407924
06079010016,Census Tract 100.16,079,5532,861,274161897,89806
06019001407,Census Tract 14.07,019,4515,655,1292432,0
06019003104,Census Tract 31.04,019,4775,670,9931198,40460
06019005805,Census Tract 58.05,019,10834,985,12661790,0
06097151800,Census Tract 1518,097,4781,559,2522624,0
06075015701,Census Tract 157.01,075,4777,488,479211,0
06075015402,Census Tract 154.02,075,2688,575,327153,0
06075015702,Census Tract 157.02,075,3080,676,357460,0
06075016602,Census Tract 166.02,075,1912,422,138982,0
06075016601,Census Tract 166.01,075,2836,484,204186,0
06075012504,Census Tract 125.04,075,693,220,26295,0
06075020102,Census Tract 201.02,075,3463,874,140244,0
06073006000,Census Tract 60,073,4964,498,1009025,0
06073006100,Census Tract 61,073,2115,369,892124,0
06073006300,Census Tract 63,073,2038,118,1590102,0
06073009603,Census Tract 96.03,073,6548,803,1730684,0
06073009604,Census Tract 96.04,073,3532,472,1828018,0
06073009703,Census Tract 97.03,073,3565,309,1655643,0
06073009705,Census Tract 97.05,073,3868,341,2414773,0
06073009801,Census Tract 98.01,073,5311,870,2091796,0
06073011802,Census Tract 118.02,073,7019,930,952662,0
06081607100,Census Tract 6071,081,2726,645,1242286,0
06081607200,Census Tract 6072,081,4697,679,1008532,0
06053010306,Census Tract 103.06,053,1390,404,60784378,1787793
06053010804,Census Tract 108.04,053,5046,632,119546801,7445606
06053000701,Census Tract 7.01,053,5396,870,628364,0
06053014601,Census Tract 146.01,053,5074,857,43429917,4044182
06053011101,Census Tract 111.01,053,730,220,484960145,2391543
06053011502,Census Tract 115.02,053,1741,501,651025602,19890256
06053011604,Census Tract 116.04,053,1777,462,95581515,2440594
06081607400,Census Tract 6074,081,4662,700,1133446,0
06081607500,Census Tract 6075,081,6569,659,1962254,0
06013304002,Census Tract 3040.02,013,1903,911,85051380,11433541
06087990100,Census Tract 9901,087,0,14,0,388534247
06071009119,Census Tract 91.19,071,7067,1088,63966893,0
06071000118,Census Tract 1.18,071,4731,566,14235976,42223
06071009109,Census Tract 91.09,071,7459,1290,54452185,0
06075020802,Census Tract 208.02,075,2188,450,138386,0
06075020801,Census Tract 208.01,075,3767,762,207712,0
06075061401,Census Tract 614.01,075,2815,506,413811,0
06075020702,Census Tract 207.02,075,1995,243,138854,0
06075060702,Census Tract 607.02,075,2608,315,544134,4369
06073006600,Census Tract 66,073,2032,299,509276,0
06073006900,Census Tract 69,073,6093,1048,1820435,0
06073007002,Census Tract 70.02,073,3025,294,1443429,0
06073009804,Census Tract 98.04,073,5636,777,1893308,0
06073009805,Census Tract 98.05,073,4356,360,7475427,0
06073010001,Census Tract 100.01,073,3869,716,2103617,0
06073010003,Census Tract 100.03,073,4876,840,1278418,0
06073010004,Census Tract 100.04,073,4665,1126,1411205,0
06073012002,Census Tract 120.02,073,3658,608,568096,0
06073012003,Census Tract 120.03,073,2931,437,1096291,0
06073012101,Census Tract 121.01,073,2139,413,692658,0
06081607701,Census Tract 6077.01,081,4609,602,1231412,0
06081607702,Census Tract 6077.02,081,2863,362,619407,0
06081607800,Census Tract 6078,081,3328,384,1034694,29260
06081607900,Census Tract 6079,081,3089,316,1335448,292996
06081608002,Census Tract 6080.02,081,3665,440,850705,302827
06091010000,Census Tract 100,091,2746,239,2468694578,23299110
06037402904,Census Tract 4029.04,037,3636,509,1908562,0
06075012001,Census Tract 120.01,075,1746,488,62922,0
06075010101,Census Tract 101.01,075,1911,285,667587,676264
06075010102,Census Tract 101.02,075,1917,339,79556,0
06075060701,Census Tract 607.01,075,8602,801,1166810,869383
06075033001,Census Tract 330.01,075,3911,589,575942,0
06075033002,Census Tract 330.02,075,4015,542,931475,8871
06075031401,Census Tract 314.01,075,2533,396,329171,0
06075025501,Census Tract 255.01,075,4235,1414,536658,0
06075010202,Census Tract 102.02,075,1839,311,331839,295796
06075061504,Census Tract 615.04,075,2133,528,95344,0
06075061507,Census Tract 615.07,075,1387,223,336431,299328
06075025502,Census Tract 255.02,075,3739,624,540288,0
06075016101,Census Tract 161.01,075,2426,506,122728,0
06075990200,Census Tract 9902,075,0,14,0,121097323
06075016102,Census Tract 161.02,075,2989,494,246170,0
06075012801,Census Tract 128.01,075,2568,578,298228,0
06075010402,Census Tract 104.02,075,1924,254,193510,0
06075061101,Census Tract 611.01,075,1723,504,197478,0
06075047904,Census Tract 479.04,075,3077,635,774489,4096057
06075061102,Census Tract 611.02,075,1982,349,42382,0
06075061501,Census Tract 615.01,075,1862,483,416352,0
06075012403,Census Tract 124.03,075,2481,648,45994,0
06075047903,Census Tract 479.03,075,3348,596,392133,0
06075035101,Census Tract 351.01,075,3748,941,382398,0
06075061506,Census Tract 615.06,075,4429,993,112895,0
06075061505,Census Tract 615.05,075,925,128,21283,0
06075045202,Census Tract 452.02,075,3332,829,238296,0
06075012406,Census Tract 124.06,075,1529,254,62825,0
06075012404,Census Tract 124.04,075,2714,453,45978,0
06075017604,Census Tract 176.04,075,3965,401,111719,0
06075015401,Census Tract 154.01,075,3205,380,392339,0
06075010901,Census Tract 109.01,075,2067,334,122908,0
06075012204,Census Tract 122.04,075,2571,554,46065,0
06075015202,Census Tract 152.02,075,2413,631,186159,0
06075010902,Census Tract 109.02,075,2589,528,127739,0
06075015201,Census Tract 152.01,075,1615,203,93037,0
06075020701,Census Tract 207.01,075,3357,591,208251,0
06075011001,Census Tract 110.01,075,2402,421,118009,0
06075011102,Census Tract 111.02,075,2207,436,125690,0
06075012002,Census Tract 120.02,075,2126,377,62307,0
06075010401,Census Tract 104.01,075,2427,739,142234,0
06075010701,Census Tract 107.01,075,3021,616,97964,0
06075010702,Census Tract 107.02,075,1398,257,85204,0
06075011002,Census Tract 110.02,075,1992,449,121170,0
06075012203,Census Tract 122.03,075,1524,386,45984,0
06075031402,Census Tract 314.02,075,4199,697,441372,0
06075013401,Census Tract 134.01,075,1390,295,177880,0
06075013402,Census Tract 134.02,075,2420,400,176296,0
06075012802,Census Tract 128.02,075,1855,334,199611,0
06075013002,Census Tract 130.02,075,2843,650,184367,0
06075020202,Census Tract 202.02,075,3979,529,197727,0
06075020601,Census Tract 206.01,075,3007,504,321062,0
06075020201,Census Tract 202.01,075,1905,369,140617,0
06075061508,Census Tract 615.08,075,2307,337,214282,165959
06075013001,Census Tract 130.01,075,1427,250,181456,0
06075010201,Census Tract 102.01,075,2650,532,186873,0
06075011101,Census Tract 111.01,075,2477,413,121412,0
06073007200,Census Tract 72,073,5779,373,2805781,709604
06073007302,Census Tract 73.02,073,2610,406,834938,0
06073007501,Census Tract 75.01,073,3944,700,1033819,0
06073007502,Census Tract 75.02,073,2952,340,672609,186646
06073010009,Census Tract 100.09,073,5298,810,4035019,302
06073010010,Census Tract 100.10,073,4710,604,1169863,0
06073010013,Census Tract 100.13,073,5259,870,896530,0
06073010106,Census Tract 101.06,073,4605,567,1337615,0
06073010107,Census Tract 101.07,073,5645,760,2326374,0
06073012102,Census Tract 121.02,073,2708,451,1126797,0
06073012302,Census Tract 123.02,073,1462,196,407516,0
06073012304,Census Tract 123.04,073,4665,948,1232345,0
06037275200,Census Tract 2752,037,3686,538,462852,1250
06037702801,Census Tract 7028.01,037,5479,1038,1194168,0
06037226420,Census Tract 2264.20,037,4928,834,426940,0
06073012402,Census Tract 124.02,073,5604,832,896879,0
06081608023,Census Tract 6080.23,081,2348,310,805954,119028
06081608200,Census Tract 6082,081,3606,429,1018269,114412
06081608300,Census Tract 6083,081,3305,420,1002073,541758
06081608400,Census Tract 6084,081,5129,897,1251238,404164
06081608501,Census Tract 6085.01,081,5050,1038,1247551,0
06081608502,Census Tract 6085.02,081,2623,311,507265,0
06037219010,Census Tract 2190.10,037,3108,602,440857,0
06037530006,Census Tract 5300.06,037,4679,608,659020,1580
06037209520,Census Tract 2095.20,037,2228,376,231175,0
06037208720,Census Tract 2087.20,037,3267,530,164736,0
06037208710,Census Tract 2087.10,037,4519,775,170380,0
06037404902,Census Tract 4049.02,037,3095,375,691898,0
06037481401,Census Tract 4814.01,037,5030,601,1206575,0
06037190901,Census Tract 1909.01,037,3673,455,490199,0
06037189702,Census Tract 1897.02,037,2459,434,1458586,0
06037143700,Census Tract 1437,037,3633,411,3287546,0
06037181300,Census Tract 1813,037,4166,531,1441053,0
06037300901,Census Tract 3009.01,037,5478,651,6947856,3868
06073008002,Census Tract 80.02,073,2689,351,1091590,0
06073010110,Census Tract 101.10,073,7030,916,2185931,0
06073010111,Census Tract 101.11,073,3786,742,605556,0
06073010112,Census Tract 101.12,073,5123,828,802041,0
06073010300,Census Tract 103,073,3884,614,1120022,0
06073010401,Census Tract 104.01,073,2197,439,406073,0
06073012600,Census Tract 126,073,4654,706,3043395,4112898
06073012700,Census Tract 127,073,4956,727,1138948,0
06073012800,Census Tract 128,073,3737,578,1034933,0
06073012900,Census Tract 129,073,3643,618,1372423,0
06073013000,Census Tract 130,073,5469,694,1627337,0
06081608600,Census Tract 6086,081,4484,582,1693101,12648
06081608700,Census Tract 6087,081,7142,637,2511915,0
06081609000,Census Tract 6090,081,2983,423,1364621,0
06081609300,Census Tract 6093,081,3428,339,953571,0
06073008101,Census Tract 81.01,073,3511,609,1166816,307276
06073008102,Census Tract 81.02,073,3591,568,1373398,530975
06073008301,Census Tract 83.01,073,3190,309,2354725,0
06073008306,Census Tract 83.06,073,2711,271,2729540,0
06073010402,Census Tract 104.02,073,5528,571,686694,0
06073010501,Census Tract 105.01,073,1265,188,438292,37960
06073010502,Census Tract 105.02,073,5892,673,1059117,0
06073010601,Census Tract 106.01,073,2043,306,4387513,7270002
06073013205,Census Tract 132.05,073,2195,342,1777328,4485
06073013102,Census Tract 131.02,073,7058,1091,1986983,0
06073013103,Census Tract 131.03,073,2435,516,1818747,671249
06073013104,Census Tract 131.04,073,5735,877,977893,0
06073013203,Census Tract 132.03,073,6018,943,1115935,0
06073013204,Census Tract 132.04,073,4334,723,802292,0
06081609900,Census Tract 6099,081,2955,587,1259961,0
06081610000,Census Tract 6100,081,4477,752,1375797,0
06081610100,Census Tract 6101,081,2524,316,504286,0
06081610201,Census Tract 6102.01,081,5596,1035,1447140,0
06073010109,Census Tract 101.09,073,4234,885,12019277,904239
06073008307,Census Tract 83.07,073,4355,771,2174523,0
06073008327,Census Tract 83.27,073,6039,725,6322436,1739
06073008330,Census Tract 83.30,073,5321,751,1533483,0
06073010900,Census Tract 109,073,1658,291,1263078,96295
06073011000,Census Tract 110,073,2922,427,850262,151174
06073011100,Census Tract 111,073,3641,567,908114,88613
06073013306,Census Tract 133.06,073,4156,490,1295112,0
06073013206,Census Tract 132.06,073,6087,768,1589052,0
06073013301,Census Tract 133.01,073,4863,710,1675720,0
06073013302,Census Tract 133.02,073,6832,2616,1399724,0
06073013303,Census Tract 133.03,073,4703,558,1382343,0
06081610203,Census Tract 6102.03,081,2594,379,602056,0
06081610303,Census Tract 6103.03,081,7229,495,3457170,1538235
06081610400,Census Tract 6104,081,5447,905,1009614,0
06081610500,Census Tract 6105,081,4404,827,1171321,0
06081610601,Census Tract 6106.01,081,5919,1445,917086,0
06081610602,Census Tract 6106.02,081,2777,423,1095152,0
06095250400,Census Tract 2504,095,3783,477,1097197,0
06095250501,Census Tract 2505.01,095,2515,393,1299785,0
06095250502,Census Tract 2505.02,095,3176,502,1869501,7011
06095250601,Census Tract 2506.01,095,4537,600,2392508,28927
06037430200,Census Tract 4302,037,1041,139,5160049,3236
06065042516,Census Tract 425.16,065,3762,473,973130,0
06065042716,Census Tract 427.16,065,5842,572,2698784,711913
06065042717,Census Tract 427.17,065,6307,1239,6425165,145210
06065042902,Census Tract 429.02,065,4774,877,43393952,0
06065042903,Census Tract 429.03,065,5213,673,44642454,0
06065043006,Census Tract 430.06,065,4837,784,7319190,0
06065043206,Census Tract 432.06,065,8075,957,5118245,0
06065043216,Census Tract 432.16,065,7083,923,5112920,0
06065043217,Census Tract 432.17,065,3516,626,3257957,0
06065042300,Census Tract 423,065,10814,1329,9806891,0
06065042511,Census Tract 425.11,065,4573,600,1612410,0
06001401700,Census Tract 4017,001,3626,527,5751455,5771096
06089010200,Census Tract 102,089,2285,483,2577165,805484
06073014602,Census Tract 146.02,073,5155,562,2730705,0
06073011300,Census Tract 113,073,2304,183,9941961,1638923
06073008511,Census Tract 85.11,073,5607,980,15213058,0
06073013601,Census Tract 136.01,073,5214,758,3241324,0
06073017048,Census Tract 170.48,073,6422,634,3782337,0
06073009507,Census Tract 95.07,073,4056,612,4068786,0
06073007800,Census Tract 78,073,5853,938,1988033,9684
06073008503,Census Tract 85.03,073,7840,1710,3679207,0
06073009902,Census Tract 99.02,073,0,14,72928,13725969
06073020304,Census Tract 203.04,073,6153,727,13882063,0
06073015502,Census Tract 155.02,073,3013,385,25859800,7874
06073021202,Census Tract 212.02,073,3238,541,179834731,225535
06073016201,Census Tract 162.01,073,5537,631,4753993,0
06037980008,Census Tract 9800.08,037,106,158,3369161,0
06037278102,Census Tract 2781.02,037,2917,354,1677533,1611460
06037294301,Census Tract 2943.01,037,2685,356,713041,0
06037294302,Census Tract 2943.02,037,4435,566,840310,0
06037294421,Census Tract 2944.21,037,2410,604,673257,0
06037294701,Census Tract 2947.01,037,2987,379,1753940,0
06037296401,Census Tract 2964.01,037,3120,490,986904,1098
06037101400,Census Tract 1014,037,4006,503,6310056,0
06073018510,Census Tract 185.10,073,3042,389,1992058,5513
06073019803,Census Tract 198.03,073,5783,626,3798709,0
06073015302,Census Tract 153.02,073,4518,458,3394348,0
06073010104,Census Tract 101.04,073,3107,634,1613548,0
06073017601,Census Tract 176.01,073,5143,558,7999055,727228
06073016606,Census Tract 166.06,073,3704,525,2721178,29197
06073019002,Census Tract 190.02,073,4928,551,37789655,153174
06073008501,Census Tract 85.01,073,5923,982,3039525,0
06073003601,Census Tract 36.01,073,3151,908,898925,0
06073013411,Census Tract 134.11,073,4958,455,4772600,0
06037573601,Census Tract 5736.01,037,6300,584,3735095,1760
06073002703,Census Tract 27.03,073,7111,1248,1961423,0
06037900103,Census Tract 9001.03,037,6500,969,19978282,4216
06037900104,Census Tract 9001.04,037,6551,925,42350292,253397
06037900505,Census Tract 9005.05,037,4240,684,1310990,0
06037900506,Census Tract 9005.06,037,5116,586,1307748,0
06037900608,Census Tract 9006.08,037,3967,761,1338061,0
06075990100,Census Tract 9901,075,0,14,0,70939179
06061021045,Census Tract 210.45,061,3475,448,1571090,0
06073003109,Census Tract 31.09,073,3256,643,1093829,0
06073003111,Census Tract 31.11,073,6194,878,1437507,0
06073003112,Census Tract 31.12,073,4261,626,1510332,0
06073003113,Census Tract 31.13,073,4701,509,1587404,0
06061022400,Census Tract 224,061,4731,414,3109922,0
06061023900,Census Tract 239,061,3361,391,4164426,0
06061023200,Census Tract 232,061,6255,562,12864744,48051
06037183402,Census Tract 1834.02,037,3183,382,513459,0
06037183701,Census Tract 1837.01,037,3351,490,550875,0
06037183702,Census Tract 1837.02,037,2905,460,862390,30058
06037186201,Census Tract 1862.01,037,3187,900,522020,0
06037186203,Census Tract 1862.03,037,2509,271,842698,0
06037186302,Census Tract 1863.02,037,4958,687,1685260,0
06037296402,Census Tract 2964.02,037,3247,442,1045964,0
06037296902,Census Tract 2969.02,037,4306,539,493111,0
06037297202,Census Tract 2972.02,037,4238,673,575787,0
06037297601,Census Tract 2976.01,037,3579,569,771120,1781231
06037297602,Census Tract 2976.02,037,3540,422,622070,0
06037104204,Census Tract 1042.04,037,3577,561,2660594,3735
06037106645,Census Tract 1066.45,037,3143,585,2527932,0
06037121102,Census Tract 1211.02,037,2436,240,7462900,76989
06037124104,Census Tract 1241.04,037,2780,492,324444,0
06073007701,Census Tract 77.01,073,3948,800,568639,0
06073007907,Census Tract 79.07,073,3085,443,469802,0
06073021600,Census Tract 216,073,2985,424,3175679,12103256
06073021800,Census Tract 218,073,1937,282,1433677,0
06037406702,Census Tract 4067.02,037,6885,898,2783380,39521
06037302505,Census Tract 3025.05,037,3962,753,535998,0
06037302506,Census Tract 3025.06,037,3205,606,905398,853
06037400403,Census Tract 4004.03,037,4222,773,13123145,9188
06037576001,Census Tract 5760.01,037,6518,736,1797526,1348822
06089010703,Census Tract 107.03,089,4277,512,3412378,150797
06097990100,Census Tract 9901,097,0,14,0,381152626
06079010204,Census Tract 102.04,079,5307,557,3448771,0
06079011002,Census Tract 110.02,079,3206,594,5364873,0
06037186403,Census Tract 1864.03,037,2658,446,545640,0
06073022000,Census Tract 220,073,4529,832,730390,0
06073008003,Census Tract 80.03,073,3540,559,750638,0
06073008006,Census Tract 80.06,073,3870,515,952729,536849
06073008361,Census Tract 83.61,073,2798,361,564627,0
06073008362,Census Tract 83.62,073,3320,620,886226,0
06037186404,Census Tract 1864.04,037,2441,466,401149,0
06037187101,Census Tract 1871.01,037,3026,559,760497,27646
06037188201,Census Tract 1882.01,037,2994,310,753139,23077
06037189101,Census Tract 1891.01,037,2382,255,395232,0
06037189102,Census Tract 1891.02,037,3704,412,634459,0
06037189202,Census Tract 1892.02,037,3119,472,1034608,0
06037190802,Census Tract 1908.02,037,2797,441,486757,0
06037191301,Census Tract 1913.01,037,1993,376,273535,0
06037191302,Census Tract 1913.02,037,1780,283,422477,0
06037191901,Census Tract 1919.01,037,4328,750,773165,0
06037124902,Census Tract 1249.02,037,3074,647,338585,0
06037481605,Census Tract 4816.05,037,2811,364,764937,0
06037481606,Census Tract 4816.06,037,5002,640,862066,0
06037533703,Census Tract 5337.03,037,3730,523,563320,0
06019003302,Census Tract 33.02,019,4875,789,1298709,0
06019004901,Census Tract 49.01,019,4278,588,1707570,0
06019001303,Census Tract 13.03,019,2310,392,643426,0
06073009305,Census Tract 93.05,073,6104,978,1570752,0
06037500404,Census Tract 5004.04,037,4398,525,1172018,0
06037501001,Census Tract 5010.01,037,2901,510,716469,0
06037300301,Census Tract 3003.01,037,5914,816,6179910,19081
06037301205,Census Tract 3012.05,037,2154,359,773296,0
06037134905,Census Tract 1349.05,037,6371,1001,2586737,0
06073009306,Census Tract 93.06,073,5589,725,2846150,0
06073018613,Census Tract 186.13,073,3572,591,1412066,270885
06073009510,Census Tract 95.10,073,4109,1111,1649947,0
06073012501,Census Tract 125.01,073,3905,534,461086,0
06007002900,Census Tract 29,007,3018,471,6413660,1135694
06037543306,Census Tract 5433.06,037,6708,1024,3502948,67881
06037576301,Census Tract 5763.01,037,4897,700,548536,0
06037576903,Census Tract 5769.03,037,4048,439,324706,0
06037577504,Census Tract 5775.04,037,1223,224,405014,3618968
06037900609,Census Tract 9006.09,037,5262,703,2621752,0
06007000103,Census Tract 1.03,007,6275,599,3107258,0
06007000104,Census Tract 1.04,007,5444,822,2545089,0
06007000401,Census Tract 4.01,007,5590,887,4427177,0
06019000902,Census Tract 9.02,019,4914,564,1970502,0
06019001408,Census Tract 14.08,019,2110,197,1218708,0
06019001304,Census Tract 13.04,019,5364,963,1307803,0
06019000901,Census Tract 9.01,019,3143,512,1954599,0
06001433600,Census Tract 4336,001,6172,829,1581524,0
06037901009,Census Tract 9010.09,037,5457,626,2654222,0
06037901010,Census Tract 9010.10,037,5564,512,2658746,0
06037901011,Census Tract 9010.11,037,4830,537,2669162,2720
06037910504,Census Tract 9105.04,037,4046,783,1589442,0
06081613900,Census Tract 6139,081,5974,702,2726905,0
06037990100,Census Tract 9901,037,0,14,0,172776383
06019004215,Census Tract 42.15,019,4247,529,2698112,0
06073012502,Census Tract 125.02,073,4789,686,2812015,1531909
06073013420,Census Tract 134.20,073,3174,485,1933314,0
06073019808,Census Tract 198.08,073,4584,737,2158905,0
06073014901,Census Tract 149.01,073,4994,653,1716385,0
06037990300,Census Tract 9903,037,0,14,0,143362823
06037192002,Census Tract 1920.02,037,2680,308,858326,0
06037194401,Census Tract 1944.01,037,2579,331,465758,0
06037194402,Census Tract 1944.02,037,3397,458,589165,0
06037195201,Census Tract 1952.01,037,2980,333,600824,0
06037195202,Census Tract 1952.02,037,3280,409,877983,0
06037195804,Census Tract 1958.04,037,2475,383,335855,0
06037195901,Census Tract 1959.01,037,2446,377,290879,0
06037195902,Census Tract 1959.02,037,1839,384,331573,16124
06037195903,Census Tract 1959.03,037,2035,234,238077,0
06037201601,Census Tract 2016.01,037,2098,361,540413,0
06037201602,Census Tract 2016.02,037,2577,619,1065765,0
06073016503,Census Tract 165.03,073,2912,412,676051,0
06007000904,Census Tract 9.04,007,5959,791,4365226,81917
06007003001,Census Tract 30.01,007,2587,393,2307906,0
06007003502,Census Tract 35.02,007,4178,700,122146259,170793
06007000901,Census Tract 9.01,007,2946,429,16431728,22091
06007000903,Census Tract 9.03,007,5719,733,5964977,0
06089010704,Census Tract 107.04,089,4227,480,4663764,4446
06089010603,Census Tract 106.03,089,1054,224,21564408,310391
06089010807,Census Tract 108.07,089,4385,467,17563546,16295
06089011803,Census Tract 118.03,089,2366,424,89705157,15005543
06037141101,Census Tract 1411.01,037,4947,631,736754,22366
06037190202,Census Tract 1902.02,037,3001,420,211376,0
06037207103,Census Tract 2071.03,037,2024,235,324130,0
06037211704,Census Tract 2117.04,037,2879,432,184945,0
06037237102,Census Tract 2371.02,037,4015,534,459964,0
06037240401,Census Tract 2404.01,037,5550,783,693040,0
06037262704,Census Tract 2627.04,037,3481,434,1946779,528324
06037264102,Census Tract 2641.02,037,3061,398,396480,0
06037620305,Census Tract 6203.05,037,5844,942,1265579,1275093
06089011402,Census Tract 114.02,089,2892,299,2442946,0
06019004216,Census Tract 42.16,019,4794,697,3415656,140828
06019005804,Census Tract 58.04,019,5668,585,2511981,66767
06019001411,Census Tract 14.11,019,8191,1244,2509993,0
06019001412,Census Tract 14.12,019,4192,636,4800282,0
06019002904,Census Tract 29.04,019,3208,681,1307589,0
06019001409,Census Tract 14.09,019,2466,334,2487064,0
06019002905,Census Tract 29.05,019,2691,357,1240076,21509
06037621104,Census Tract 6211.04,037,6247,658,1048848,606445
06037621204,Census Tract 6212.04,037,2819,424,1143203,1028847
06037621324,Census Tract 6213.24,037,3252,864,639616,736749
06037621326,Census Tract 6213.26,037,3052,496,739747,963934
06037650004,Census Tract 6500.04,037,4337,840,755674,9874
06037650401,Census Tract 6504.01,037,4360,605,3507318,716
06037650901,Census Tract 6509.01,037,4920,542,3545230,0
06037570402,Census Tract 5704.02,037,3372,509,1417975,98017
06037570602,Census Tract 5706.02,037,5692,665,1042596,0
06037570603,Census Tract 5706.03,037,5038,597,734616,0
06037570701,Census Tract 5707.01,037,7323,1088,1771929,1953
06073016504,Census Tract 165.04,073,6521,990,1307293,0
06073007905,Census Tract 79.05,073,2674,396,571324,0
06073007910,Census Tract 79.10,073,3021,467,673876,325210
06073014902,Census Tract 149.02,073,3018,276,1551077,0
06073000201,Census Tract 2.01,073,2270,336,864211,0
06073002711,Census Tract 27.11,073,3645,457,1398125,54358
06037552302,Census Tract 5523.02,037,4005,1186,961503,0
06037553503,Census Tract 5535.03,037,2935,603,423254,0
06037571704,Census Tract 5717.04,037,3782,582,481587,0
06037573003,Census Tract 5730.03,037,1699,225,401152,46959
06037920044,Census Tract 9200.44,037,2684,370,972475,27696
06037990200,Census Tract 9902,037,0,14,0,207470372
06037570800,Census Tract 5708,037,5489,509,2390631,705
06037570901,Census Tract 5709.01,037,5549,663,1815597,0
06037570902,Census Tract 5709.02,037,3350,509,1055804,0
06037571000,Census Tract 5710,037,5505,596,1754175,0
06037571101,Census Tract 5711.01,037,5026,669,1323727,0
06037651302,Census Tract 6513.02,037,5847,970,2388217,0
06089012102,Census Tract 121.02,089,2255,363,10507081,386121
06089010803,Census Tract 108.03,089,5456,530,5043246,37443
06089011401,Census Tract 114.01,089,4265,575,2885916,22390
06089011801,Census Tract 118.01,089,3331,425,34926189,388131
06019003808,Census Tract 38.08,019,5249,870,4573430,0
06037262706,Census Tract 2627.06,037,3292,517,2303895,525442
06037980006,Census Tract 9800.06,037,0,14,2968039,400737
06037604002,Census Tract 6040.02,037,3805,434,650674,0
06037701304,Census Tract 7013.04,037,5965,752,2080500,250093
06037101122,Census Tract 1011.22,037,4124,876,2644045,0
06037104404,Census Tract 1044.04,037,3477,611,539620,0
06037104703,Census Tract 1047.03,037,2493,554,1168239,0
06037104704,Census Tract 1047.04,037,4570,718,1663127,0
06037106405,Census Tract 1064.05,037,4137,669,1171734,0
06037106407,Census Tract 1064.07,037,2229,311,232136,0
06037670413,Census Tract 6704.13,037,4897,565,2187328,0
06019004801,Census Tract 48.01,019,4644,711,1132687,41216
06019004902,Census Tract 49.02,019,2048,569,1000216,0
06019003301,Census Tract 33.01,019,3957,541,1307913,0
06019002906,Census Tract 29.06,019,4748,689,1373044,0
06073003304,Census Tract 33.04,073,3319,458,588933,0
06073007908,Census Tract 79.08,073,3215,523,459184,0
06073014806,Census Tract 148.06,073,3277,627,907577,0
06073008363,Census Tract 83.63,073,5631,592,254412,0
06037106648,Census Tract 1066.48,037,4517,546,792932,0
06037109603,Census Tract 1096.03,037,4068,998,998894,0
06037109604,Census Tract 1096.04,037,3052,495,1174875,0
06037111206,Census Tract 1112.06,037,4177,507,2611193,11548
06037113101,Census Tract 1131.01,037,3666,427,2265263,2714
06037278001,Census Tract 2780.01,037,2572,396,1614008,779
06037104403,Census Tract 1044.03,037,2410,377,693083,0
06037501803,Census Tract 5018.03,037,4804,932,592458,0
06037501804,Census Tract 5018.04,037,1969,311,532320,0
06073008364,Census Tract 83.64,073,4440,513,989248,0
06089011702,Census Tract 117.02,089,3510,381,4931676,14724
06089012101,Census Tract 121.01,089,5359,489,5634674,225584
06089011209,Census Tract 112.09,089,5221,727,3649081,0
06037502003,Census Tract 5020.03,037,2599,389,643593,0
06037502004,Census Tract 5020.04,037,3621,635,1334930,0
06037404201,Census Tract 4042.01,037,3562,471,927530,0
06037404504,Census Tract 4045.04,037,4856,758,672303,0
06037405301,Census Tract 4053.01,037,3053,403,825367,0
06037405302,Census Tract 4053.02,037,5927,788,1795072,0
06019005204,Census Tract 52.04,019,3932,532,1303842,0
06019004802,Census Tract 48.02,019,5026,603,1453400,0
06019003702,Census Tract 37.02,019,5759,1099,1463899,0
06019003807,Census Tract 38.07,019,2897,598,4418323,106471
06019003809,Census Tract 38.09,019,4519,764,2779433,0
06019003810,Census Tract 38.10,019,6274,835,2590142,0
06073008366,Census Tract 83.66,073,7106,1087,6034202,0
06073009511,Census Tract 95.11,073,4222,1040,1536193,0
06037117101,Census Tract 1171.01,037,5209,673,771813,7676
06037117201,Census Tract 1172.01,037,4032,648,791651,0
06037117407,Census Tract 1174.07,037,3410,453,198328,0
06037117408,Census Tract 1174.08,037,2588,321,376512,0
06037119342,Census Tract 1193.42,037,3017,472,219099,0
06037120103,Census Tract 1201.03,037,2793,343,138471,0
06037700102,Census Tract 7001.02,037,4237,598,490971,0
06037920118,Census Tract 9201.18,037,6019,656,2848141,0
06037402406,Census Tract 4024.06,037,4518,689,1167576,0
06047000301,Census Tract 3.01,047,5848,798,26179384,23715
06077005129,Census Tract 51.29,077,4266,760,1170111,0
06077005307,Census Tract 53.07,077,3188,500,1175182,0
06077002201,Census Tract 22.01,077,3930,766,2205709,0
06077002202,Census Tract 22.02,077,5168,570,2231398,0
06077003410,Census Tract 34.10,077,6634,856,1683135,1796
06037408006,Census Tract 4080.06,037,3970,449,3323281,0
06037430003,Census Tract 4300.03,037,4981,769,11942911,0
06037430301,Census Tract 4303.01,037,4426,667,24373515,73132
06037274202,Census Tract 2742.02,037,4286,566,952665,1272378
06047000505,Census Tract 5.05,047,7551,1116,45374109,0
06047000901,Census Tract 9.01,047,3482,397,764132657,5414068
06047000503,Census Tract 5.03,047,2489,353,117708803,399641
06047000303,Census Tract 3.03,047,2285,383,113098903,229036
06047001502,Census Tract 15.02,047,2363,316,864841,0
06077003407,Census Tract 34.07,077,2517,534,1450258,0
06071000826,Census Tract 8.26,071,4724,651,1699039,0
06071000824,Census Tract 8.24,071,5575,654,1442087,0
06071000818,Census Tract 8.18,071,6087,900,2854112,0
06071000904,Census Tract 9.04,071,4145,630,1137892,0
06071001104,Census Tract 11.04,071,5637,1131,1792399,0
06071000823,Census Tract 8.23,071,6417,633,1898548,0
06037113102,Census Tract 1131.02,037,2722,269,3653887,16997
06037115404,Census Tract 1154.04,037,2622,459,946611,6707
06037117202,Census Tract 1172.02,037,2786,440,1813873,0
06037119001,Census Tract 1190.01,037,4341,587,1016690,56537
06037119202,Census Tract 1192.02,037,4240,606,959137,10578
06037121801,Census Tract 1218.01,037,4126,669,485689,0
06037121802,Census Tract 1218.02,037,3442,393,950694,0
06037123901,Census Tract 1239.01,037,4289,751,1291196,0
06037125402,Census Tract 1254.02,037,4099,585,732971,0
06037480304,Census Tract 4803.04,037,4188,459,436639,0
06037533002,Census Tract 5330.02,037,2386,421,287767,0
06037536103,Census Tract 5361.03,037,5158,740,1180316,0
06037543322,Census Tract 5433.22,037,6750,1280,1964091,0
06037543400,Census Tract 5434,037,3565,531,2927301,180427
06037543501,Census Tract 5435.01,037,6069,660,2660821,6246
06037543502,Census Tract 5435.02,037,4813,977,1100396,21255
06071004507,Census Tract 45.07,071,5864,845,1884944,0
06071004509,Census Tract 45.09,071,4928,847,2117007,0
06071000503,Census Tract 5.03,071,4557,541,1292981,0
06071007110,Census Tract 71.10,071,5657,997,2500394,0
06067007426,Census Tract 74.26,067,2404,439,868096,0
06067007427,Census Tract 74.27,067,8313,1543,1971169,0
06067007429,Census Tract 74.29,067,5516,762,999192,0
06037502801,Census Tract 5028.01,037,6263,709,2225986,0
06037503105,Census Tract 5031.05,037,3358,391,1097005,13573
06037503106,Census Tract 5031.06,037,3820,560,924881,0
06037301801,Census Tract 3018.01,037,6185,486,712358,10923
06037301802,Census Tract 3018.02,037,5752,738,479026,0
06037302004,Census Tract 3020.04,037,3872,625,339800,0
06037302401,Census Tract 3024.01,037,6728,798,1371638,0
06037302503,Census Tract 3025.03,037,3935,474,326627,0
06037302504,Census Tract 3025.04,037,3295,427,377186,0
06037120104,Census Tract 1201.04,037,2367,390,453888,0
06037120107,Census Tract 1201.07,037,4018,757,202445,4839
06037120108,Census Tract 1201.08,037,4684,594,376444,10489
06047002301,Census Tract 23.01,047,10253,1587,8046626,0
06047001901,Census Tract 19.01,047,5213,1150,263303404,2049455
06047001902,Census Tract 19.02,047,2148,296,289613103,0
06047000601,Census Tract 6.01,047,5779,587,3924167,0
06047001503,Census Tract 15.03,047,5488,988,1246391,0
06067007430,Census Tract 74.30,067,7776,1097,1905259,0
06067007431,Census Tract 74.31,067,3452,573,1142219,0
06067007432,Census Tract 74.32,067,4785,535,1114430,0
06033000300,Census Tract 3,033,4079,528,99113569,5774181
06033000801,Census Tract 8.01,033,3402,560,2809860,724016
06115040301,Census Tract 403.01,115,4486,890,2716229,0
06037121101,Census Tract 1211.01,037,3108,501,472252,0
06037121221,Census Tract 1212.21,037,2173,327,504267,0
06037121222,Census Tract 1212.22,037,5396,795,1334916,0
06037124103,Census Tract 1241.03,037,1727,280,323950,0
06037124105,Census Tract 1241.05,037,2199,247,324541,0
06037124203,Census Tract 1242.03,037,2109,254,324254,0
06037124903,Census Tract 1249.03,037,3848,403,311405,0
06037127604,Census Tract 1276.04,037,3021,400,434538,0
06037127606,Census Tract 1276.06,037,3436,498,543715,0
06037127712,Census Tract 1277.12,037,4520,900,570010,0
06037131701,Census Tract 1317.01,037,4896,685,659667,0
06037134521,Census Tract 1345.21,037,2601,278,351788,0
06037135113,Census Tract 1351.13,037,3014,631,643588,0
06037137103,Census Tract 1371.03,037,4860,669,759715,0
06037408136,Census Tract 4081.36,037,3620,450,1009037,0
06037571300,Census Tract 5713,037,4685,485,2043457,43182
06037571400,Census Tract 5714,037,4779,516,1911366,7783
06037571502,Census Tract 5715.02,037,5022,820,1374550,2381
06037571600,Census Tract 5716,037,2384,451,288944,0
06037571701,Census Tract 5717.01,037,5653,1469,1718909,194866
06037571800,Census Tract 5718,037,3005,565,2655771,184371
06071001002,Census Tract 10.02,071,5521,687,1203162,0
06071000208,Census Tract 2.08,071,3832,346,1300363,0
06071000205,Census Tract 2.05,071,4525,672,1621772,0
06071001001,Census Tract 10.01,071,5148,733,1445442,0
06071000207,Census Tract 2.07,071,4792,1238,1267405,0
06071001504,Census Tract 15.04,071,4975,669,1283698,0
06037408138,Census Tract 4081.38,037,4893,667,894992,0
06037408139,Census Tract 4081.39,037,4033,735,784402,0
06037408724,Census Tract 4087.24,037,5389,710,533587,0
06037980020,Census Tract 9800.20,037,0,14,8531857,0
06075020402,Census Tract 204.02,075,4061,481,590505,0
06037571900,Census Tract 5719,037,6378,1094,1935159,0
06037572001,Census Tract 5720.01,037,5836,769,1696181,0
06037670001,Census Tract 6700.01,037,3316,443,939137,0
06037670002,Census Tract 6700.02,037,3175,343,866932,0
06037670003,Census Tract 6700.03,037,6034,578,1496095,0
06071006204,Census Tract 62.04,071,4414,585,1129808,0
06071006203,Census Tract 62.03,071,5555,800,1294475,0
06071006601,Census Tract 66.01,071,4576,596,2069669,0
06067008505,Census Tract 85.05,067,1882,160,1223168,0
06067008507,Census Tract 85.07,067,3969,595,3641570,0
06075980900,Census Tract 9809,075,439,157,3602295,258160
06013336202,Census Tract 3362.02,013,5458,1061,687628,0
06037542104,Census Tract 5421.04,037,4141,926,580615,0
06037552301,Census Tract 5523.01,037,3955,329,1249185,0
06067008704,Census Tract 87.04,067,3552,439,1803853,0
06067009010,Census Tract 90.10,067,6830,1309,4887873,0
06067009329,Census Tract 93.29,067,2968,300,2002892,0
06067009331,Census Tract 93.31,067,7741,1032,2607206,0
06037573004,Census Tract 5730.04,037,5127,976,410913,0
06037576904,Census Tract 5769.04,037,3330,518,366088,0
06037208302,Census Tract 2083.02,037,4577,656,439970,0
06037208401,Census Tract 2084.01,037,3782,580,229676,0
06037208402,Census Tract 2084.02,037,2608,446,340750,0
06037208502,Census Tract 2085.02,037,3242,376,261043,0
06037208801,Census Tract 2088.01,037,3525,503,234245,34211
06037209103,Census Tract 2091.03,037,3004,511,124015,0
06037209104,Census Tract 2091.04,037,2566,261,69958,0
06037310201,Census Tract 3102.01,037,5063,887,1100128,0
06037310202,Census Tract 3102.02,037,4684,497,906909,0
06037310501,Census Tract 3105.01,037,3582,519,1965650,0
06037310601,Census Tract 3106.01,037,6426,1061,1027668,0
06037533803,Census Tract 5338.03,037,5597,694,787721,0
06037533804,Census Tract 5338.04,037,3520,513,514922,0
06037533901,Census Tract 5339.01,037,5172,503,762871,0
06115040302,Census Tract 403.02,115,1994,446,2839680,52997
06011000200,Census Tract 2,011,5307,497,216001760,879693
06011000500,Census Tract 5,011,2326,354,170073973,4372583
06011000100,Census Tract 1,011,5151,590,565819929,1560788
06011000400,Census Tract 4,011,2411,421,1075605226,7687727
06037310602,Census Tract 3106.02,037,2651,374,890969,0
06037320201,Census Tract 3202.01,037,3939,1046,919232,0
06037320202,Census Tract 3202.02,037,5863,898,1615112,0
06037120105,Census Tract 1201.05,037,2684,391,550918,0
06037139401,Census Tract 1394.01,037,2606,320,907259,0
06037543905,Census Tract 5439.05,037,4602,732,2742579,1393
06037544001,Census Tract 5440.01,037,4354,529,1853486,18703
06037544002,Census Tract 5440.02,037,3758,1010,1598255,0
06037550201,Census Tract 5502.01,037,3072,438,529315,0
06037533902,Census Tract 5339.02,037,4415,877,761152,0
06037534001,Census Tract 5340.01,037,5036,682,784921,0
06067009201,Census Tract 92.01,067,6824,693,56006172,11789
06067007106,Census Tract 71.06,067,6813,667,6438494,42362
06067008703,Census Tract 87.03,067,5206,745,5486609,301122
06067005509,Census Tract 55.09,067,1935,291,321947,0
06067008508,Census Tract 85.08,067,12300,1039,18891783,34848
06067009328,Census Tract 93.28,067,6379,544,3193246,0
06067003204,Census Tract 32.04,067,6289,867,1599384,0
06067009332,Census Tract 93.32,067,1742,273,7870005,0
06067009634,Census Tract 96.34,067,5195,596,1180152,0
06101050702,Census Tract 507.02,101,6573,665,105127322,387595
06101050403,Census Tract 504.03,101,3204,424,7684203,528051
06037550202,Census Tract 5502.02,037,5130,517,1260099,0
06037550601,Census Tract 5506.01,037,5729,802,1172075,0
06037550602,Census Tract 5506.02,037,3924,433,1476977,0
06037550901,Census Tract 5509.01,037,4446,817,1125706,0
06037980024,Census Tract 9800.24,037,222,152,7998841,288250
06019000300,Census Tract 3,019,4089,984,1887566,0
06071001312,Census Tract 13.12,071,6047,672,2701222,0
06071002206,Census Tract 22.06,071,7570,868,1984320,22016
06071000604,Census Tract 6.04,071,5860,816,2267256,0
06071000501,Census Tract 5.01,071,7247,790,2590615,0
06071007306,Census Tract 73.06,071,6528,756,3322314,0
06037980026,Census Tract 9800.26,037,39,18,13865627,35273
06013355115,Census Tract 3551.15,013,10460,1036,2205696,0
06013351103,Census Tract 3511.03,013,1993,210,3013902,0
06013351101,Census Tract 3511.01,013,2768,281,2419322,0
06037211201,Census Tract 2112.01,037,2549,314,139369,0
06037212502,Census Tract 2125.02,037,3591,485,285085,0
06037212702,Census Tract 2127.02,037,3508,507,880616,0
06037543503,Census Tract 5435.03,037,5473,800,1663602,12058
06037543601,Census Tract 5436.01,037,4322,1274,649802,0
06071007604,Census Tract 76.04,071,4105,331,7353917,199579
06071007410,Census Tract 74.10,071,5792,702,2278645,0
06071007409,Census Tract 74.09,071,6798,1139,2284547,0
06037214501,Census Tract 2145.01,037,3809,831,752344,0
06037215101,Census Tract 2151.01,037,3023,395,351656,3300
06037216401,Census Tract 2164.01,037,3998,696,411515,0
06037216402,Census Tract 2164.02,037,2648,581,229443,0
06037217001,Census Tract 2170.01,037,3156,465,548535,0
06037218701,Census Tract 2187.01,037,1788,297,549903,0
06037218702,Census Tract 2187.02,037,2698,473,359671,0
06037219902,Census Tract 2199.02,037,3640,581,798150,2669
06037221304,Census Tract 2213.04,037,3615,735,227251,0
06037221401,Census Tract 2214.01,037,3690,628,542311,0
06037122122,Census Tract 1221.22,037,2446,584,1017265,15394
06037127805,Census Tract 1278.05,037,3287,545,614510,0
06037183103,Census Tract 1831.03,037,4318,823,639705,18167
06037183104,Census Tract 1831.04,037,2078,191,662254,4556
06037543603,Census Tract 5436.03,037,3676,446,1478168,0
06037543703,Census Tract 5437.03,037,4113,787,1037318,0
06037543801,Census Tract 5438.01,037,4371,410,2162305,41547
06065043262,Census Tract 432.62,065,4663,520,3548241,0
06065040101,Census Tract 401.01,065,4199,462,12681289,340638
06037186301,Census Tract 1863.01,037,2663,275,1160503,0
06037531503,Census Tract 5315.03,037,2435,383,1162715,0
06037531504,Census Tract 5315.04,037,3875,639,502215,0
06037550902,Census Tract 5509.02,037,5305,452,967593,0
06037551101,Census Tract 5511.01,037,4072,420,1686396,0
06037551102,Census Tract 5511.02,037,5388,639,1641498,46912
06037551402,Census Tract 5514.02,037,5014,812,1155891,0
06037551501,Census Tract 5515.01,037,4707,801,1455321,19675
06071000403,Census Tract 4.03,071,4111,485,3418716,0
06071000815,Census Tract 8.15,071,3508,414,2489056,0
06071000817,Census Tract 8.17,071,3853,587,3965938,0
06037551502,Census Tract 5515.02,037,4360,700,1101055,0
06037552001,Census Tract 5520.01,037,3934,479,802787,0
06037552002,Census Tract 5520.02,037,3243,497,706344,283
06013365003,Census Tract 3650.03,013,5589,710,2532659,25820
06013339001,Census Tract 3390.01,013,3641,533,1131291,0
06013345111,Census Tract 3451.11,013,5861,598,2313872,0
06013345114,Census Tract 3451.14,013,6672,787,5681638,0
06013345116,Census Tract 3451.16,013,2794,168,1274878,0
06037572201,Census Tract 5722.01,037,6275,1034,1538799,21029
06037572202,Census Tract 5722.02,037,3468,402,1522599,29978
06037572301,Census Tract 5723.01,037,3648,507,819237,0
06037572600,Census Tract 5726,037,4929,722,1223342,49301
06037572700,Census Tract 5727,037,5078,621,1002316,72083
06037573201,Census Tract 5732.01,037,3845,601,601396,0
06037573300,Census Tract 5733,037,3572,530,785598,0
06037670202,Census Tract 6702.02,037,2505,453,2984028,0
06041120002,Census Tract 1200.02,041,4804,469,4198265,261208
06041112204,Census Tract 1122.04,041,4283,663,215404,54896
06041104103,Census Tract 1041.03,041,2788,248,3041443,0
06041108202,Census Tract 1082.02,041,4711,751,3812078,0
06041130204,Census Tract 1302.04,041,2396,265,1619335,3844754
06041130203,Census Tract 1302.03,041,2177,404,695510,0
06041105001,Census Tract 1050.01,041,4037,576,2166497,0
06041105002,Census Tract 1050.02,041,2911,383,6853655,1253575
06041111002,Census Tract 1110.02,041,4440,705,1817875,0
06041108201,Census Tract 1082.01,041,2369,340,990711,0
06041111001,Census Tract 1110.01,041,788,110,493885,0
06041112203,Census Tract 1122.03,041,2179,348,108443,0
06041120001,Census Tract 1200.01,041,1592,336,591382,21146
06041104104,Census Tract 1041.04,041,4793,768,2962847,0
06071000606,Census Tract 6.06,071,4058,474,970274,0
06071000813,Census Tract 8.13,071,3210,303,2704879,86983
06071000603,Census Tract 6.03,071,4908,762,1990449,0
06071007903,Census Tract 79.03,071,4799,560,2396900,0
06071008710,Census Tract 87.10,071,4715,693,1845709,0
06013359105,Census Tract 3591.05,013,5183,456,1788234,882620
06037980010,Census Tract 9800.10,037,182,64,3757606,76092
06037980013,Census Tract 9800.13,037,0,14,5308102,0
06037980014,Census Tract 9800.14,037,38,58,6478055,973764
06037222002,Census Tract 2220.02,037,4544,678,655705,0
06037226001,Census Tract 2260.01,037,2011,388,1034764,0
06037226002,Census Tract 2260.02,037,1900,436,2568345,0
06037221402,Census Tract 2214.02,037,2771,419,532313,0
06037400207,Census Tract 4002.07,037,4618,598,5024866,2201
06037670406,Census Tract 6704.06,037,1837,360,1188202,0
06037670407,Census Tract 6704.07,037,6031,832,1258009,0
06071008709,Census Tract 87.09,071,4729,957,2809468,0
06037402001,Census Tract 4020.01,037,4389,664,1458683,0
06037402002,Census Tract 4020.02,037,3719,456,1654730,0
06037402303,Census Tract 4023.03,037,3698,570,944282,0
06037207101,Census Tract 2071.01,037,4264,696,300183,0
06037207102,Census Tract 2071.02,037,3331,405,415045,0
06037207502,Census Tract 2075.02,037,4518,529,418380,0
06037211703,Census Tract 2117.03,037,4330,580,184109,0
06037212701,Census Tract 2127.01,037,2525,243,469617,0
06037533806,Census Tract 5338.06,037,3588,651,799824,148343
06037535002,Census Tract 5350.02,037,3663,553,483255,0
06099002401,Census Tract 24.01,099,4110,619,792232,0
06099003804,Census Tract 38.04,099,6466,1031,2945170,0
06037651304,Census Tract 6513.04,037,5005,746,1431124,808062
06037651402,Census Tract 6514.02,037,5279,729,1827855,1183
06037670326,Census Tract 6703.26,037,3184,365,4038741,510448
06037670328,Census Tract 6703.28,037,4382,566,3585614,1405510
06037670416,Census Tract 6704.16,037,4055,693,3566475,1123792
06037534002,Census Tract 5340.02,037,3857,523,897535,0
06037534101,Census Tract 5341.01,037,1852,419,513050,0
06037534202,Census Tract 5342.02,037,4770,602,583070,0
06071002014,Census Tract 20.14,071,4348,409,4066828,0
06071000819,Census Tract 8.19,071,5898,816,3244574,0
06071000820,Census Tract 8.20,071,3883,488,4443132,0
06071000203,Census Tract 2.03,071,4317,502,1483304,0
06069000602,Census Tract 6.02,069,4024,484,1331501,0
06049000300,Census Tract 3,049,2886,400,6125158277,466345593
06049000200,Census Tract 2,049,1617,275,2409364156,66821698
06049000100,Census Tract 1,049,3001,185,27715127,381552
06049000400,Census Tract 4,049,1096,221,1663639424,126955168
06069000601,Census Tract 6.01,069,5658,706,2569932,0
06071001707,Census Tract 17.07,071,5747,870,1709523,0
06071001706,Census Tract 17.06,071,5595,818,1114627,0
06071002011,Census Tract 20.11,071,4347,908,3917436,0
06071000814,Census Tract 8.14,071,3704,375,2772686,0
06071000816,Census Tract 8.16,071,4830,750,2557605,0
06109985202,Census Tract 9852.02,109,2035,69,974843,17204
06071009906,Census Tract 99.06,071,5697,769,2455795,0
06071009911,Census Tract 99.11,071,7510,1141,4516596,0
06071009910,Census Tract 99.10,071,4973,652,4387585,0
06065040405,Census Tract 404.05,065,5462,885,5905293,14857
06065042012,Census Tract 420.12,065,7135,800,2632342,0
06071004004,Census Tract 40.04,071,6307,1100,21325311,980665
06071000901,Census Tract 9.01,071,5104,640,1826385,0
06071002016,Census Tract 20.16,071,3891,635,1816451,3447
06071002027,Census Tract 20.27,071,5574,835,1946215,0
06071002103,Census Tract 21.03,071,4659,982,861658,0
06071009908,Census Tract 99.08,071,5078,636,2233451,0
06071009912,Census Tract 99.12,071,6214,946,2821704,0
06071001311,Census Tract 13.11,071,3974,579,1537807,0
06071011204,Census Tract 112.04,071,1123,319,3785231,0
06037573401,Census Tract 5734.01,037,1276,260,1035482,4445
06037573402,Census Tract 5734.02,037,6838,654,2963452,0
06037573403,Census Tract 5734.03,037,3354,543,1664763,0
06037573700,Census Tract 5737,037,5105,570,1817080,1861
06037621301,Census Tract 6213.01,037,7118,709,1562902,0
06037621400,Census Tract 6214,037,4399,659,1284962,0
06037650001,Census Tract 6500.01,037,6087,638,1584145,26087
06037650101,Census Tract 6501.01,037,4841,840,1896575,6911
06037650102,Census Tract 6501.02,037,2187,294,852348,0
06037650200,Census Tract 6502,037,5945,596,2424178,0
06071002109,Census Tract 21.09,071,7840,1284,4774265,53055
06071002028,Census Tract 20.28,071,6567,1313,2092622,0
06071001308,Census Tract 13.08,071,5092,905,1077531,0
06071001309,Census Tract 13.09,071,5102,1708,1302941,0
06071008601,Census Tract 86.01,071,5499,612,5139015,15096
06071007603,Census Tract 76.03,071,4671,916,1677399,0
06071002801,Census Tract 28.01,071,5035,502,1327137,0
06071000903,Census Tract 9.03,071,3501,442,1301864,0
06071001901,Census Tract 19.01,071,5063,570,1941624,0
06001438204,Census Tract 4382.04,001,5699,711,1489858,0
06001440336,Census Tract 4403.36,001,4169,520,1194635,0
06037534301,Census Tract 5343.01,037,3850,564,862397,0
06037534302,Census Tract 5343.02,037,3759,501,512426,104818
06037534203,Census Tract 5342.03,037,3280,578,753171,14400
06037534404,Census Tract 5344.04,037,3199,439,413070,0
06037534405,Census Tract 5344.05,037,4065,527,530210,0
06001441926,Census Tract 4419.26,001,4190,484,410207,0
06001442301,Census Tract 4423.01,001,4940,656,1412758,0
06001442601,Census Tract 4426.01,001,3773,890,1181582,0
06071001305,Census Tract 13.05,071,5436,939,1200653,0
06071001310,Census Tract 13.10,071,5207,691,1417244,0
06071001103,Census Tract 11.03,071,3843,533,1672685,0
06071001307,Census Tract 13.07,071,3802,361,1281879,0
06071001813,Census Tract 18.13,071,4733,1108,1549571,0
06001443104,Census Tract 4431.04,001,5360,640,1847039,0
06001444601,Census Tract 4446.01,001,6187,714,3055836,0
06037541605,Census Tract 5416.05,037,5320,817,872792,0
06037541801,Census Tract 5418.01,037,5538,664,714942,0
06071000605,Census Tract 6.05,071,4487,1331,1279379,0
06071001704,Census Tract 17.04,071,4374,830,1860116,0
06071001810,Census Tract 18.10,071,4644,725,988342,0
06071002013,Census Tract 20.13,071,3994,554,2040204,0
06071002101,Census Tract 21.01,071,4101,480,1186629,0
06071001101,Census Tract 11.01,071,3824,437,791646,0
06071001804,Census Tract 18.04,071,5998,706,1959066,0
06001450746,Census Tract 4507.46,001,3359,619,1733950,0
06001451505,Census Tract 4515.05,001,3090,446,1373458,0
06001983200,Census Tract 9832,001,1220,193,494542,154630
06037541802,Census Tract 5418.02,037,5129,1403,1110125,0
06037542000,Census Tract 5420,037,5061,853,974029,0
06001451506,Census Tract 4515.06,001,3422,596,851134,0
06001451704,Census Tract 4517.04,001,4564,511,2005363,0
06071001809,Census Tract 18.09,071,4431,539,2351671,0
06071002023,Census Tract 20.23,071,5253,572,1500270,0
06071002018,Census Tract 20.18,071,5160,469,2614958,0
06071001806,Census Tract 18.06,071,4550,783,1463379,0
06001405902,Census Tract 4059.02,001,2969,395,487280,0
06001410500,Census Tract 4105,001,2750,406,716693,0
06001425104,Census Tract 4251.04,001,4424,483,1087240,0
06001433104,Census Tract 4331.04,001,4422,596,1053445,0
06071001808,Census Tract 18.08,071,4196,504,1130298,0
06071001812,Census Tract 18.12,071,3708,403,888388,0
06071002015,Census Tract 20.15,071,4520,411,2038821,0
06071002029,Census Tract 20.29,071,5537,732,1992452,0
06071002025,Census Tract 20.25,071,5542,751,1811902,0
06067009408,Census Tract 94.08,067,1653,224,16083047,57778
06001440333,Census Tract 4403.33,001,2599,389,2505503,0
06037573800,Census Tract 5738,037,4377,437,1534014,0
06037573902,Census Tract 5739.02,037,2248,220,700131,11619
06037574000,Census Tract 5740,037,5246,477,1819895,0
06037574100,Census Tract 5741,037,5107,661,1829547,9607
06067009632,Census Tract 96.32,067,6623,556,2236376,0
06067009633,Census Tract 96.33,067,3762,582,703932,0
06067009635,Census Tract 96.35,067,5742,502,8112464,105901
06071002019,Census Tract 20.19,071,4215,558,2470572,0
06001441524,Census Tract 4415.24,001,3941,514,1680738,0
06001442602,Census Tract 4426.02,001,4850,628,1321053,0
06001443322,Census Tract 4433.22,001,3256,383,1148269,0
06037574201,Census Tract 5742.01,037,3125,369,1279087,15561
06037574202,Census Tract 5742.02,037,2131,304,1336503,3008
06037574300,Census Tract 5743,037,6424,1126,2450925,30093
06037650300,Census Tract 6503,037,7693,1061,1876482,0
06037650501,Census Tract 6505.01,037,2772,356,992864,0
06037650502,Census Tract 6505.02,037,4177,579,1333152,0
06037650603,Census Tract 6506.03,037,3454,384,1276241,0
06037650701,Census Tract 6507.01,037,2591,247,2006328,0
06071002107,Census Tract 21.07,071,5465,538,1460694,0
06071002038,Census Tract 20.38,071,5043,566,2047738,0
06071002035,Census Tract 20.35,071,7562,894,2155889,0
06071002604,Census Tract 26.04,071,6259,873,1097637,0
06071002705,Census Tract 27.05,071,6062,718,2797995,0
06071003509,Census Tract 35.09,071,5325,1012,1949168,0
06071003404,Census Tract 34.04,071,5790,1026,1013153,0
06067009639,Census Tract 96.39,067,4245,346,2849240,0
06067004501,Census Tract 45.01,067,4340,818,1802482,0
06067004502,Census Tract 45.02,067,4993,657,2702033,0
06067004701,Census Tract 47.01,067,3510,728,1401593,0
06067004702,Census Tract 47.02,067,4830,618,1539648,0
06067005204,Census Tract 52.04,067,4852,494,3714777,0
06067005510,Census Tract 55.10,067,5138,642,647409,0
06067005904,Census Tract 59.04,067,5401,835,2606826,0
06029004702,Census Tract 47.02,029,3863,554,6380402,0
06029004603,Census Tract 46.03,029,3179,116,1958572,0
06071004101,Census Tract 41.01,071,5339,565,3960233,0
06071004104,Census Tract 41.04,071,6261,1033,5111892,0
06001450745,Census Tract 4507.45,001,6257,763,5341893,1969293
06001981900,Census Tract 9819,001,33,41,3824795,1387910
06071002207,Census Tract 22.07,071,5747,403,7978781,0
06071003605,Census Tract 36.05,071,4095,595,1298177,0
06071003609,Census Tract 36.09,071,4293,393,2186018,0
06071003611,Census Tract 36.11,071,4957,554,643986,0
06071004301,Census Tract 43.01,071,4546,670,1385993,0
06071004505,Census Tract 45.05,071,5338,653,1653902,0
06001428700,Census Tract 4287,001,5600,531,7640768,4458410
06001403701,Census Tract 4037.01,001,2602,365,173946,0
06001404102,Census Tract 4041.02,001,2546,349,230172,0
06071007305,Census Tract 73.05,071,4765,527,1610433,0
06029006304,Census Tract 63.04,029,4261,594,5595100,0
06029006404,Census Tract 64.04,029,3605,588,10516284,11548
06029006403,Census Tract 64.03,029,5695,944,2606682,0
06029005003,Census Tract 50.03,029,3366,427,8582299,0
06037542401,Census Tract 5424.01,037,4062,709,1293383,0
06037542402,Census Tract 5424.02,037,3961,663,1664218,0
06037542502,Census Tract 5425.02,037,4360,968,985368,9566
06071002606,Census Tract 26.06,071,6627,593,2788833,0
06071002307,Census Tract 23.07,071,5695,907,1639784,0
06071002306,Census Tract 23.06,071,3638,421,5070969,0
06061990000,Census Tract 9900,061,0,14,0,199195755
06071003503,Census Tract 35.03,071,5286,740,3936560,0
06071005701,Census Tract 57.01,071,2229,352,3483777,0
06097150203,Census Tract 1502.03,097,4891,585,4511497,0
06097150204,Census Tract 1502.04,097,3679,507,2695924,0
06097150306,Census Tract 1503.06,097,3783,517,12786753,0
06001425102,Census Tract 4251.02,001,4057,477,735810,0
06001425103,Census Tract 4251.03,001,2999,335,876085,0
06001435103,Census Tract 4351.03,001,7020,941,51789790,0
06001437702,Census Tract 4377.02,001,3745,680,371488,0
06097152906,Census Tract 1529.06,097,6898,1139,26280729,21574
06097153806,Census Tract 1538.06,097,2829,388,1572603,0
06071003507,Census Tract 35.07,071,5187,966,1630743,0
06071003510,Census Tract 35.10,071,4167,534,2587037,0
06071003603,Census Tract 36.03,071,4518,615,1300549,0
06071003405,Census Tract 34.05,071,5464,619,934271,0
06071003102,Census Tract 31.02,071,6345,678,1297980,0
06071002803,Census Tract 28.03,071,4289,528,1000100,0
06001440334,Census Tract 4403.34,001,4026,688,1015383,0
06001441523,Census Tract 4415.23,001,4003,609,467064,0
06037574400,Census Tract 5744,037,5484,746,3331253,69240
06037574500,Census Tract 5745,037,6679,861,2549290,174070
06037574602,Census Tract 5746.02,037,1240,229,574256,16243
06037574800,Census Tract 5748,037,3170,442,1108069,0
06037574901,Census Tract 5749.01,037,3940,554,1341384,0
06037574902,Census Tract 5749.02,037,5570,613,803318,0
06037575001,Census Tract 5750.01,037,4123,830,975068,0
06037575002,Census Tract 5750.02,037,4632,461,965016,0
06071003301,Census Tract 33.01,071,5112,482,1935229,0
06071003101,Census Tract 31.01,071,4514,845,1378998,0
06097150612,Census Tract 1506.12,097,4729,579,173556697,7297541
06097150611,Census Tract 1506.11,097,4609,673,2955014,0
06097150609,Census Tract 1506.09,097,5186,638,2300629,0
06097153807,Census Tract 1538.07,097,3887,428,59150785,69200
06097153808,Census Tract 1538.08,097,3509,461,3016036,0
06097154201,Census Tract 1542.01,097,3545,535,26676840,18555
06037602900,Census Tract 6029,037,4670,681,2796885,1146
06037603004,Census Tract 6030.04,037,1649,193,225573,0
06071003302,Census Tract 33.02,071,7576,1066,2697455,0
06071003606,Census Tract 36.06,071,5309,856,2515414,0
06071003612,Census Tract 36.12,071,5121,787,2930720,0
06071004003,Census Tract 40.03,071,5998,737,7566833,0
06071004001,Census Tract 40.01,071,4448,508,3258714,0
06097152905,Census Tract 1529.05,097,3860,401,1240408,0
06037503301,Census Tract 5033.01,037,3330,729,1091386,0
06037503302,Census Tract 5033.02,037,6129,639,1545870,0
06097153103,Census Tract 1531.03,097,5112,608,1586978,0
06097153804,Census Tract 1538.04,097,3471,637,1244828,0
06067005205,Census Tract 52.05,067,3716,1274,8885997,0
06067007016,Census Tract 70.16,067,5580,571,4983928,102502
06071004103,Census Tract 41.03,071,6852,1070,2964291,0
06071003607,Census Tract 36.07,071,5734,1064,1827431,0
06037503401,Census Tract 5034.01,037,7641,1223,1952318,0
06071003804,Census Tract 38.04,071,5306,1136,3297783,221382
06071004302,Census Tract 43.02,071,4312,783,3014226,37190
06067007020,Census Tract 70.20,067,5708,680,2457987,133289
06067007428,Census Tract 74.28,067,3346,350,1303370,0
06067008506,Census Tract 85.06,067,2573,374,1109173,584
06067008509,Census Tract 85.09,067,4408,468,2199638,0
06067009011,Census Tract 90.11,067,5786,539,5262034,0
06071003803,Census Tract 38.03,071,4995,619,1645998,0
06071006604,Census Tract 66.04,071,4155,592,984765,0
06071006603,Census Tract 66.03,071,5885,1124,1833944,0
06071004403,Census Tract 44.03,071,5251,591,1332367,0
06071004404,Census Tract 44.04,071,5557,851,1563347,0
06067009622,Census Tract 96.22,067,7759,1429,2863364,154919
06067005301,Census Tract 53.01,067,2332,164,5979788,491761
06067005903,Census Tract 59.03,067,2611,466,653850,0
06067007019,Census Tract 70.19,067,3216,595,5590996,86694
06067007103,Census Tract 71.03,067,4094,553,2166544,24353
06037503902,Census Tract 5039.02,037,5146,682,5252262,17254
06059063009,Census Tract 630.09,059,1607,198,1873230,942313
06037542601,Census Tract 5426.01,037,3162,567,549978,0
06037542602,Census Tract 5426.02,037,4788,771,870639,0
06037542700,Census Tract 5427,037,5791,891,978758,17819
06037542800,Census Tract 5428,037,3106,537,791122,0
06065044605,Census Tract 446.05,065,5937,950,4937415,0
06065048800,Census Tract 488,065,4463,924,4439101,240146
06065031602,Census Tract 316.02,065,5325,581,1748887,0
06065040611,Census Tract 406.11,065,8780,1732,2567636,0
06037542900,Census Tract 5429,037,3492,348,807163,0
06059087901,Census Tract 879.01,059,3490,520,1110742,0
06059110115,Census Tract 1101.15,059,3242,356,1558877,60099
06059087404,Census Tract 874.04,059,4522,967,517078,0
06037575201,Census Tract 5752.01,037,4190,706,566597,0
06037575401,Census Tract 5754.01,037,4027,702,821449,68477
06037575402,Census Tract 5754.02,037,3565,463,323805,0
06085503326,Census Tract 5033.26,085,6829,1090,4260151,0
06037575802,Census Tract 5758.02,037,4237,696,320941,0
06037575901,Census Tract 5759.01,037,3328,556,417612,68001
06037575902,Census Tract 5759.02,037,5020,561,350516,0
06037576200,Census Tract 5762,037,5437,538,696660,0
06037603101,Census Tract 6031.01,037,4810,670,881550,0
06037603200,Census Tract 6032,037,3364,434,1105763,33318
06037603301,Census Tract 6033.01,037,3431,524,974749,0
06037603302,Census Tract 6033.02,037,4315,543,1124528,10554
06037603400,Census Tract 6034,037,3979,498,1134323,0
06037603500,Census Tract 6035,037,2749,417,794497,1096
06037603600,Census Tract 6036,037,3910,509,937511,0
06085512603,Census Tract 5126.03,085,4877,505,2088701,0
06085512042,Census Tract 5120.42,085,2830,325,663334,0
06085511301,Census Tract 5113.01,085,4163,741,975747,0
06085512312,Census Tract 5123.12,085,4066,446,1394562,0
06037603702,Census Tract 6037.02,037,5008,529,2534640,73247
06065040812,Census Tract 408.12,065,3588,578,3427722,0
06065040815,Census Tract 408.15,065,3962,638,1254559,0
06037503601,Census Tract 5036.01,037,4177,605,1391335,0
06037503602,Census Tract 5036.02,037,3855,353,3282153,19960
06037503701,Census Tract 5037.01,037,5034,568,1157805,0
06037503702,Census Tract 5037.02,037,4956,593,1665223,0
06065040816,Census Tract 408.16,065,2788,473,1588712,0
06065045212,Census Tract 452.12,065,2187,350,2682825,0
06101050401,Census Tract 504.01,101,4551,465,1758582,0
06101050402,Census Tract 504.02,101,4920,777,8731795,0
06085503327,Census Tract 5033.27,085,4434,616,1440282,0
06085512039,Census Tract 5120.39,085,5717,1546,1391959,0
06065045213,Census Tract 452.13,065,5769,1463,2940425,58301
06065045214,Census Tract 452.14,065,6043,677,5515365,0
06065045216,Census Tract 452.16,065,2441,402,3728121,0
06065045224,Census Tract 452.24,065,6006,1166,4892201,0
06065045226,Census Tract 452.26,065,6588,773,2668773,0
06037576403,Census Tract 5764.03,037,4854,774,324542,0
06037576502,Census Tract 5765.02,037,5064,1010,307611,0
06037576602,Census Tract 5766.02,037,4408,648,533333,4460382
06037576700,Census Tract 5767,037,4229,542,845043,1651005
06037576801,Census Tract 5768.01,037,3437,650,514192,0
06037576802,Census Tract 5768.02,037,4389,673,467801,0
06037576901,Census Tract 5769.01,037,4944,692,444895,0
06037577000,Census Tract 5770,037,7177,1089,1846201,2503
06037577100,Census Tract 5771,037,7179,842,1215399,0
06037577200,Census Tract 5772,037,5432,669,983450,2512239
06037577300,Census Tract 5773,037,5869,773,906095,2302747
06037577400,Census Tract 5774,037,3112,444,645365,0
06055201200,Census Tract 2012,055,4566,547,59605298,225407
06037577501,Census Tract 5775.01,037,3209,378,823532,538499
06037609900,Census Tract 6099,037,1770,313,531815,0
06037620002,Census Tract 6200.02,037,3463,476,1184742,0
06037620101,Census Tract 6201.01,037,5050,528,1335926,3064
06037620102,Census Tract 6201.02,037,4014,505,871913,0
06001406900,Census Tract 4069,001,4142,553,873127,0
06001422100,Census Tract 4221,001,3027,349,551942,0
06001422200,Census Tract 4222,001,3313,546,675011,0
06001422300,Census Tract 4223,001,3770,444,560048,0
06001422400,Census Tract 4224,001,4096,761,475566,0
06037503801,Census Tract 5038.01,037,3712,376,1280411,0
06037503802,Census Tract 5038.02,037,5305,558,1324945,0
06061022500,Census Tract 225,061,5582,529,13523089,0
06061020805,Census Tract 208.05,061,4299,513,2086149,0
06061020715,Census Tract 207.15,061,2949,416,1462400,0
06037503901,Census Tract 5039.01,037,2246,216,904886,0
06037504001,Census Tract 5040.01,037,5133,610,1385015,1889
06061021131,Census Tract 211.31,061,5144,475,1827886,0
06061021130,Census Tract 211.30,061,2471,360,929169,0
06037534406,Census Tract 5344.06,037,3968,468,404850,26361
06037534502,Census Tract 5345.02,037,3722,577,563502,2803
06037534802,Census Tract 5348.02,037,2568,359,403893,0
06037534803,Census Tract 5348.03,037,4262,525,610715,0
06037534804,Census Tract 5348.04,037,4252,800,369638,0
06015000104,Census Tract 1.04,015,2363,357,2031005,0
06065042738,Census Tract 427.38,065,8653,1163,4991266,138328
06065042739,Census Tract 427.39,065,9265,696,9995611,116671
06065042740,Census Tract 427.40,065,2016,214,1267075,0
06065042741,Census Tract 427.41,065,2497,447,1806061,0
06065042742,Census Tract 427.42,065,8217,905,5237217,0
06065045233,Census Tract 452.33,065,5019,537,3695356,0
06065045606,Census Tract 456.06,065,3826,425,20581383,0
06065042720,Census Tract 427.20,065,5973,1422,35688002,0
06065044510,Census Tract 445.10,065,6279,708,3286981,0
06065030900,Census Tract 309,065,3296,464,6158553,69936
06037550700,Census Tract 5507,037,6398,1047,2159784,68553
06111004901,Census Tract 49.01,111,7283,858,1677761,0
06111004902,Census Tract 49.02,111,3799,717,10177889,0
06111005204,Census Tract 52.04,111,3541,649,3867953,0
06037577602,Census Tract 5776.02,037,3301,308,1319979,69273
06037599000,Census Tract 5990,037,3074,202,3175454,669391
06037600100,Census Tract 6001,037,7423,1064,757581,0
06037600201,Census Tract 6002.01,037,4830,835,585705,0
06037600202,Census Tract 6002.02,037,6670,1283,829152,0
06111007513,Census Tract 75.13,111,1730,270,1746017,182244
06111007609,Census Tract 76.09,111,2607,396,1468560,68930
06037600302,Census Tract 6003.02,037,2678,530,819443,0
06037600400,Census Tract 6004,037,4294,563,981880,0
06037600501,Census Tract 6005.01,037,2478,367,657076,0
06037620501,Census Tract 6205.01,037,6133,737,2590361,0
06037620522,Census Tract 6205.22,037,4683,461,748359,0
06037620400,Census Tract 6204,037,5045,804,2567686,10360
06037620601,Census Tract 6206.01,037,5881,601,1365682,0
06061021128,Census Tract 211.28,061,3496,540,1198779,0
06061022100,Census Tract 221,061,925,356,59523108,610172
06061022800,Census Tract 228,061,4761,635,3006754,0
06061023100,Census Tract 231,061,8266,821,4561132,0
06061022900,Census Tract 229,061,5314,651,1755682,0
06061023600,Census Tract 236,061,4160,374,4485104,0
06037504002,Census Tract 5040.02,037,4920,477,1543671,0
06037504101,Census Tract 5041.01,037,5234,607,1222889,0
06107002204,Census Tract 22.04,107,7167,1383,2304480,0
06107002203,Census Tract 22.03,107,5635,781,2627500,0
06065042743,Census Tract 427.43,065,4857,719,10478585,0
06065043010,Census Tract 430.10,065,5135,507,2409797,0
06037534900,Census Tract 5349,037,5869,905,1048161,0
06037535101,Census Tract 5351.01,037,7219,927,1133932,0
06037535102,Census Tract 5351.02,037,4819,666,591081,0
06037535200,Census Tract 5352,037,6155,886,865476,0
06037535300,Census Tract 5353,037,5937,890,1080457,0
06037535400,Census Tract 5354,037,3365,546,771064,0
06037535502,Census Tract 5355.02,037,4809,1215,472538,0
06037535603,Census Tract 5356.03,037,3485,451,784471,1370
06065046601,Census Tract 466.01,065,3307,172,2444736,190420
06065047201,Census Tract 472.01,065,1992,378,2630608,0
06065048200,Census Tract 482,065,4785,667,1872246,0
06059011300,Census Tract 113,059,5667,1007,1780498,0
06037535605,Census Tract 5356.05,037,4651,792,469948,0
06059980000,Census Tract 9800,059,13,7,2766492,0
06059062648,Census Tract 626.48,059,3014,403,1638390,0
06059087505,Census Tract 875.05,059,4812,633,657052,0
06037551201,Census Tract 5512.01,037,3751,788,788714,0
06037551300,Census Tract 5513,037,5181,776,1530183,0
06111003802,Census Tract 38.02,111,2874,495,707786,0
06111004305,Census Tract 43.05,111,2193,328,6735896,644257
06111004711,Census Tract 47.11,111,2979,419,805098,0
06111004715,Census Tract 47.15,111,4239,570,25120636,663929
06111004717,Census Tract 47.17,111,4137,665,908398,0
06111005004,Census Tract 50.04,111,9464,1059,4436793,627357
06037600601,Census Tract 6006.01,037,2394,317,646831,0
06037600602,Census Tract 6006.02,037,2760,713,690276,0
06037600702,Census Tract 6007.02,037,4704,728,2387148,43367
06037600703,Census Tract 6007.03,037,1773,237,519625,512
06037600704,Census Tract 6007.04,037,2643,366,951773,12266
06037600801,Census Tract 6008.01,037,3018,590,971032,0
06037600802,Census Tract 6008.02,037,2570,474,1942921,3434
06037600902,Census Tract 6009.02,037,6585,1274,800432,0
06037600911,Census Tract 6009.11,037,3595,1001,683105,0
06061023300,Census Tract 233,061,6877,629,5315618,0
06037530005,Census Tract 5300.05,037,3350,330,2285351,0
06037530101,Census Tract 5301.01,037,5319,507,988894,23239
06067007424,Census Tract 74.24,067,3974,762,1440885,0
06067005505,Census Tract 55.05,067,5784,927,1962373,0
06067009312,Census Tract 93.12,067,7657,1408,2116750,0
06067003202,Census Tract 32.02,067,4793,668,1653991,0
06053010608,Census Tract 106.08,053,3924,487,2186157,31546
06053010506,Census Tract 105.06,053,5816,1430,876937,0
06053000702,Census Tract 7.02,053,6638,1188,485565,0
06053001801,Census Tract 18.01,053,4759,691,2798219,0
06037530102,Census Tract 5301.02,037,5160,529,1322141,0
06037530203,Census Tract 5302.03,037,2762,322,736559,0
06037530204,Census Tract 5302.04,037,3732,680,669927,0
06037535701,Census Tract 5357.01,037,5761,880,771561,0
06037535702,Census Tract 5357.02,037,5639,880,974703,0
06037535802,Census Tract 5358.02,037,5932,674,795344,0
06037535803,Census Tract 5358.03,037,3342,482,422843,0
06037535606,Census Tract 5356.06,037,1949,406,185791,0
06037535804,Census Tract 5358.04,037,6063,1367,490834,0
06037535901,Census Tract 5359.01,037,6139,1049,840406,0
06037536000,Census Tract 5360,037,3091,397,1307092,0
06067002700,Census Tract 27,067,3538,480,1288107,0
06067009406,Census Tract 94.06,067,2452,423,155014344,1465906
06065043227,Census Tract 432.27,065,8155,1521,4495728,0
06065043228,Census Tract 432.28,065,5019,591,1617163,0
06065043229,Census Tract 432.29,065,4630,464,2864829,0
06065048300,Census Tract 483,065,7016,897,1870606,138921
06037535607,Census Tract 5356.07,037,4517,641,941321,0
06037536102,Census Tract 5361.02,037,3560,597,2772077,302064
06037540000,Census Tract 5400,037,6784,963,1464245,0
06037540101,Census Tract 5401.01,037,6222,887,1252528,0
06037540102,Census Tract 5401.02,037,6222,908,1250584,0
06065048700,Census Tract 487,065,4458,812,5888412,0
06065049400,Census Tract 494,065,3418,992,9260324,0
06065049800,Census Tract 498,065,3754,582,9291037,0
06037540202,Census Tract 5402.02,037,6357,797,757007,0
06037540203,Census Tract 5402.03,037,5202,687,901215,0
06067000200,Census Tract 2,067,3901,415,1511259,0
06067000300,Census Tract 3,067,3429,386,1428326,2502
06067000400,Census Tract 4,067,3973,586,972221,0
06075011901,Census Tract 119.01,075,2022,300,62294,0
06037551700,Census Tract 5517,037,6134,886,1297126,0
06037551900,Census Tract 5519,037,5361,838,1543496,25352
06037552100,Census Tract 5521,037,5226,889,1461863,0
06037552200,Census Tract 5522,037,6498,688,1687443,980
06067001800,Census Tract 18,067,5572,613,1717608,0
06067001900,Census Tract 19,067,3316,449,1105357,0
06067002000,Census Tract 20,067,3039,377,1033082,0
06067008137,Census Tract 81.37,067,2351,250,1087436,0
06067005102,Census Tract 51.02,067,3784,655,3092642,0
06067007423,Census Tract 74.23,067,5974,1101,987528,0
06111007610,Census Tract 76.10,111,4567,427,2003927,30697
06111007611,Census Tract 76.11,111,4715,810,2286563,0
06037600912,Census Tract 6009.12,037,4522,535,1082045,2993
06037601001,Census Tract 6010.01,037,2614,672,884021,0
06037601100,Census Tract 6011,037,6188,979,640575,0
06037601211,Census Tract 6012.11,037,2907,590,579802,0
06037601212,Census Tract 6012.12,037,5295,866,585065,0
06037601301,Census Tract 6013.01,037,2222,267,614464,0
06067008905,Census Tract 89.05,067,5155,746,1614288,0
06067009307,Census Tract 93.07,067,5483,633,2589546,0
06067004201,Census Tract 42.01,067,5958,970,1898577,0
06111008700,Census Tract 87,111,6102,618,1819338,0
06111008800,Census Tract 88,111,5282,752,1261984,0
06111008900,Census Tract 89,111,3561,605,598641,0
06111009100,Census Tract 91,111,5784,816,3739822,0
06037601302,Census Tract 6013.02,037,6377,895,1219665,0
06037601401,Census Tract 6014.01,037,6057,835,1573101,0
06067000600,Census Tract 6,067,1525,203,406309,0
06067000700,Census Tract 7,067,2834,170,471398,42394
06067000800,Census Tract 8,067,1519,307,525743,51938
06067001300,Census Tract 13,067,3704,440,792610,0
06067001400,Census Tract 14,067,2737,354,794018,0
06067001500,Census Tract 15,067,4900,580,1746201,0
06053001802,Census Tract 18.02,053,5455,691,1498313,0
06053000502,Census Tract 5.02,053,4828,796,2790280,45591
06053000501,Census Tract 5.01,053,5679,1093,511717,0
06053980000,Census Tract 9800,053,0,14,3904134,0
06053010505,Census Tract 105.05,053,5716,922,865505,0
06053011204,Census Tract 112.04,053,4803,739,237513745,8213218
06053014202,Census Tract 142.02,053,3883,494,1032428,0
06053014201,Census Tract 142.01,053,4886,533,1556644,0
06067007602,Census Tract 76.02,067,4972,627,2489908,0
06067005508,Census Tract 55.08,067,3991,768,974772,0
06067003600,Census Tract 36,067,2485,463,1269314,0
06067008912,Census Tract 89.12,067,3202,465,1906883,113140
06053010607,Census Tract 106.07,053,4144,652,443859,0
06037540300,Census Tract 5403,037,4479,553,1531971,0
06037540400,Census Tract 5404,037,2216,413,339625,0
06037540501,Census Tract 5405.01,037,5110,659,1452738,0
06037540600,Census Tract 5406,037,4465,1089,937162,0
06037540700,Census Tract 5407,037,3070,603,1147601,7356
06067007415,Census Tract 74.15,067,3268,554,1536470,0
06067008140,Census Tract 81.40,067,2618,342,1653217,0
06067008008,Census Tract 80.08,067,4935,599,3028936,0
06067009110,Census Tract 91.10,067,1911,275,605887,0
06067003501,Census Tract 35.01,067,2530,336,1197868,0
06037540901,Census Tract 5409.01,037,5250,818,1163425,331
06037540902,Census Tract 5409.02,037,4523,738,2515150,1031
06075012901,Census Tract 129.01,075,2830,579,180876,0
06075015802,Census Tract 158.02,075,3095,519,170743,0
06065045110,Census Tract 451.10,065,4917,677,1665164,0
06085508900,Census Tract 5089,085,4428,732,913577,0
06037273700,Census Tract 2737,037,2782,513,690352,0
06037273800,Census Tract 2738,037,2907,306,741626,0
06085512019,Census Tract 5120.19,085,4380,443,1078547,0
06085512021,Census Tract 5120.21,085,5782,750,1595914,13966
06067006004,Census Tract 60.04,067,2374,318,1296274,0
06067007906,Census Tract 79.06,067,3322,286,1911061,0
06067009314,Census Tract 93.14,067,6080,589,5187127,0
06067008207,Census Tract 82.07,067,4674,690,3331201,371556
06067009501,Census Tract 95.01,067,2864,354,67487436,626702
06067009403,Census Tract 94.03,067,2193,437,84815167,166711
06037274100,Census Tract 2741,037,4386,838,628049,0
06037552400,Census Tract 5524,037,2294,426,932274,0
06037552602,Census Tract 5526.02,037,3682,328,1374588,0
06083002211,Census Tract 22.11,083,5894,882,7961885,978347
06067009007,Census Tract 90.07,067,2630,327,990061,0
06067009008,Census Tract 90.08,067,5251,770,1447217,0
06067009106,Census Tract 91.06,067,3877,520,1578908,172671
06067009103,Census Tract 91.03,067,3286,415,1890409,0
06085512022,Census Tract 5120.22,085,6275,1450,1027095,0
06067009323,Census Tract 93.23,067,5781,791,3791865,0
06067009107,Census Tract 91.07,067,3924,1114,2202190,167427
06067009601,Census Tract 96.01,067,7076,808,6183190,0
06067009608,Census Tract 96.08,067,10617,1006,3812123,0
06067007903,Census Tract 79.03,067,4695,527,2545604,0
06067005506,Census Tract 55.06,067,3760,1273,1301178,0
06065042514,Census Tract 425.14,065,3295,400,981706,0
06085509102,Census Tract 5091.02,085,4704,432,3131612,0
06097154202,Census Tract 1542.02,097,6604,546,175450308,14292823
06097150305,Census Tract 1503.05,097,4916,1094,3285527,0
06097151601,Census Tract 1516.01,097,2532,202,54684284,43997
06075031301,Census Tract 313.01,075,3697,590,451592,0
06075031302,Census Tract 313.02,075,4890,533,686581,0
06075032601,Census Tract 326.01,075,4338,597,417682,0
06065042515,Census Tract 425.15,065,3525,479,1354401,0
06065042517,Census Tract 425.17,065,3266,613,943427,0
06065042513,Census Tract 425.13,065,3040,362,1154582,0
06065042518,Census Tract 425.18,065,3623,309,996783,0
06065042519,Census Tract 425.19,065,1627,272,952421,0
06085510002,Census Tract 5100.02,085,4131,467,1914543,0
06085510100,Census Tract 5101,085,2792,416,2024331,0
06075032902,Census Tract 329.02,075,3720,784,504600,0
06075047802,Census Tract 478.02,075,3581,650,339447,0
06075012301,Census Tract 123.01,075,1924,382,92144,0
06085503312,Census Tract 5033.12,085,3550,661,15066853,0
06085505100,Census Tract 5051,085,3993,551,6966453,0
06085507205,Census Tract 5072.05,085,4459,411,3377650,0
06085508800,Census Tract 5088,085,3619,707,695179,0
06071008714,Census Tract 87.14,071,4112,798,2624951,0
06071007307,Census Tract 73.07,071,4634,662,22527317,0
06071006501,Census Tract 65.01,071,4689,901,2283397,0
06071006502,Census Tract 65.02,071,3157,407,1655880,0
06071006303,Census Tract 63.03,071,5169,1293,1207018,0
06071005601,Census Tract 56.01,071,3891,780,1216904,0
06071005602,Census Tract 56.02,071,2932,527,616487,0
06071002046,Census Tract 20.46,071,6794,1168,3770874,0
06071002047,Census Tract 20.47,071,3459,437,1796676,0
06071002610,Census Tract 26.10,071,3390,558,781381,0
06071002611,Census Tract 26.11,071,4406,635,4025637,0
06071002048,Census Tract 20.48,071,3988,502,1565671,0
06071002051,Census Tract 20.51,071,4754,618,1471411,0
06071002049,Census Tract 20.49,071,3287,572,459292,0
06071002050,Census Tract 20.50,071,5532,1031,1272491,0
06071002503,Census Tract 25.03,071,4552,875,1292635,0
06071002504,Census Tract 25.04,071,3751,582,1301148,0
06071002405,Census Tract 24.05,071,5546,620,1509028,0
06071001909,Census Tract 19.09,071,2758,486,7065145,0
06071000305,Census Tract 3.05,071,5360,838,551490,0
06071000120,Census Tract 1.20,071,8007,914,3759965,9094
06071011601,Census Tract 116.01,071,6977,1110,15093025,1271933
06071009502,Census Tract 95.02,071,4172,964,3310538,0
06071011801,Census Tract 118.01,071,4414,830,67089185,0
06071001907,Census Tract 19.07,071,16455,1505,17944126,249662
06071011802,Census Tract 118.02,071,3213,662,87830367,0
06071009501,Census Tract 95.01,071,3453,637,2084011,0
06071009915,Census Tract 99.15,071,4364,1535,5914521,33220
06071009726,Census Tract 97.26,071,3154,354,6457686,0
06071009722,Census Tract 97.22,071,3676,729,4896197,0
06071009723,Census Tract 97.23,071,5852,805,9428771,10103
06071009918,Census Tract 99.18,071,3022,724,2184700,0
06071009917,Census Tract 99.17,071,6418,1376,3327398,0
06071009916,Census Tract 99.16,071,5390,600,4046325,0
06071010027,Census Tract 100.27,071,4792,948,2925782,0
06071010039,Census Tract 100.39,071,3152,566,3323491,20239
06071009725,Census Tract 97.25,071,4889,568,8512000,0
06071009727,Census Tract 97.27,071,4844,1251,2468672,0
06071010036,Census Tract 100.36,071,5096,1092,4278647,0
06071010037,Census Tract 100.37,071,6543,892,7776317,0
06071011408,Census Tract 114.08,071,1569,472,5854206,0
06071010030,Census Tract 100.30,071,3149,796,5545788,0
06071008004,Census Tract 80.04,071,2982,527,2264152,0
06071002039,Census Tract 20.39,071,6709,783,4968450,0
06071002042,Census Tract 20.42,071,2738,545,5268533,0
06071000307,Census Tract 3.07,071,2617,274,1312030,0
06071010040,Census Tract 100.40,071,1539,410,827302,782746
06071009724,Census Tract 97.24,071,4165,673,5278763,0
06071009914,Census Tract 99.14,071,3051,444,2736841,0
06071009720,Census Tract 97.20,071,2127,882,1118842,0
06071007905,Census Tract 79.05,071,3918,965,3151408,0
06071009133,Census Tract 91.33,071,8058,698,152803270,0
06071009130,Census Tract 91.30,071,3865,704,1630836,0
06071009129,Census Tract 91.29,071,7686,911,12194860,0
06071007412,Census Tract 74.12,071,5763,760,2396262,0
06071007411,Census Tract 74.11,071,1624,395,1514343,0
06071009123,Census Tract 91.23,071,3394,925,23137808,0
06071009122,Census Tract 91.22,071,5961,1543,46469049,0
06065040403,Census Tract 404.03,065,5635,694,4939000,141825
06065040501,Census Tract 405.01,065,7921,879,5111202,0
06065040503,Census Tract 405.03,065,3646,351,3850176,90089
06065040603,Census Tract 406.03,065,2674,622,2966116,255183
06071007202,Census Tract 72.02,071,2415,368,7631739,0
06071008405,Census Tract 84.05,071,5161,496,2017890,0
06071007201,Census Tract 72.01,071,4467,700,1780910,0
06071005102,Census Tract 51.02,071,4135,638,1840270,0
06071004902,Census Tract 49.02,071,2717,362,2856960,35047
06071007112,Census Tract 71.12,071,2977,494,925861,0
06071007111,Census Tract 71.11,071,3783,561,1696606,0
06071004901,Census Tract 49.01,071,4199,838,1979622,0
06071004511,Census Tract 45.11,071,4067,1073,1598169,0
06071005501,Census Tract 55.01,071,3424,1100,608141,0
06071005502,Census Tract 55.02,071,5406,712,1154441,0
06071003201,Census Tract 32.01,071,3558,625,1296754,0
06071003202,Census Tract 32.02,071,4759,914,1294810,0
06071002707,Census Tract 27.07,071,3273,972,1499873,0
06071002309,Census Tract 23.09,071,3562,375,1336316,0
06071002608,Census Tract 26.08,071,6202,1213,8627319,0
06071002609,Census Tract 26.09,071,3108,990,12816654,0
06071002043,Census Tract 20.43,071,6673,1155,3549546,0
06071002045,Census Tract 20.45,071,2389,244,1211333,0
06071002313,Census Tract 23.13,071,6206,749,2010106,0
06071000308,Census Tract 3.08,071,3719,522,779575,0
06071000306,Census Tract 3.06,071,2877,276,2145533,0
06071001908,Census Tract 19.08,071,7556,672,14622958,0
06071006304,Census Tract 63.04,071,4815,987,1387818,0
06071009132,Census Tract 91.32,071,2599,408,13277713,0
06071006101,Census Tract 61.01,071,4330,556,2634721,0
06071001910,Census Tract 19.10,071,1945,273,12853404,0
06071012201,Census Tract 122.01,071,7408,807,3714520,0
06071001911,Census Tract 19.11,071,5884,853,1785948,0
06071002112,Census Tract 21.12,071,4471,615,9109659,0
06071002111,Census Tract 21.11,071,3767,637,3484012,0
06071012202,Census Tract 122.02,071,2987,152,7273142,0
06071000119,Census Tract 1.19,071,4198,409,2030635,72596
06071006102,Census Tract 61.02,071,5314,1615,1725987,0
06071009128,Census Tract 91.28,071,5162,526,7785380,0
06071009127,Census Tract 91.27,071,8989,973,2723229,0
06071005101,Census Tract 51.01,071,4913,832,3186813,0
06071011602,Census Tract 116.02,071,2906,563,3436597019,584096
06071009126,Census Tract 91.26,071,6375,622,21851632,0
06071009134,Census Tract 91.34,071,871,231,472829550,1017671
06065040604,Census Tract 406.04,065,5249,851,3793965,0
06065040605,Census Tract 406.05,065,3007,490,2216920,0
06067008122,Census Tract 81.22,067,3873,396,2504780,0
06071010031,Census Tract 100.31,071,4942,881,3629489,0
06071009718,Census Tract 97.18,071,3749,462,4422772,155595
06071009131,Census Tract 91.31,071,5973,1375,6521555,0
06071009137,Census Tract 91.37,071,4444,588,1827642,0
06071009135,Census Tract 91.35,071,5945,1003,19362772,0
06071009136,Census Tract 91.36,071,5565,1230,19261047,0
06071009138,Census Tract 91.38,071,6349,2572,3120675,0
06071009139,Census Tract 91.39,071,5773,1482,3918915,0
06071009125,Census Tract 91.25,071,6106,839,2289463,0
06071009124,Census Tract 91.24,071,4906,1081,2603015,0
06071008715,Census Tract 87.15,071,7518,1276,14762292,0
06071008716,Census Tract 87.16,071,6223,965,4104092,0
06071008713,Census Tract 87.13,071,3658,398,4087845,0
06071008712,Census Tract 87.12,071,4722,1372,11906197,0
06071008501,Census Tract 85.01,071,3675,613,4967186,0
06085512023,Census Tract 5120.23,085,5346,568,949056,0
06071008502,Census Tract 85.02,071,4514,818,21638870,0
06071008406,Census Tract 84.06,071,5688,887,5709224,0
06071008201,Census Tract 82.01,071,3633,986,999617,0
06071010041,Census Tract 100.41,071,5480,933,8128424,0
06071010042,Census Tract 100.42,071,4251,617,10981634,0
06071009120,Census Tract 91.20,071,4572,786,51247184,426
06071010434,Census Tract 104.34,071,1427,404,8274943,0
06071010433,Census Tract 104.33,071,4634,836,5243892,0
06071008202,Census Tract 82.02,071,1864,157,1363094,0
06071008003,Census Tract 80.03,071,3477,570,1289255,0
06071007605,Census Tract 76.05,071,4205,630,787988,0
06071007606,Census Tract 76.06,071,3335,864,1811088,0
06071002406,Census Tract 24.06,071,2602,451,2394436,0
06071002403,Census Tract 24.03,071,4689,772,2638380,0
06071002404,Census Tract 24.04,071,3987,792,1300066,0
06067008129,Census Tract 81.29,067,2715,476,1138971,0
06067008130,Census Tract 81.30,067,4307,625,1702679,0
06071007002,Census Tract 70.02,071,5176,917,1584359,0
06071007001,Census Tract 70.01,071,2996,553,901070,0
06071002709,Census Tract 27.09,071,7815,618,13642108,0
06071010029,Census Tract 100.29,071,3826,417,5999572,34056
06071010028,Census Tract 100.28,071,6001,1547,9409380,0
06071010035,Census Tract 100.35,071,3901,847,2613248,0
06071009721,Census Tract 97.21,071,5913,802,3990198,0
06071010033,Census Tract 100.33,071,1879,402,1453692,0
06071009800,Census Tract 98,071,4691,964,3351495,0
06071009121,Census Tract 91.21,071,2493,520,31930643,7094
06071002044,Census Tract 20.44,071,4220,559,2075477,21276
06071002041,Census Tract 20.41,071,5341,817,7283225,0
06071000122,Census Tract 1.22,071,3878,909,30904188,0
06071010425,Census Tract 104.25,071,770,241,3476093830,53327
06071002040,Census Tract 20.40,071,5540,544,3030758,0
06071002314,Census Tract 23.14,071,6202,1039,4133452,0
06071002708,Census Tract 27.08,071,6512,873,2479130,0
06071010038,Census Tract 100.38,071,5372,870,2573753,0
06071002308,Census Tract 23.08,071,10143,1597,4420756,0
06071002311,Census Tract 23.11,071,6498,1416,1359299,0
06071002310,Census Tract 23.10,071,5143,997,1546642,0
06071002312,Census Tract 23.12,071,5305,771,3318516,0
06071010034,Census Tract 100.34,071,5217,1094,55677225,0
06071002315,Census Tract 23.15,071,3649,326,2562025,0
06071010426,Census Tract 104.26,071,2318,365,91095714,0
06071010436,Census Tract 104.36,071,1056,243,132113545,0
06071010427,Census Tract 104.27,071,2637,526,4909428,0
06071010428,Census Tract 104.28,071,3843,422,49110952,0
06071010905,Census Tract 109.05,071,2041,534,81656355,1178386
06071010906,Census Tract 109.06,071,821,276,4345094,1471745
06071012105,Census Tract 121.05,071,2760,546,389656280,0
06071012106,Census Tract 121.06,071,2452,537,917781904,0
06071010435,Census Tract 104.35,071,1912,345,157553072,0
06071010431,Census Tract 104.31,071,1823,1277,162884679,0
06071011406,Census Tract 114.06,071,2317,571,2391162,9372
06071000121,Census Tract 1.21,071,8244,854,23939885,0
06071010432,Census Tract 104.32,071,1843,326,336026638,0
06071010429,Census Tract 104.29,071,4481,725,15253491,0
06071010430,Census Tract 104.30,071,3727,488,12287674,0
06071011407,Census Tract 114.07,071,1897,454,4074292,0
06071008711,Census Tract 87.11,071,2822,276,48238863,11185
06071007308,Census Tract 73.08,071,4724,457,7447492,2371
06071011405,Census Tract 114.05,071,1733,486,7084933,0
06071011004,Census Tract 110.04,071,976,281,3666672,0
06071011003,Census Tract 110.03,071,1660,332,5258802,0
06071010903,Census Tract 109.03,071,2185,682,7054725,599633
06071007906,Census Tract 79.06,071,3867,335,9005769,14073
06071010904,Census Tract 109.04,071,2324,705,6104095,25948
06071010805,Census Tract 108.05,071,2901,1195,200414769,3666001
06071010806,Census Tract 108.06,071,2668,657,12526996,0
06071010032,Census Tract 100.32,071,6436,721,4814591,0
06071004512,Census Tract 45.12,071,4766,795,5817641,0
06071009719,Census Tract 97.19,071,3050,464,16843913,175613
06037221500,Census Tract 2215,037,3542,575,380722,0
06037221710,Census Tract 2217.10,037,2469,452,327983,0
06037221900,Census Tract 2219,037,4775,472,410027,0
06037222100,Census Tract 2221,037,3964,820,478935,0
06037222200,Census Tract 2222,037,3474,518,481869,0
06037222500,Census Tract 2225,037,4076,723,652465,0
06037222700,Census Tract 2227,037,4632,202,821876,0
06071010019,Census Tract 100.19,071,5839,603,9098830,0
06071000401,Census Tract 4.01,071,6460,864,5985371,0
06071005800,Census Tract 58,071,3365,516,1626333,40644
06071008708,Census Tract 87.08,071,4118,396,3535108,0
06037224010,Census Tract 2240.10,037,2964,445,830399,0
06037224020,Census Tract 2240.20,037,2989,614,1232331,0
06037234600,Census Tract 2346,037,4731,663,1303261,598
06037234700,Census Tract 2347,037,3650,697,742058,0
06037235100,Census Tract 2351,037,4121,452,1181474,0
06037265100,Census Tract 2651,037,2194,349,2362034,0
06037265301,Census Tract 2653.01,037,13681,495,1595806,0
06037265303,Census Tract 2653.03,037,4184,701,147998,0
06037265304,Census Tract 2653.04,037,3603,421,130983,0
06037265410,Census Tract 2654.10,037,1732,365,710541,0
06071010014,Census Tract 100.14,071,5487,994,3951346,0
06071011900,Census Tract 119,071,2371,510,359011524,0
06067009105,Census Tract 91.05,067,3002,345,877227,0
06067009404,Census Tract 94.04,067,7235,944,179905442,0
06017030402,Census Tract 304.02,017,3571,573,10957648,0
06017031405,Census Tract 314.05,017,2332,249,28275410,0
06017031406,Census Tract 314.06,017,5129,820,77502327,1932678
06113010902,Census Tract 109.02,113,6067,912,1937839,0
06003010000,Census Tract 100,003,1616,239,1912292607,12557304
06113011001,Census Tract 110.01,113,6130,884,2296563,0
06037237720,Census Tract 2377.20,037,3410,722,325225,0
06037237800,Census Tract 2378,037,4324,781,972785,0
06037238000,Census Tract 2380,037,5831,969,1663572,0
06037238100,Census Tract 2381,037,4922,842,983749,0
06037238200,Census Tract 2382,037,6588,1113,1026631,0
06037238310,Census Tract 2383.10,037,5248,1059,397068,0
06037238320,Census Tract 2383.20,037,3617,632,468279,0
06037238400,Census Tract 2384,037,4601,662,1301542,0
06037239320,Census Tract 2393.20,037,2940,408,347073,0
06037211000,Census Tract 2110,037,5054,592,2656762,0
06037211310,Census Tract 2113.10,037,3672,619,143939,0
06037211410,Census Tract 2114.10,037,2767,484,270793,0
06037211500,Census Tract 2115,037,3825,517,909039,0
06037211701,Census Tract 2117.01,037,2895,450,651516,0
06037211910,Census Tract 2119.10,037,4039,485,137966,0
06037212202,Census Tract 2122.02,037,3870,709,206471,0
06037212204,Census Tract 2122.04,037,3597,632,213185,0
06037212304,Census Tract 2123.04,037,1640,265,205676,0
06037212306,Census Tract 2123.06,037,2686,472,161926,0
06037212420,Census Tract 2124.20,037,2762,332,143454,0
06037212610,Census Tract 2126.10,037,4114,604,357157,0
06037212620,Census Tract 2126.20,037,4040,469,288619,0
06065040702,Census Tract 407.02,065,2601,292,3121852,0
06037212800,Census Tract 2128,037,3479,508,781275,0
06037212900,Census Tract 2129,037,3421,588,373620,0
06037213100,Census Tract 2131,037,2814,323,537044,0
06065045207,Census Tract 452.07,065,4925,653,2020458,0
06067008124,Census Tract 81.24,067,4905,621,2433979,0
06067008125,Census Tract 81.25,067,5520,810,2558211,0
06067008127,Census Tract 81.27,067,4533,523,2321745,0
06113011002,Census Tract 110.02,113,2808,511,1604664,0
06113011101,Census Tract 111.01,113,2864,468,1310116,0
06113011103,Census Tract 111.03,113,3759,560,1295892,0
06065041001,Census Tract 410.01,065,2710,542,490471,0
06037224200,Census Tract 2242,037,2171,528,368196,0
06037224320,Census Tract 2243.20,037,3872,735,290769,0
06037224420,Census Tract 2244.20,037,2051,338,358656,0
06113010201,Census Tract 102.01,113,3573,470,2960934,299171
06113011203,Census Tract 112.03,113,3280,940,1283042,0
06113011204,Census Tract 112.04,113,6688,917,2563739,0
06037224600,Census Tract 2246,037,3040,412,718926,0
06037265420,Census Tract 2654.20,037,1696,249,730774,0
06037267800,Census Tract 2678,037,3600,403,1151184,0
06037267600,Census Tract 2676,037,2767,429,1273089,0
06037267700,Census Tract 2677,037,3744,456,814658,0
06099002904,Census Tract 29.04,099,2739,308,7773221,312934
06015990000,Census Tract 9900,015,0,14,0,454881619
06037235201,Census Tract 2352.01,037,2925,554,652606,0
06037235202,Census Tract 2352.02,037,4195,572,851554,0
06065042210,Census Tract 422.10,065,5645,848,1347314,0
06065042402,Census Tract 424.02,065,5567,1056,2964941,0
06105000102,Census Tract 1.02,105,5071,712,1162324488,1461374
06105000101,Census Tract 1.01,105,3629,616,1424120036,66524135
06065042403,Census Tract 424.03,065,5259,1494,1974412,0
06065042404,Census Tract 424.04,065,2639,423,1018981,0
06037269800,Census Tract 2698,037,3384,436,467088,0
06113010203,Census Tract 102.03,113,5188,721,10247743,756079
06113010204,Census Tract 102.04,113,5691,789,1890988,0
06065042708,Census Tract 427.08,065,6206,779,2613609,0
06065044907,Census Tract 449.07,065,4989,633,1318457,0
06065045704,Census Tract 457.04,065,3273,497,714477,0
06113010509,Census Tract 105.09,113,3126,395,1048187,0
06065031001,Census Tract 310.01,065,5429,660,1984588,0
06065031002,Census Tract 310.02,065,5247,1081,1228758,0
06065040703,Census Tract 407.03,065,2842,414,4223913,127091
06067008128,Census Tract 81.28,067,2123,205,1006275,0
06065041002,Census Tract 410.02,065,3219,416,1022398,0
06067008131,Census Tract 81.31,067,6038,882,2916423,0
06081600800,Census Tract 6008,081,7393,1051,592260,0
06081600900,Census Tract 6009,081,3887,598,1987344,306980
06113010510,Census Tract 105.10,113,5851,662,4633034,0
06095250300,Census Tract 2503,095,3481,558,1097782,0
06067008132,Census Tract 81.32,067,3855,633,1967349,0
06067008133,Census Tract 81.33,067,2277,211,903786,0
06067008134,Census Tract 81.34,067,5155,661,1630864,0
06037226410,Census Tract 2264.10,037,3334,409,282483,0
06037227020,Census Tract 2270.20,037,3232,660,440119,0
06037228100,Census Tract 2281,037,4189,919,1003328,0
06037228210,Census Tract 2282.10,037,3579,507,411032,0
06037228220,Census Tract 2282.20,037,4565,635,366214,0
06037228310,Census Tract 2283.10,037,4470,517,546319,0
06037228320,Census Tract 2283.20,037,3166,680,337041,0
06037228420,Census Tract 2284.20,037,2781,529,277393,0
06037228710,Census Tract 2287.10,037,4127,668,404789,0
06037228720,Census Tract 2287.20,037,4773,629,404152,0
06037269000,Census Tract 2690,037,4953,714,2294749,0
06037269100,Census Tract 2691,037,4227,958,839267,0
06037269300,Census Tract 2693,037,3757,440,2205507,3034
06037269500,Census Tract 2695,037,3962,563,1384207,0
06037269700,Census Tract 2697,037,4043,521,897605,0
06037228800,Census Tract 2288,037,5503,726,844484,0
06037228900,Census Tract 2289,037,3410,518,515517,0
06037229100,Census Tract 2291,037,4420,606,475049,0
06067009609,Census Tract 96.09,067,5767,1075,1413520,0
06067009610,Census Tract 96.10,067,7304,1134,1867802,0
06113010602,Census Tract 106.02,113,5761,900,2085938,0
06067002600,Census Tract 26,067,2778,348,937495,0
06037237710,Census Tract 2377.10,037,4062,1108,432281,0
06037239330,Census Tract 2393.30,037,3424,890,979523,0
06037240700,Census Tract 2407,037,6196,847,1194497,0
06037240800,Census Tract 2408,037,4333,712,630658,7788
06037241110,Census Tract 2411.10,037,3266,798,486637,0
06037241120,Census Tract 2411.20,037,4313,811,663697,0
06065042520,Census Tract 425.20,065,5209,1091,1487313,0
06065042709,Census Tract 427.09,065,5158,674,5655497,0
06037241400,Census Tract 2414,037,4022,513,575556,0
06065042711,Census Tract 427.11,065,3904,367,4596914,0
06065042714,Census Tract 427.14,065,3073,430,2237571,321581
06065045209,Census Tract 452.09,065,5915,998,2028867,0
06067008135,Census Tract 81.35,067,4567,828,1391918,0
06081601000,Census Tract 6010,081,7500,916,2701564,1452216
06067008136,Census Tract 81.36,067,3302,741,1472049,0
06067008138,Census Tract 81.38,067,4581,1067,1807427,0
06067008139,Census Tract 81.39,067,3511,444,1335346,0
06067008141,Census Tract 81.41,067,7895,1028,2098244,0
06067008142,Census Tract 81.42,067,3383,475,1503366,0
06067008143,Census Tract 81.43,067,3916,405,2405911,0
06067008144,Census Tract 81.44,067,3276,540,1405514,0
06037262302,Census Tract 2623.02,037,2973,342,3063535,0
06037229200,Census Tract 2292,037,4319,915,445674,0
06037229300,Census Tract 2293,037,5641,862,502416,515
06037229410,Census Tract 2294.10,037,3788,1050,542426,0
06037229420,Census Tract 2294.20,037,4796,677,584157,0
06037231100,Census Tract 2311,037,2785,418,894059,0
06037231210,Census Tract 2312.10,037,3984,561,320683,0
06037231220,Census Tract 2312.20,037,4274,854,965178,0
06037231400,Census Tract 2314,037,4633,712,621035,0
06037231710,Census Tract 2317.10,037,4190,744,323785,0
06065043003,Census Tract 430.03,065,7628,1112,1747656,0
06065043211,Census Tract 432.11,065,6814,1381,2562985,0
06065043220,Census Tract 432.20,065,4895,517,1778776,0
06065043304,Census Tract 433.04,065,9290,1544,107629134,28665
06065043306,Census Tract 433.06,065,5121,440,1926155,0
06065043307,Census Tract 433.07,065,7065,993,3647773,0
06099003610,Census Tract 36.10,099,5538,916,2379626,25717
06099003611,Census Tract 36.11,099,4619,715,1339264,0
06099003501,Census Tract 35.01,099,7342,750,8307787,0
06099003502,Census Tract 35.02,099,5371,779,8750513,58520
06099000405,Census Tract 4.05,099,2682,439,25612815,0
06099000913,Census Tract 9.13,099,6990,881,2619291,0
06099002506,Census Tract 25.06,099,2022,598,3884762,0
06065044805,Census Tract 448.05,065,1604,243,1291137,0
06001406601,Census Tract 4066.01,001,4426,572,747403,0
06001405402,Census Tract 4054.02,001,3212,613,285369,0
06099000511,Census Tract 5.11,099,6264,1107,3239765,0
06099003003,Census Tract 30.03,099,7594,663,8989960,77522
06099003608,Census Tract 36.08,099,6889,904,11396074,0
06037240010,Census Tract 2400.10,037,3986,572,588434,0
06037240200,Census Tract 2402,037,5728,819,746814,0
06065045302,Census Tract 453.02,065,4183,754,1663313,0
06065045501,Census Tract 455.01,065,6124,956,2279432,0
06099000915,Census Tract 9.15,099,4004,488,1916954,24596
06099003612,Census Tract 36.12,099,7868,987,3098173,0
06099000205,Census Tract 2.05,099,4378,594,6818196,0
06099002304,Census Tract 23.04,099,3036,560,1278597,5804
06099003609,Census Tract 36.09,099,3119,446,1320133,0
06099000914,Census Tract 9.14,099,5491,587,1938107,0
06099000406,Census Tract 4.06,099,5874,549,2042136,0
06099002505,Census Tract 25.05,099,5427,712,1296398,0
06099002303,Census Tract 23.03,099,5131,895,2633400,120573
06037240500,Census Tract 2405,037,6480,1156,812533,0
06099003607,Census Tract 36.07,099,2686,629,84951469,37824
06099000407,Census Tract 4.07,099,3539,857,14967122,85667
06099003203,Census Tract 32.03,099,6307,1186,8350206,55612
06099003205,Census Tract 32.05,099,5443,1187,1918602,0
06099003206,Census Tract 32.06,099,5180,990,3305545,0
06099000512,Census Tract 5.12,099,3020,646,1160918,0
06099003204,Census Tract 32.04,099,2288,430,1709061,0
06099003004,Census Tract 30.04,099,3244,1693,7654156,0
06099000514,Census Tract 5.14,099,4575,1065,1070603,0
06037270200,Census Tract 2702,037,3401,500,758090,6115
06037270300,Census Tract 2703,037,2599,402,963539,12995
06037271100,Census Tract 2711,037,2438,308,804371,0
06037271200,Census Tract 2712,037,2931,622,524468,0
06037271300,Census Tract 2713,037,4865,646,1470376,0
06037271400,Census Tract 2714,037,3331,379,1149044,0
06029005900,Census Tract 59,029,4492,693,48937545,201779
06113010605,Census Tract 106.05,113,3581,441,2097304,28575
06099000513,Census Tract 5.13,099,3925,402,6193029,7060
06099000204,Census Tract 2.04,099,5007,649,3984083,58278
06099002903,Census Tract 29.03,099,6444,638,13689832,0
06113010607,Census Tract 106.07,113,4153,523,3538352,0
06081601700,Census Tract 6017,081,4461,484,1241829,0
06081601800,Census Tract 6018,081,6025,698,1847468,0
06065042406,Census Tract 424.06,065,4545,736,984691,0
06065042405,Census Tract 424.05,065,4877,669,1011046,0
06113010701,Census Tract 107.01,113,4970,542,2068993,0
06113010703,Census Tract 107.03,113,6090,770,1318455,0
06113010704,Census Tract 107.04,113,2740,353,857147,0
06065043308,Census Tract 433.08,065,2960,341,971739,0
06065043309,Census Tract 433.09,065,3562,500,1216686,0
06065043310,Census Tract 433.10,065,3023,558,1671433,0
06065043311,Census Tract 433.11,065,2362,240,1277760,0
06065043312,Census Tract 433.12,065,4896,889,1458795,0
06065043313,Census Tract 433.13,065,3295,371,1432439,0
06065044806,Census Tract 448.06,065,1655,236,1236994,58463
06001437102,Census Tract 4371.02,001,4352,696,870005,0
06001435601,Census Tract 4356.01,001,4874,648,946094,0
06067008145,Census Tract 81.45,067,7756,887,3391853,0
06067008203,Census Tract 82.03,067,5163,739,6096156,22112
06067008204,Census Tract 82.04,067,4784,482,2597949,0
06065044911,Census Tract 449.11,065,5203,728,5361192,233856
06067008510,Census Tract 85.10,067,5127,478,3988487,0
06113010800,Census Tract 108,113,3158,372,3891162,0
06113010901,Census Tract 109.01,113,5438,1065,1951306,0
06067008206,Census Tract 82.06,067,5887,790,2821078,0
06067008208,Census Tract 82.08,067,4283,499,3545039,0
06067008209,Census Tract 82.09,067,4411,397,3490483,54226
06037231800,Census Tract 2318,037,4995,809,520258,0
06037232110,Census Tract 2321.10,037,3375,488,380033,0
06065044916,Census Tract 449.16,065,5210,955,2590320,0
06065045502,Census Tract 455.02,065,3558,618,1606670,0
06067007301,Census Tract 73.01,067,5450,707,12797507,0
06067009637,Census Tract 96.37,067,6821,857,2173528,0
06067988300,Census Tract 9883,067,4432,283,3824924,166308
06067007101,Census Tract 71.01,067,1355,301,75757022,756966
06067007105,Census Tract 71.05,067,6735,924,1902986,28911
06067003203,Census Tract 32.03,067,3028,385,985423,0
06067009326,Census Tract 93.26,067,4253,487,13633767,0
06067009330,Census Tract 93.30,067,4980,1233,5925545,0
06071009709,Census Tract 97.09,071,6714,1028,7734045,0
06071010012,Census Tract 100.12,071,4499,453,11204885,62726
06037232200,Census Tract 2322,037,3581,559,522951,0
06067009611,Census Tract 96.11,067,3899,862,1926339,0
06067009614,Census Tract 96.14,067,6610,627,2252500,0
06067009616,Census Tract 96.16,067,6544,889,2169752,0
06071010010,Census Tract 100.10,071,7097,996,10850191,0
06071010011,Census Tract 100.11,071,5101,448,5962740,0
06071010016,Census Tract 100.16,071,7034,1124,5954851,0
06037242700,Census Tract 2427,037,4724,929,1015210,0
06037242100,Census Tract 2421,037,2167,478,459615,0
06005000201,Census Tract 2.01,005,2815,460,184609358,158144
06005000202,Census Tract 2.02,005,1870,471,138568287,0
06037243100,Census Tract 2431,037,5004,850,586033,0
06037261200,Census Tract 2612,037,3929,495,7267513,323001
06065041809,Census Tract 418.09,065,5327,424,2712782,0
06065041810,Census Tract 418.10,065,5821,741,3521967,0
06065041812,Census Tract 418.12,065,3539,330,1303241,0
06065041813,Census Tract 418.13,065,6777,911,1788872,0
06065042407,Census Tract 424.07,065,3681,580,1296232,0
06065042408,Census Tract 424.08,065,3170,430,1357301,0
06065042409,Census Tract 424.09,065,3882,736,1558036,0
06065042410,Census Tract 424.10,065,5679,650,2261467,125929
06065042411,Census Tract 424.11,065,2588,329,1340148,0
06001437701,Census Tract 4377.01,001,3638,673,484105,0
06065043314,Census Tract 433.14,065,4584,862,1945617,0
06065043315,Census Tract 433.15,065,2662,522,1747655,0
06065043401,Census Tract 434.01,065,6641,1234,3243410,0
06065043403,Census Tract 434.03,065,3346,637,971938,0
06065043404,Census Tract 434.04,065,2300,399,1185425,0
06053011202,Census Tract 112.02,053,8293,783,3803256,202
06053013400,Census Tract 134,053,1522,212,1149816,5204
06053010101,Census Tract 101.01,053,4053,544,26124812,1307184
06065045703,Census Tract 457.03,065,7495,880,3083884,0
06053000104,Census Tract 1.04,053,3413,418,2038309,4276
06037311801,Census Tract 3118.01,037,2811,463,599511,6692
06053001300,Census Tract 13,053,3092,648,924510,0
06067008210,Census Tract 82.10,067,6161,831,5534092,531100
06067008211,Census Tract 82.11,067,2835,369,7710388,3934
06067008402,Census Tract 84.02,067,6223,779,3233454,0
06067008403,Census Tract 84.03,067,5760,737,2977031,0
06067008404,Census Tract 84.04,067,4399,1086,2754594,330897
06067009612,Census Tract 96.12,067,5251,630,1518822,0
06067009800,Census Tract 98,067,2062,336,116677657,39447557
06019000200,Census Tract 2,019,3029,546,1988144,0
06067009112,Census Tract 91.12,067,3504,434,2990983,0
06067009308,Census Tract 93.08,067,7006,1366,2897733,0
06065041905,Census Tract 419.05,065,2757,602,805657,0
06053001400,Census Tract 14,053,3078,392,1239633,0
06067009617,Census Tract 96.17,067,3557,1119,2122348,103500
06067009618,Census Tract 96.18,067,5148,644,15198729,219134
06081611400,Census Tract 6114,081,4215,297,8805615,82320
06081609603,Census Tract 6096.03,081,4813,341,5981603,0
06037534403,Census Tract 5344.03,037,3246,615,323496,0
06065041906,Census Tract 419.06,065,6522,845,1427790,23643
06065042010,Census Tract 420.10,065,5732,611,10972812,0
06065042505,Census Tract 425.05,065,3363,412,3605261,0
06103000100,Census Tract 1,103,5342,735,2992366306,9139794
06103000300,Census Tract 3,103,4865,658,3325977025,9631178
06103000400,Census Tract 4,103,5705,842,285091142,2666128
06103000800,Census Tract 8,103,4048,615,130901189,1880376
06081602300,Census Tract 6023,081,4245,731,10104665,3291438
06081609602,Census Tract 6096.02,081,1719,230,996738,0
06081613000,Census Tract 6130,081,3245,522,4650300,3133
06081603000,Census Tract 6030,081,4361,486,3540583,623386
06081604500,Census Tract 6045,081,3574,396,1626558,0
06081607600,Census Tract 6076,081,4566,460,1304925,0
06081611100,Census Tract 6111,081,6347,664,3346675,10047
06081607000,Census Tract 6070,081,3344,359,2278373,0
06081604900,Census Tract 6049,081,3140,476,1544633,0
06081610302,Census Tract 6103.02,081,4823,873,24044818,9471694
06081613400,Census Tract 6134,081,3077,336,45125069,14986
06081602900,Census Tract 6029,081,3533,529,1360940,842095
06081602800,Census Tract 6028,081,4892,604,1198207,0
06081603200,Census Tract 6032,081,3600,478,4523801,1796604
06065042507,Census Tract 425.07,065,6457,614,5178182,41515
06065042508,Census Tract 425.08,065,5770,782,1276700,0
06065042510,Census Tract 425.10,065,5019,863,1277147,0
06065043405,Census Tract 434.05,065,4490,728,1723621,0
06065043503,Census Tract 435.03,065,4198,516,2703177,0
06065043506,Census Tract 435.06,065,7852,1493,4874538,0
06037531602,Census Tract 5316.02,037,3671,635,448314,0
06037219700,Census Tract 2197,037,3876,843,1092488,0
06037221820,Census Tract 2218.20,037,2700,414,204263,0
06037242000,Census Tract 2420,037,3857,641,646734,0
06037264000,Census Tract 2640,037,3145,393,1868031,0
06053000200,Census Tract 2,053,6932,732,1642438,0
06053000300,Census Tract 3,053,4672,733,1227263,0
06053000400,Census Tract 4,053,8202,1368,2509095,0
06103000600,Census Tract 6,103,5669,875,13098010,1069664
06077004308,Census Tract 43.08,077,3952,618,760132,0
06077004403,Census Tract 44.03,077,3628,469,1017539,0
06083000900,Census Tract 9,083,3533,612,1808183,0
06083001101,Census Tract 11.01,083,4872,886,825969,0
06083001102,Census Tract 11.02,083,4387,555,562293,0
06077005130,Census Tract 51.30,077,3172,433,1345564,0
06077005208,Census Tract 52.08,077,6594,717,1978300,0
06113010608,Census Tract 106.08,113,5858,787,2121573,0
06065045706,Census Tract 457.06,065,4524,787,2775970,0
06053000800,Census Tract 8,053,5624,991,1024458,0
06083000501,Census Tract 5.01,083,3168,398,23507225,126163
06083002010,Census Tract 20.10,083,4333,495,2434906,0
06083002809,Census Tract 28.09,083,5239,957,212748145,223637
06083002808,Census Tract 28.08,083,6776,865,29936409,1674
06077002401,Census Tract 24.01,077,5215,1144,1923327,6835
06083000103,Census Tract 1.03,083,3990,669,43037176,10299
06083000502,Census Tract 5.02,083,5352,631,2970586,0
06077004106,Census Tract 41.06,077,2823,518,84261678,208457
06083002907,Census Tract 29.07,083,4096,740,44854805,120518
06077004307,Census Tract 43.07,077,4002,675,1598169,0
06083002006,Census Tract 20.06,083,2895,356,436187187,1467805
06077004703,Census Tract 47.03,077,3655,559,168482865,7714866
06077004704,Census Tract 47.04,077,5575,655,305447922,2314203
06083002005,Census Tract 20.05,083,5231,642,6347538,0
06083000600,Census Tract 6,083,4824,595,4003409,0
06083001800,Census Tract 18,083,964,150,3000323737,20559468
06083000700,Census Tract 7,083,6546,511,22615507,1410
06083001500,Census Tract 15,083,2683,328,32122625,12040
06077002503,Census Tract 25.03,077,2190,298,1797962,95664
06083001203,Census Tract 12.03,083,3249,630,1757916,8848
06065031100,Census Tract 311,065,5227,655,2897582,0
06065044702,Census Tract 447.02,065,2164,507,1631410,0
06065040806,Census Tract 408.06,065,2744,360,2703866,108594
06081613501,Census Tract 6135.01,081,4379,566,85005599,5409388
06081609700,Census Tract 6097,081,4608,500,5392870,7218
06081609500,Census Tract 6095,081,4686,508,1905428,0
06081604700,Census Tract 6047,081,2793,374,1104430,0
06081600300,Census Tract 6003,081,4052,587,2190239,0
06081609601,Census Tract 6096.01,081,3460,483,2410138,0
06081603300,Census Tract 6033,081,6413,726,7993755,0
06081608001,Census Tract 6080.01,081,3387,364,583779,25097
06081605000,Census Tract 6050,081,8273,903,4098303,0
06065041201,Census Tract 412.01,065,3789,417,2584651,0
06065041202,Census Tract 412.02,065,4790,534,1244763,0
06053000900,Census Tract 9,053,5478,861,1656985,0
06081608900,Census Tract 6089,081,6953,848,6109857,11005
06081602700,Census Tract 6027,081,5792,600,1804160,0
06081604200,Census Tract 6042,081,3772,897,1743787,0
06065041203,Census Tract 412.03,065,4040,611,859630,0
06065041403,Census Tract 414.03,065,4427,509,2285517,0
06065041404,Census Tract 414.04,065,3697,492,1362653,0
06067008501,Census Tract 85.01,067,7271,1022,5416071,4198404
06067008504,Census Tract 85.04,067,5423,423,5885717,515287
06065043702,Census Tract 437.02,065,5064,687,2677535,106867
06065043703,Census Tract 437.03,065,3495,486,1318326,0
06077004105,Census Tract 41.05,077,5319,765,9254149,174903
06077005131,Census Tract 51.31,077,6967,880,77221976,73677
06077005132,Census Tract 51.32,077,3002,563,920247,0
06077005133,Census Tract 51.33,077,4242,417,1519859,0
06077005134,Census Tract 51.34,077,5158,696,1635201,0
06065043807,Census Tract 438.07,065,6271,1058,5130332,0
06065043900,Census Tract 439,065,5694,877,2961860,0
06077005308,Census Tract 53.08,077,3873,455,1398377,0
06077004404,Census Tract 44.04,077,4233,553,3920316,0
06019004409,Census Tract 44.09,019,3400,284,2930756,8000
06019004214,Census Tract 42.14,019,5549,906,2479195,38951
06083002303,Census Tract 23.03,083,5953,819,1314499,0
06083002708,Census Tract 27.08,083,2769,418,1456120,0
06083001601,Census Tract 16.01,083,6095,936,4225137,0
06081601400,Census Tract 6014,081,7613,1106,1471931,0
06017030706,Census Tract 307.06,017,6132,597,7670302,0
06017030710,Census Tract 307.10,017,6234,706,7881014,15273
06017031900,Census Tract 319,017,38,31,493669529,154255
06061022300,Census Tract 223,061,577,158,26970760,1445823
06067008512,Census Tract 85.12,067,5241,552,4000576,0
06013302006,Census Tract 3020.06,013,4192,608,6786050,7714519
06013302005,Census Tract 3020.05,013,7292,1593,3576977,0
06013313204,Census Tract 3132.04,013,5604,710,16995724,0
06083002906,Census Tract 29.06,083,4206,663,4243151,134224
06083002909,Census Tract 29.09,083,5309,559,2545144,0
06083002913,Census Tract 29.13,083,4167,542,2155273,0
06083002914,Census Tract 29.14,083,3088,401,1787434,0
06077004502,Census Tract 45.02,077,4311,702,1681662,0
06083000101,Census Tract 1.01,083,5769,625,3792510,0
06065046101,Census Tract 461.01,065,2389,291,1937847,0
06065046102,Census Tract 461.02,065,2050,334,1958379,0
06077005405,Census Tract 54.05,077,3653,413,1326259,0
06077005406,Census Tract 54.06,077,3091,592,1337452,0
06077002402,Census Tract 24.02,077,2037,390,1440103,33968
06077003217,Census Tract 32.17,077,3333,510,735342,1641
06077002504,Census Tract 25.04,077,4492,665,899262,0
06019005608,Census Tract 56.08,019,2969,551,1469709,19689
06019005518,Census Tract 55.18,019,6989,968,3149793,0
06019005520,Census Tract 55.20,019,4107,631,2622403,15416
06019005525,Census Tract 55.25,019,1688,394,21713660,0
06019005522,Census Tract 55.22,019,4993,747,5162986,13669
06019005524,Census Tract 55.24,019,4277,324,2689339,0
06001450743,Census Tract 4507.43,001,7616,694,4278807,0
06001451404,Census Tract 4514.04,001,6368,847,1675247,0
06083003001,Census Tract 30.01,083,6254,901,4047170,29299
06083003004,Census Tract 30.04,083,4734,751,1842510,0
06065031200,Census Tract 312,065,5984,876,3864570,0
06065031300,Census Tract 313,065,2648,419,2310049,0
06065040809,Census Tract 408.09,065,3374,517,2285044,0
06001403501,Census Tract 4035.01,001,6063,704,669873,0
06065031401,Census Tract 314.01,065,7403,965,2264166,0
06065031402,Census Tract 314.02,065,6321,1108,2252498,0
06065031501,Census Tract 315.01,065,6474,651,2612376,0
06079010504,Census Tract 105.04,079,2427,376,8028952,2418782
06079010602,Census Tract 106.02,079,3934,589,5241520,487118
06019003004,Census Tract 30.04,019,2248,239,1306365,0
06019004213,Census Tract 42.13,019,3506,454,1173305,0
06013313206,Census Tract 3132.06,013,6067,865,1730248,0
06065041405,Census Tract 414.05,065,5496,1089,1783302,0
06065041406,Census Tract 414.06,065,5991,987,1880015,0
06065041407,Census Tract 414.07,065,5777,726,1614719,0
06065041408,Census Tract 414.08,065,4774,735,1422469,0
06065041410,Census Tract 414.10,065,2673,377,1950234,0
06013338101,Census Tract 3381.01,013,5015,871,1128292,0
06013338102,Census Tract 3381.02,013,3173,429,1562768,0
06083000102,Census Tract 1.02,083,4830,654,2433380,0
06083002924,Census Tract 29.24,083,6072,737,480652,0
06083002926,Census Tract 29.26,083,4694,687,334446,0
06083002932,Census Tract 29.32,083,2342,389,231280470,2787863
06083003007,Census Tract 30.07,083,3166,406,11968028,612886
06077005502,Census Tract 55.02,077,5279,699,391526056,76299
06077003313,Census Tract 33.13,077,3313,464,507126,0
06001406500,Census Tract 4065,001,6046,678,745016,0
06083002008,Census Tract 20.08,083,6869,1615,3349908,0
06083002009,Census Tract 20.09,083,4128,440,2581367,0
06083002011,Census Tract 20.11,083,6017,1060,18364859,132746
06083002012,Census Tract 20.12,083,2858,284,3140442,0
06067008907,Census Tract 89.07,067,5174,1146,1542548,0
06067008908,Census Tract 89.08,067,5027,493,2218451,0
06067008909,Census Tract 89.09,067,2217,292,2685865,203779
06067008702,Census Tract 87.02,067,3154,565,3107819,213093
06065042512,Census Tract 425.12,065,3796,547,1603323,0
06077003216,Census Tract 32.16,077,3652,602,909040,29388
06019005911,Census Tract 59.11,019,8204,1089,3663870,0
06019005907,Census Tract 59.07,019,3363,397,2650183,31261
06019006202,Census Tract 62.02,019,6559,822,16761438,0
06095250105,Census Tract 2501.05,095,7825,1049,3445682,0
06083003005,Census Tract 30.05,083,4121,500,2569600,0
06083001905,Census Tract 19.05,083,3108,421,323713762,180279
06083002205,Census Tract 22.05,083,5420,804,1117871,0
06065044000,Census Tract 440,065,2062,332,2371701,0
06065044101,Census Tract 441.01,065,2750,417,1628524,0
06065044102,Census Tract 441.02,065,3459,532,1297274,0
06095250605,Census Tract 2506.05,095,4124,674,3049557,1155622
06095250604,Census Tract 2506.04,095,4122,640,2064899,587717
06095250103,Census Tract 2501.03,095,4507,377,2018951,1216
06095252311,Census Tract 2523.11,095,4239,423,7982777,22168
06065044103,Census Tract 441.03,065,7401,566,7693508,0
06083002101,Census Tract 21.01,083,5102,726,1384063,0
06083002102,Census Tract 21.02,083,1920,308,1352560,0
06019005516,Census Tract 55.16,019,5447,752,2367739,0
06019006502,Census Tract 65.02,019,4558,499,14519169,0
06083002103,Census Tract 21.03,083,6048,919,2845809,0
06083002013,Census Tract 20.13,083,2548,286,7226483,9757
06013368002,Census Tract 3680.02,013,4306,693,657215,0
06065046103,Census Tract 461.03,065,3083,420,7849134,0
06047002500,Census Tract 25,047,2470,307,516758245,2516833
06077003312,Census Tract 33.12,077,3225,409,562813,0
06077003409,Census Tract 34.09,077,4351,489,1393206,0
06077004501,Census Tract 45.01,077,2382,431,2320128,79879
06083002206,Census Tract 22.06,083,5712,927,1341423,0
06083002209,Census Tract 22.09,083,3989,656,1098382,0
06083002210,Census Tract 22.10,083,6626,841,2330406,377175
06083002304,Census Tract 23.04,083,6869,1640,1304263,0
06077005135,Census Tract 51.35,077,7945,673,15550528,0
06019006501,Census Tract 65.01,019,5880,586,47354547,0
06007001702,Census Tract 17.02,007,3700,556,34452118,1508
06007001800,Census Tract 18,007,1448,425,12111219,0
06007002000,Census Tract 20,007,1606,429,7168115,2216
06007002300,Census Tract 23,007,2321,719,75576503,2019287
06007003200,Census Tract 32,007,3904,551,39355730,37114
06007001500,Census Tract 15,007,5266,835,350550614,3546626
06007003400,Census Tract 34,007,3124,618,39257140,497865
06007002200,Census Tract 22,007,2248,548,136834444,32728
06007003600,Census Tract 36,007,3774,594,330797947,875414
06007002700,Census Tract 27,007,5783,782,13018993,369583
06065045103,Census Tract 451.03,065,3002,465,22524436,383371
06065046404,Census Tract 464.04,065,5931,597,10645119,0
06033000802,Census Tract 8.02,033,4530,596,3252244,1795962
06095252310,Census Tract 2523.10,095,3123,394,24825681,23108
06095252313,Census Tract 2523.13,095,4622,639,7128131,9535
06095252312,Census Tract 2523.12,095,3664,377,1619622,0
06095252611,Census Tract 2526.11,095,3874,775,943239,0
06095252911,Census Tract 2529.11,095,5363,878,4216645,16755
06081601501,Census Tract 6015.01,081,5436,800,717017,0
06081601502,Census Tract 6015.02,081,5046,523,816587,0
06081601603,Census Tract 6016.03,081,5905,609,1182662,0
06065041411,Census Tract 414.11,065,2732,364,891649,0
06065041412,Census Tract 414.12,065,4717,709,2153532,0
06065041702,Census Tract 417.02,065,4651,880,1521714,0
06065041704,Census Tract 417.04,065,3016,369,915676,0
06065041803,Census Tract 418.03,065,6001,545,3317402,0
06037267502,Census Tract 2675.02,037,3403,372,434714,0
06067009316,Census Tract 93.16,067,5175,878,1280254,0
06067009317,Census Tract 93.17,067,6891,777,2722160,0
06067009318,Census Tract 93.18,067,2088,192,1330305,0
06067009319,Census Tract 93.19,067,5155,598,2327857,0
06067009309,Census Tract 93.09,067,2388,263,2096562,0
06067009310,Census Tract 93.10,067,6171,482,5180180,0
06067009311,Census Tract 93.11,067,6506,926,6301844,0
06067009320,Census Tract 93.20,067,4113,549,1663289,0
06073007702,Census Tract 77.02,073,3368,551,618401,0
06073020308,Census Tract 203.08,073,6685,1093,1211944,0
06067009321,Census Tract 93.21,067,5635,790,1783127,0
06019006603,Census Tract 66.03,019,2328,329,1851336,99161
06019008501,Census Tract 85.01,019,4806,901,21328307,0
06019002903,Census Tract 29.03,019,3704,631,1292718,6153
06081609800,Census Tract 6098,081,4491,432,2048015,0
06065044200,Census Tract 442,065,6270,790,4044655,0
06065044509,Census Tract 445.09,065,5721,1165,2270917,0
06065044602,Census Tract 446.02,065,2764,621,2596842,0
06065044604,Census Tract 446.04,065,3355,421,3136508,0
06065044701,Census Tract 447.01,065,3201,256,2606696,0
06065042621,Census Tract 426.21,065,8138,912,2625610,0
06095253403,Census Tract 2534.03,095,5723,480,7539791,6653
06095252802,Census Tract 2528.02,095,1103,191,3603664,0
06095252912,Census Tract 2529.12,095,5386,554,2524729,0
06095252913,Census Tract 2529.13,095,4415,379,1778096,0
06095253404,Census Tract 2534.04,095,5901,751,2611533,0
06095252315,Census Tract 2523.15,095,4015,639,1704106,21531
06083002703,Census Tract 27.03,083,3320,417,2070767,25367
06019004208,Census Tract 42.08,019,7098,887,5727293,1052866
06019004210,Census Tract 42.10,019,3417,566,1743751,0
06019003003,Census Tract 30.03,019,4019,605,1319399,0
06081601604,Census Tract 6016.04,081,2461,404,1477521,0
06081601605,Census Tract 6016.05,081,5700,616,944259,0
06019000100,Census Tract 1,019,3364,277,843445,0
06065046200,Census Tract 462,065,2644,491,11752770,0
06073017801,Census Tract 178.01,073,6941,759,4345848,116020
06037503000,Census Tract 5030,037,5762,820,1328698,0
06019003103,Census Tract 31.03,019,6148,706,1549181,44730
06019001413,Census Tract 14.13,019,8550,810,10408154,107104
06019005607,Census Tract 56.07,019,4979,769,1342780,0
06019005409,Census Tract 54.09,019,3808,390,1302006,0
06019005203,Census Tract 52.03,019,4642,571,1304790,0
06065045109,Census Tract 451.09,065,4129,1190,1465211,0
06095252914,Census Tract 2529.14,095,5811,732,2441297,1432
06083002705,Census Tract 27.05,083,4322,620,1278141,0
06083002706,Census Tract 27.06,083,6025,774,1277089,0
06083002707,Census Tract 27.07,083,2603,347,1159855,5254
06037463800,Census Tract 4638,037,3978,542,2842600,24382
06037463900,Census Tract 4639,037,3007,333,1873331,8647
06037464000,Census Tract 4640,037,5455,715,3144311,1838
06037464200,Census Tract 4642,037,5451,904,3448978,11524
06073012303,Census Tract 123.03,073,3418,442,1537489,28342
06073004200,Census Tract 42,073,5678,670,2493055,0
06019001202,Census Tract 12.02,019,4149,869,3401940,0
06037271500,Census Tract 2715,037,3094,451,910071,0
06037272301,Census Tract 2723.01,037,3310,478,604024,0
06037272302,Census Tract 2723.02,037,3996,533,505134,0
06037273100,Census Tract 2731,037,3110,341,1177012,0
06037273200,Census Tract 2732,037,2792,424,642773,0
06037273300,Census Tract 2733,037,3151,460,573442,0
06037273600,Census Tract 2736,037,2279,332,588642,0
06073002904,Census Tract 29.04,073,9700,1052,1802461,0
06083000400,Census Tract 4,083,5221,643,2055433,1642
06083000801,Census Tract 8.01,083,4120,599,954415,0
06083002802,Census Tract 28.02,083,7405,992,5636266,14331
06083002806,Census Tract 28.06,083,2866,459,2119348,3077
06081608800,Census Tract 6088,081,6046,736,2861401,0
06081609400,Census Tract 6094,081,3251,334,1087523,0
06081613800,Census Tract 6138,081,4356,663,467817426,17465118
06081600200,Census Tract 6002,081,5004,717,1166497,0
06019003701,Census Tract 37.01,019,3101,351,1121536,0
06019001301,Census Tract 13.01,019,4971,669,1959392,0
06037480803,Census Tract 4808.03,037,2980,332,1091613,0
06037503201,Census Tract 5032.01,037,3883,750,1344850,0
06037503202,Census Tract 5032.02,037,4394,744,1140900,0
06019002702,Census Tract 27.02,019,4740,712,1307965,0
06007002100,Census Tract 21,007,1544,481,9227933,9678
06037501400,Census Tract 5014,037,3297,616,1061249,0
06037501503,Census Tract 5015.03,037,5484,762,804801,0
06037501504,Census Tract 5015.04,037,3551,599,745545,0
06037501802,Census Tract 5018.02,037,3304,375,775417,0
06073002502,Census Tract 25.02,073,7231,926,1893276,0
06073017052,Census Tract 170.52,073,5388,730,2197847,0
06073017055,Census Tract 170.55,073,4958,537,2060658,0
06073017056,Census Tract 170.56,073,4348,580,2783400,0
06007002500,Census Tract 25,007,5510,792,129336257,13061002
06007000603,Census Tract 6.03,007,3618,323,1107953,0
06007003300,Census Tract 33,007,4476,493,308506826,1516872
06007001900,Census Tract 19,007,919,394,8762620,3065
06007001400,Census Tract 14,007,6640,787,317350851,7383332
06075030900,Census Tract 309,075,6548,904,1881363,0
06075031100,Census Tract 311,075,6073,901,1071960,0
06075031000,Census Tract 310,075,4374,555,818834,0
06075032700,Census Tract 327,075,6573,909,844707,0
06073020213,Census Tract 202.13,073,4060,788,336346,0
06073020214,Census Tract 202.14,073,4643,656,1751493,0
06073000202,Census Tract 2.02,073,3755,537,1305997,0
06073002712,Census Tract 27.12,073,5309,793,2194507,0
06073003305,Census Tract 33.05,073,6200,949,1295184,0
06037480804,Census Tract 4808.04,037,4717,659,838408,0
06037480903,Census Tract 4809.03,037,2860,493,803827,0
06037481002,Census Tract 4810.02,037,5794,569,934855,0
06037481101,Census Tract 4811.01,037,4468,681,889216,0
06037481102,Census Tract 4811.02,037,3702,418,615716,0
06037481103,Census Tract 4811.03,037,5489,750,1413607,0
06037481201,Census Tract 4812.01,037,3784,553,1034688,0
06037481300,Census Tract 4813,037,3032,440,896760,0
06075033100,Census Tract 331,075,3755,489,892075,0
06075033201,Census Tract 332.01,075,3316,429,933928,0
06075035201,Census Tract 352.01,075,5020,792,939755,630051
06075035300,Census Tract 353,075,6525,739,1122296,0
06075035400,Census Tract 354,075,7140,1424,1030801,557642
06075040100,Census Tract 401,075,4315,813,419128,0
06075040200,Census Tract 402,075,4719,690,531470,0
06075042700,Census Tract 427,075,5134,509,409396,0
06075042800,Census Tract 428,075,2471,235,566490,318183
06075047600,Census Tract 476,075,5098,782,531173,0
06037601900,Census Tract 6019,037,4498,605,696655,0
06037534501,Census Tract 5345.01,037,5494,1338,669286,0
06037232120,Census Tract 2321.20,037,5199,771,521876,0
06019002000,Census Tract 20,019,6320,715,5502793,0
06019002100,Census Tract 21,019,5542,1058,1826004,0
06037502100,Census Tract 5021,037,5996,637,1936985,0
06037502200,Census Tract 5022,037,7013,829,1737123,0
06037502401,Census Tract 5024.01,037,4719,820,945481,0
06037502402,Census Tract 5024.02,037,3365,289,806529,99583
06037481604,Census Tract 4816.04,037,4000,703,623010,0
06037481712,Census Tract 4817.12,037,5269,818,736600,0
06037481713,Census Tract 4817.13,037,2892,454,466197,0
06037481714,Census Tract 4817.14,037,2595,329,455081,0
06037481800,Census Tract 4818,037,2382,228,822038,0
06037481901,Census Tract 4819.01,037,5581,547,1833961,0
06019004506,Census Tract 45.06,019,3568,802,2575321,0
06019004601,Census Tract 46.01,019,3019,666,1816550,0
06019004602,Census Tract 46.02,019,2606,364,2577355,0
06019004704,Census Tract 47.04,019,4681,526,1258540,0
06075017700,Census Tract 177,075,2946,349,904078,0
06075023400,Census Tract 234,075,3536,794,858134,0
06075025100,Census Tract 251,075,3504,580,552278,0
06075047701,Census Tract 477.01,075,4724,628,364728,0
06075060100,Census Tract 601,075,3901,645,6126570,20328116
06019003001,Census Tract 30.01,019,3238,589,2619516,0
06019003102,Census Tract 31.02,019,8238,1099,2262560,0
06079010707,Census Tract 107.07,079,5936,570,14035451,8320175
06079010403,Census Tract 104.03,079,3972,659,13280851,3943258
06085503710,Census Tract 5037.10,085,3046,519,601268,0
06085503711,Census Tract 5037.11,085,4023,651,965822,0
06075047902,Census Tract 479.02,075,3236,492,410921,0
06073016607,Census Tract 166.07,073,7167,595,3970736,130472
06079012505,Census Tract 125.05,079,4875,434,8151478,0
06019005410,Census Tract 54.10,019,3090,228,1298731,0
06079010603,Census Tract 106.03,079,1446,281,10739821,738902
06079011704,Census Tract 117.04,079,3161,319,3366565,1740404
06019005906,Census Tract 59.06,019,2110,309,71011157,0
06079011001,Census Tract 110.01,079,4925,498,8708718,0
06079990000,Census Tract 9900,079,0,14,0,703562867
06019006201,Census Tract 62.01,019,2661,457,7727989,98868
06037481500,Census Tract 4815,037,4458,484,2188073,0
06019005000,Census Tract 50,019,4225,490,2576685,13838
06019005100,Census Tract 51,019,6791,1128,2587728,0
06085503332,Census Tract 5033.32,085,5897,836,7849296,0
06085503330,Census Tract 5033.30,085,6550,674,17811691,0
06085504423,Census Tract 5044.23,085,2101,222,556890,0
06085511707,Census Tract 5117.07,085,3047,629,112950378,372433
06085511704,Census Tract 5117.04,085,4480,346,15393824,0
06085511609,Census Tract 5116.09,085,3441,485,1537877,0
06085512510,Census Tract 5125.10,085,7673,708,23158849,0
06085512509,Census Tract 5125.09,085,7855,1294,4848125,0
06085512310,Census Tract 5123.10,085,5234,819,3971870,0
06085503331,Census Tract 5033.31,085,3481,906,1365613,0
06085510600,Census Tract 5106,085,6602,992,2071917,0
06085511705,Census Tract 5117.05,085,2145,455,12543868,0
06085513000,Census Tract 5130,085,12324,702,2759138,0
06089010804,Census Tract 108.04,089,2261,186,8193981,84028
06089011002,Census Tract 110.02,089,4829,1009,10627025,47828
06089011703,Census Tract 117.03,089,2899,362,9586718,2116
06089012604,Census Tract 126.04,089,2302,346,720447871,1663062
06089010601,Census Tract 106.01,089,2576,301,5268600,2597
06089010602,Census Tract 106.02,089,5537,648,6940098,304374
06089010805,Census Tract 108.05,089,5443,600,9148321,45744
06089011403,Census Tract 114.03,089,3426,613,8131470,11405
06029006301,Census Tract 63.01,029,3550,500,15829037,0
06029004302,Census Tract 43.02,029,3855,108,3895809,0
06037481902,Census Tract 4819.02,037,3172,468,886368,1730
06037482001,Census Tract 4820.01,037,2549,279,2920360,24958
06037576601,Census Tract 5766.01,037,4204,466,488000,3566
06037294830,Census Tract 2948.30,037,3706,765,885881,0
06037106603,Census Tract 1066.03,037,3783,673,10318680,2478
06037482101,Census Tract 4821.01,037,3885,550,1152249,0
06037482102,Census Tract 4821.02,037,3131,465,1098019,0
06019001800,Census Tract 18,019,4149,490,57100702,27727
06037502500,Census Tract 5025,037,4029,459,3707186,108070
06037502602,Census Tract 5026.02,037,4040,545,1263481,0
06111005908,Census Tract 59.08,111,2725,410,1846110,0
06111005909,Census Tract 59.09,111,4102,605,1336337,0
06111006000,Census Tract 60,111,5017,559,3322074,0
06111008002,Census Tract 80.02,111,4697,565,2508608,18822
06111008004,Census Tract 80.04,111,5003,756,1620276,177575
06037134424,Census Tract 1344.24,037,2748,319,3713069,0
06111008101,Census Tract 81.01,111,3186,336,1397685,21131
06111008201,Census Tract 82.01,111,5612,785,2628397,24798
06111008202,Census Tract 82.02,111,3855,369,1352664,7930
06037500500,Census Tract 5005,037,2764,440,645194,23163
06037500700,Census Tract 5007,037,6716,751,2595407,652906
06037500402,Census Tract 5004.02,037,4616,930,1335853,0
06037500800,Census Tract 5008,037,5132,849,1825349,124267
06037500900,Census Tract 5009,037,5182,677,1473010,115356
06085512053,Census Tract 5120.53,085,4815,788,1092624,0
06019005202,Census Tract 52.02,019,3973,849,2775501,196924
06019002200,Census Tract 22,019,3842,758,1322709,0
06111008302,Census Tract 83.02,111,5092,599,1897767,21449
06111008303,Census Tract 83.03,111,4393,588,1002397,30655
06111008401,Census Tract 84.01,111,5639,830,2279385,9582
06111005305,Census Tract 53.05,111,5538,550,49856843,743352
06111005910,Census Tract 59.10,111,1824,215,4521615,0
06019002300,Census Tract 23,019,3451,633,1496252,0
06019002400,Census Tract 24,019,4801,620,2446457,0
06037480400,Census Tract 4804,037,5899,658,1285545,0
06037480500,Census Tract 4805,037,5287,574,2111457,0
06071007303,Census Tract 73.03,071,5399,792,2690527,0
06019003201,Census Tract 32.01,019,5306,1344,1635758,0
06019003202,Census Tract 32.02,019,4841,526,1606185,0
06019007802,Census Tract 78.02,019,4323,678,523797169,0
06019000501,Census Tract 5.01,019,2722,472,674649,0
06019007801,Census Tract 78.01,019,2901,616,293191917,0
06079013000,Census Tract 130,079,2486,456,915680923,29460210
06019002502,Census Tract 25.02,019,4973,1282,1294084,0
06019002601,Census Tract 26.01,019,5807,786,1307496,0
06019002602,Census Tract 26.02,019,3024,572,1303901,0
06019002800,Census Tract 28,019,4186,659,2640853,0
06019002701,Census Tract 27.01,019,4563,805,1300766,0
06075020300,Census Tract 203,075,3419,507,286010,0
06019003600,Census Tract 36,019,4122,404,1948192,0
06019003500,Census Tract 35,019,5307,856,2594950,0
06019003804,Census Tract 38.04,019,7112,1529,2591565,0
06019004205,Census Tract 42.05,019,5811,999,5093615,0
06019004211,Census Tract 42.11,019,8256,1286,2259453,0
06019004212,Census Tract 42.12,019,12016,1609,4757686,0
06019004302,Census Tract 43.02,019,4555,456,3896761,49258
06075020900,Census Tract 209,075,3746,727,312680,0
06075021000,Census Tract 210,075,3609,647,311804,0
06075021100,Census Tract 211,075,4086,405,424228,0
06075021200,Census Tract 212,075,2917,364,345793,0
06075021300,Census Tract 213,075,2427,448,312668,0
06075021400,Census Tract 214,075,3460,382,354535,0
06075021500,Census Tract 215,075,5181,685,474360,0
06075021600,Census Tract 216,075,4531,572,597918,0
06037113235,Census Tract 1132.35,037,1811,343,1426747,0
06037553100,Census Tract 5531,037,6633,876,1985053,69985
06037553300,Census Tract 5533,037,3399,548,840823,0
06037553400,Census Tract 5534,037,3381,431,733216,0
06037553502,Census Tract 5535.02,037,3453,544,1265578,0
06037553601,Census Tract 5536.01,037,4771,683,2115750,59309
06037553701,Census Tract 5537.01,037,3658,587,1002039,93877
06037554403,Census Tract 5544.03,037,5622,752,840693,0
06037554404,Census Tract 5544.04,037,4309,570,841788,0
06037554512,Census Tract 5545.12,037,6504,654,3833212,0
06037554514,Census Tract 5545.14,037,4571,563,1506540,0
06037602402,Census Tract 6024.02,037,6969,1188,1320909,0
06037602403,Census Tract 6024.03,037,3969,427,585730,0
06037602404,Census Tract 6024.04,037,5636,1095,645772,0
06059062631,Census Tract 626.31,059,3038,304,2378588,0
06037531502,Census Tract 5315.02,037,3084,463,435565,0
06037531603,Census Tract 5316.03,037,3390,478,434627,0
06037531604,Census Tract 5316.04,037,3140,416,366760,0
06037531701,Census Tract 5317.01,037,5350,803,637122,0
06037531702,Census Tract 5317.02,037,4328,788,672160,0
06037531901,Census Tract 5319.01,037,6203,918,770899,0
06037531902,Census Tract 5319.02,037,3756,521,707519,0
06037532001,Census Tract 5320.01,037,2857,482,1353759,0
06059011717,Census Tract 117.17,059,2802,325,1081862,0
06059011718,Census Tract 117.18,059,3091,219,1297265,0
06059011720,Census Tract 117.20,059,5645,707,1446303,0
06059011721,Census Tract 117.21,059,5170,600,710270,0
06037532101,Census Tract 5321.01,037,6979,1149,1383697,52358
06037532002,Census Tract 5320.02,037,3487,413,833503,0
06037532200,Census Tract 5322,037,6206,828,2805198,0
06059011722,Census Tract 117.22,059,2672,395,1395816,0
06059042312,Census Tract 423.12,059,7196,941,4100094,0
06059042313,Census Tract 423.13,059,5362,626,2382496,1922533
06059063202,Census Tract 632.02,059,3812,474,991195,0
06059063301,Census Tract 633.01,059,3132,504,925586,0
06059063302,Census Tract 633.02,059,4067,418,1352695,0
06059063400,Census Tract 634,059,4628,564,2295483,402520
06059063604,Census Tract 636.04,059,4440,485,1201713,0
06075021700,Census Tract 217,075,4432,643,1236558,0
06075021800,Census Tract 218,075,4208,502,504786,0
06075022600,Census Tract 226,075,4452,435,1280042,556866
06075022802,Census Tract 228.02,075,2103,255,291253,0
06075022902,Census Tract 229.02,075,1891,255,161833,0
06075022903,Census Tract 229.03,075,2798,543,311266,0
06075023001,Census Tract 230.01,075,5108,785,666244,0
06075023003,Census Tract 230.03,075,3812,447,409147,0
06037553702,Census Tract 5537.02,037,4559,496,833082,96800
06037553801,Census Tract 5538.01,037,3710,581,1294831,0
06037553802,Census Tract 5538.02,037,6585,969,1732522,33698
06037553901,Census Tract 5539.01,037,6092,837,1277454,0
06037554002,Census Tract 5540.02,037,5755,581,1269668,0
06037554101,Census Tract 5541.01,037,3643,438,473914,0
06037554201,Census Tract 5542.01,037,3630,365,971161,0
06037554515,Census Tract 5545.15,037,3263,386,1209028,0
06037554516,Census Tract 5545.16,037,3922,693,1453809,0
06037554518,Census Tract 5545.18,037,4993,477,1749314,57989
06037554519,Census Tract 5545.19,037,3201,652,1643430,90226
06037554521,Census Tract 5545.21,037,5809,655,4833208,114000
06037554522,Census Tract 5545.22,037,4934,694,2153694,39477
06037554700,Census Tract 5547,037,4289,535,801439,0
06037554801,Census Tract 5548.01,037,3037,445,903842,0
06037554802,Census Tract 5548.02,037,5630,579,1535465,0
06037620602,Census Tract 6206.02,037,5899,773,1348736,0
06037620701,Census Tract 6207.01,037,7033,712,1019068,0
06037620901,Census Tract 6209.01,037,2722,451,873408,0
06037621001,Census Tract 6210.01,037,4954,550,951843,0
06037621102,Census Tract 6211.02,037,3032,392,543797,0
06037532302,Census Tract 5323.02,037,4437,564,3295914,441
06037532303,Census Tract 5323.03,037,4367,651,7567381,758
06037532304,Census Tract 5323.04,037,3597,421,7939117,160920
06037532500,Census Tract 5325,037,3770,527,1013551,4649
06013359103,Census Tract 3591.03,013,5168,587,2535285,115898
06059021807,Census Tract 218.07,059,4283,483,2014761,53549
06013317000,Census Tract 3170,013,2159,325,1621417,0
06013328000,Census Tract 3280,013,2837,384,1082617,0
06001450744,Census Tract 4507.44,001,5798,626,2626683,0
06001405901,Census Tract 4059.01,001,4114,688,452598,0
06001450101,Census Tract 4501.01,001,6588,845,1811639,0
06037541100,Census Tract 5411,037,2999,497,1244459,0
06037541300,Census Tract 5413,037,6058,974,1340748,14985
06037541603,Census Tract 5416.03,037,2855,500,1256523,0
06037541604,Census Tract 5416.04,037,5276,603,829957,0
06013330000,Census Tract 3300,013,5460,479,2160863,0
06013332000,Census Tract 3320,013,7945,950,3001375,0
06013371000,Census Tract 3710,013,5782,674,1316780,0
06033000702,Census Tract 7.02,033,4586,652,121401806,783119
06013372000,Census Tract 3720,013,7270,912,1558791,0
06037554900,Census Tract 5549,037,7222,719,1757679,0
06037555001,Census Tract 5550.01,037,5158,549,1262437,25935
06037555002,Census Tract 5550.02,037,4076,526,885650,24745
06037555202,Census Tract 5552.02,037,3606,695,1067390,36623
06037555211,Census Tract 5552.11,037,6040,611,786465,0
06037555212,Census Tract 5552.12,037,5057,626,779669,30331
06037570002,Census Tract 5700.02,037,2658,310,778226,0
06037650702,Census Tract 6507.02,037,4754,471,1398966,0
06013373000,Census Tract 3730,013,4798,714,827435,0
06037651001,Census Tract 6510.01,037,5360,647,1416729,1784
06037651002,Census Tract 6510.02,037,4571,544,1184085,0
06107000402,Census Tract 4.02,107,7683,845,2603931,0
06013310000,Census Tract 3100,013,6421,609,1979515,0
06037532605,Census Tract 5326.05,037,4141,1231,524517,0
06037532700,Census Tract 5327,037,2967,436,582302,0
06037533104,Census Tract 5331.04,037,4259,772,341999,0
06037533201,Census Tract 5332.01,037,2061,335,372900,0
06037533300,Census Tract 5333,037,3126,518,346624,0
06013374000,Census Tract 3740,013,5110,747,992096,0
06013375000,Census Tract 3750,013,5367,1251,655839,0
06013376000,Census Tract 3760,013,6816,1098,1200143,0
06013377000,Census Tract 3770,013,7870,1341,1245112,0
06013383000,Census Tract 3830,013,5243,770,1341211,0
06013385200,Census Tract 3852,013,1411,242,638550,0
06037543304,Census Tract 5433.04,037,6984,1004,1610159,0
06013387000,Census Tract 3870,013,3165,359,801385,0
06107000501,Census Tract 5.01,107,6374,912,2609905,0
06107000702,Census Tract 7.02,107,5488,362,2642186,0
06107001005,Census Tract 10.05,107,2801,413,2618604,0
06111004600,Census Tract 46,111,1860,401,16905872,3407053
06013391000,Census Tract 3910,013,2636,363,1411582,0
06013315000,Census Tract 3150,013,3511,561,40332564,8873230
06113010310,Census Tract 103.10,113,6625,738,4768750,306226
06013347000,Census Tract 3470,013,6971,954,25371845,0
06013350000,Census Tract 3500,013,5826,715,8578840,431202
06013359102,Census Tract 3591.02,013,5676,569,2059638,736214
06013362000,Census Tract 3620,013,2788,433,1313232,0
06037570003,Census Tract 5700.03,037,3870,481,1144564,0
06037570100,Census Tract 5701,037,3044,497,1159348,0
06037570202,Census Tract 5702.02,037,6381,808,1673765,0
06037570203,Census Tract 5702.03,037,3708,646,1301660,0
06037570204,Census Tract 5702.04,037,4465,820,548092,0
06037570303,Census Tract 5703.03,037,3765,654,600473,15536
06037651101,Census Tract 6511.01,037,4732,532,5571430,2404
06037651102,Census Tract 6511.02,037,4179,646,839418,0
06037651201,Census Tract 6512.01,037,4391,904,1742825,0
06037651222,Census Tract 6512.22,037,6113,878,1503295,26109
06013379000,Census Tract 3790,013,7828,1295,1686712,0
06013382000,Census Tract 3820,013,8541,1308,1978219,0
06037533401,Census Tract 5334.01,037,4579,715,475012,0
06037533601,Census Tract 5336.01,037,4420,921,551607,0
06037533602,Census Tract 5336.02,037,5134,731,701805,0
06037533702,Census Tract 5337.02,037,3699,468,318552,0
06013388000,Census Tract 3880,013,2778,360,658328,0
06013389100,Census Tract 3891,013,2316,259,686208,0
06013389200,Census Tract 3892,013,1777,316,253610,0
06013390100,Census Tract 3901,013,2348,215,1009445,0
06059021809,Census Tract 218.09,059,3117,240,1646333,0
06059021810,Census Tract 218.10,059,3773,486,1551150,0
06059021814,Census Tract 218.14,059,8058,1021,4508092,0
06059042326,Census Tract 423.26,059,4385,445,1953513,0
06013390200,Census Tract 3902,013,1830,171,627505,0
06113010312,Census Tract 103.12,113,5491,636,2475137,0
06059042327,Census Tract 423.27,059,4460,537,2525164,0
06059042328,Census Tract 423.28,059,2248,446,2939702,0
06059063806,Census Tract 638.06,059,3775,627,2194611,0
06059074108,Census Tract 741.08,059,4448,594,2105914,42085
06059074109,Census Tract 741.09,059,3023,343,864506,0
06059074111,Census Tract 741.11,059,5193,771,1446085,8001
06107001006,Census Tract 10.06,107,5307,680,4309070,0
06107001200,Census Tract 12,107,1070,164,1654396,0
06107001601,Census Tract 16.01,107,5554,768,2387147,0
06059074200,Census Tract 742,059,8088,1312,1496391,0
06013333200,Census Tract 3332,013,5763,920,2377314,0
06013334001,Census Tract 3340.01,013,4077,697,1303940,0
06111002901,Census Tract 29.01,111,5680,914,4151456,176673
06111003201,Census Tract 32.01,111,4147,1086,531482,0
06085503123,Census Tract 5031.23,085,3872,462,689065,0
06013335000,Census Tract 3350,013,3494,769,1797536,0
06013336101,Census Tract 3361.01,013,4588,609,676674,0
06017990000,Census Tract 9900,017,0,14,0,134713935
06059021817,Census Tract 218.17,059,3145,381,1126161,0
06059021823,Census Tract 218.23,059,3924,524,1769637,0
06059021826,Census Tract 218.26,059,2732,363,3942272,0
06013338201,Census Tract 3382.01,013,4026,458,3687157,0
06013338301,Census Tract 3383.01,013,3034,426,1964961,0
06059042330,Census Tract 423.30,059,6681,784,1398726,0
06059042331,Census Tract 423.31,059,5077,865,2064773,0
06059042332,Census Tract 423.32,059,5495,652,4364702,0
06059042333,Census Tract 423.33,059,5583,793,4984622,0
06013311000,Census Tract 3110,013,5515,771,1623108,0
06013312000,Census Tract 3120,013,3106,433,1427713,0
06107001701,Census Tract 17.01,107,5968,597,2368718,0
06059063902,Census Tract 639.02,059,6111,816,2412511,0
06059063903,Census Tract 639.03,059,3783,453,1380223,0
06059063904,Census Tract 639.04,059,4690,736,2485026,0
06059063905,Census Tract 639.05,059,4160,436,1358398,0
06059063906,Census Tract 639.06,059,5577,1344,1062150,0
06013345101,Census Tract 3451.01,013,6648,867,2160433,0
06107001703,Census Tract 17.03,107,9290,1101,7716437,0
06107001800,Census Tract 18,107,5281,642,2554534,0
06059001202,Census Tract 12.02,059,3589,533,875901,0
06059001301,Census Tract 13.01,059,6908,741,1932897,0
06057000102,Census Tract 1.02,057,7089,817,20011269,53117
06057000802,Census Tract 8.02,057,6317,655,28909058,9642
06057000300,Census Tract 3,057,2857,541,58632339,22539
06057000105,Census Tract 1.05,057,2746,432,44003702,29143
06057000702,Census Tract 7.02,057,4062,468,49151810,17752
06057000502,Census Tract 5.02,057,4588,709,11125131,0
06057000104,Census Tract 1.04,057,3368,452,12431127,18821
06057000200,Census Tract 2,057,2588,301,195625173,383978
06057000801,Census Tract 8.01,057,5203,751,155917400,2856299
06013345102,Census Tract 3451.02,013,4114,519,1766196,0
06013352201,Census Tract 3522.01,013,6128,682,6926359,0
06013353002,Census Tract 3530.02,013,4375,393,5090860,0
06013356001,Census Tract 3560.01,013,3698,431,15768464,0
06013358000,Census Tract 3580,013,5818,710,6854575,4091308
06013990000,Census Tract 9900,013,0,14,0,86174895
06013359204,Census Tract 3592.04,013,4489,570,3417079,0
06013360200,Census Tract 3602,013,5362,992,2254311,0
06013364002,Census Tract 3640.02,013,5253,676,2113413,0
06013366001,Census Tract 3660.01,013,4016,552,1001620,0
06059021827,Census Tract 218.27,059,3048,273,8149124,0
06059021828,Census Tract 218.28,059,4125,710,5309497,0
06059021830,Census Tract 218.30,059,5699,607,3274077,0
06017031700,Census Tract 317,017,3385,465,4379997,0
06059042334,Census Tract 423.34,059,4840,755,1329826,0
06059042335,Census Tract 423.35,059,5573,545,1696594,0
06059042337,Census Tract 423.37,059,3415,468,2759568,0
06059042338,Census Tract 423.38,059,4807,889,1990835,0
06059063908,Census Tract 639.08,059,6027,811,1903626,0
06059074004,Census Tract 740.04,059,8489,1526,1346293,0
06059074005,Census Tract 740.05,059,7105,870,1281334,0
06059074006,Census Tract 740.06,059,6274,1012,672611,0
06059074102,Census Tract 741.02,059,6181,989,1139551,0
06059074103,Census Tract 741.03,059,5098,788,995672,0
06037480902,Census Tract 4809.02,037,4009,690,513493,0
06037189600,Census Tract 1896,037,3296,590,1070644,0
06037189400,Census Tract 1894,037,2977,484,1446823,0
06037181400,Census Tract 1814,037,4247,597,879184,0
06065040609,Census Tract 406.09,065,17975,2036,23104333,1284847
06065040616,Census Tract 406.16,065,10379,1042,8477461,192259
06065040813,Census Tract 408.13,065,5649,408,12837512,0
06065040814,Census Tract 408.14,065,4942,609,1088362,0
06065041910,Census Tract 419.10,065,7421,1086,11139872,2955
06065042217,Census Tract 422.17,065,5089,558,5036130,0
06013313102,Census Tract 3131.02,013,4732,590,1949097,27064
06013314102,Census Tract 3141.02,013,6523,906,4687850,875445
06013316000,Census Tract 3160,013,1334,171,1507028,1370458
06013366002,Census Tract 3660.02,013,6252,772,1036483,0
06059001303,Census Tract 13.03,059,6225,739,1179647,0
06059001304,Census Tract 13.04,059,3227,393,1252716,0
06059001401,Census Tract 14.01,059,5350,446,1605183,3669
06013367200,Census Tract 3672,013,5617,805,1322255,0
06037578100,Census Tract 5781,037,2273,47,1717560,0
06037702900,Census Tract 7029,037,9176,1594,2209652,1546421
